Make,Colour,Odometer,Doors,Price
Toyota,White,150043.0,4.0,"$4,000"
Honda,Red,87899.0,4.0,"$5,000"
Toyota,Blue,,3.0,"$7,000"
BMW,Black,11179.0,5.0,"$22,000"
Nissan,White,213095.0,4.0,"$3,500"
Toyota,Green,,4.0,"$4,500"
Honda,,,4.0,"$7,500"
Honda,Blue,,4.0,
Toyota,White,60000.0,,
,White,31600.0,4.0,"$9,700"
Honda,White,115842.0,4.0,"$7,900"
Honda,White,123089.0,4.0,"$12,600"
Nissan,Black,98887.0,4.0,"$7,000"
Honda,Red,167802.0,4.0,"$8,100"
Toyota,Red,73587.0,4.0,"$12,900"
Nissan,Silver,86048.0,4.0,"$6,900"
Toyota,Blue,110582.0,4.0,"$3,400"
Nissan,White,15404.0,4.0,"$9,900"
Nissan,Blue,55281.0,4.0,"$10,300"
Toyota,Blue,50782.0,5.0,"$8,500"
Honda,Red,162351.0,4.0,"$5,300"
Honda,Blue,95241.0,4.0,"$5,000"
Nissan,Black,81514.0,4.0,"$8,800"
BMW,Black,16658.0,3.0,"$29,300"
Toyota,Red,66766.0,5.0,"$11,300"
Honda,Blue,63118.0,4.0,"$16,300"
Honda,Black,91352.0,4.0,"$6,500"
Toyota,Black,140772.0,4.0,"$4,500"
Toyota,Green,108860.0,5.0,"$3,400"
Nissan,Blue,37621.0,4.0,"$10,800"
Toyota,White,136400.0,,"$8,900"
Toyota,White,91986.0,4.0,"$9,500"
Toyota,Black,21116.0,5.0,"$12,400"
Honda,Black,69889.0,5.0,"$14,600"
Honda,Red,108493.0,4.0,"$3,300"
Toyota,White,114852.0,3.0,"$7,300"
Toyota,White,62800.0,4.0,"$13,800"
Honda,Black,141487.0,4.0,"$10,100"
Nissan,Black,65003.0,4.0,"$8,400"
Toyota,White,115225.0,5.0,"$13,200"
Nissan,White,85166.0,4.0,"$7,600"
Honda,Silver,38895.0,4.0,"$8,400"
Nissan,Blue,157501.0,4.0,"$8,200"
Toyota,Green,94255.0,5.0,"$13,600"
BMW,Black,80188.0,5.0,"$21,200"
BMW,Grey,80178.0,5.0,"$35,200"
Toyota,White,96137.0,5.0,"$16,000"
Nissan,Silver,3000.0,5.0,"$14,800"
Toyota,Red,102526.0,4.0,"$8,900"
Toyota,White,102771.0,4.0,"$3,600"
Toyota,White,86577.0,4.0,"$11,900"
Honda,Silver,162938.0,4.0,"$4,600"
Honda,Blue,53192.0,4.0,"$9,700"
Toyota,White,145600.0,3.0,"$8,100"
Toyota,Blue,70452.0,4.0,"$13,100"
Toyota,Black,103048.0,3.0,"$12,400"
Toyota,Black,61493.0,4.0,"$11,100"
BMW,Black,48531.0,4.0,"$16,700"
Nissan,Blue,128582.0,4.0,"$6,700"
Toyota,Red,98265.0,5.0,"$10,000"
Honda,Black,24062.0,,"$11,600"
Honda,Silver,75549.0,4.0,"$7,900"
Nissan,Blue,102968.0,4.0,"$8,300"
Toyota,Red,196081.0,4.0,"$6,000"
Nissan,Black,126422.0,5.0,"$6,900"
Toyota,White,3000.0,4.0,"$14,600"
Honda,White,94891.0,5.0,"$17,400"
Nissan,Black,101227.0,5.0,"$9,000"
Toyota,Blue,96194.0,4.0,"$6,500"
Toyota,Red,157426.0,4.0,"$9,700"
Nissan,White,156297.0,5.0,"$3,100"
BMW,Grey,123917.0,,"$14,000"
Nissan,Black,144863.0,4.0,"$11,200"
Nissan,Blue,56529.0,5.0,"$8,600"
Nissan,White,117580.0,5.0,"$6,000"
Toyota,Green,17365.0,4.0,
Honda,Red,41009.0,4.0,"$13,100"
Toyota,White,50189.0,5.0,"$18,100"
Nissan,Red,68137.0,4.0,"$7,900"
Toyota,Black,140302.0,4.0,"$4,500"
Toyota,Black,109827.0,4.0,"$14,000"
BMW,Black,3000.0,4.0,
Honda,Black,104474.0,4.0,"$11,400"
Toyota,Black,33678.0,4.0,"$9,200"
Honda,Red,117053.0,4.0,"$9,000"
Honda,Black,104023.0,4.0,"$10,200"
Toyota,Black,62638.0,4.0,"$12,800"
Honda,Blue,106067.0,5.0,"$7,300"
Nissan,Red,216483.0,4.0,"$3,000"
Nissan,Red,45287.0,4.0,"$11,500"
Nissan,Blue,57417.0,4.0,"$11,400"
Toyota,White,158246.0,4.0,"$4,700"
Toyota,White,148095.0,5.0,"$9,900"
Toyota,Red,140747.0,3.0,"$13,200"
Toyota,White,85239.0,3.0,"$7,500"
BMW,Black,27640.0,5.0,"$22,600"
Honda,Black,88299.0,5.0,"$11,600"
BMW,Black,76621.0,5.0,"$31,000"
Toyota,Green,98676.0,3.0,"$13,200"
Nissan,White,97179.0,4.0,"$14,600"
Honda,Silver,122032.0,4.0,"$5,500"
Toyota,Black,42313.0,4.0,"$14,600"
Honda,Black,81273.0,4.0,"$12,300"
Toyota,Black,122608.0,5.0,"$9,700"
Nissan,Black,64579.0,5.0,"$6,000"
Toyota,Red,74781.0,3.0,"$13,000"
Toyota,Green,109132.0,5.0,"$5,700"
Nissan,White,121698.0,5.0,"$8,100"
Nissan,Blue,62503.0,4.0,"$9,500"
BMW,Grey,,5.0,"$18,400"
Nissan,White,132036.0,5.0,"$8,100"
Nissan,Black,172650.0,5.0,"$7,600"
Honda,Blue,25871.0,4.0,"$9,700"
Nissan,Red,140841.0,4.0,"$6,700"
Honda,Red,116722.0,5.0,"$20,400"
Toyota,Green,127686.0,4.0,"$11,700"
Nissan,Blue,165424.0,5.0,"$6,700"
Nissan,White,94344.0,5.0,"$10,300"
Nissan,Red,68721.0,4.0,"$8,100"
Honda,Red,68702.0,5.0,"$11,400"
BMW,Black,162215.0,4.0,"$8,700"
Toyota,White,133685.0,4.0,"$3,400"
Honda,Blue,69347.0,4.0,"$13,800"
Honda,Blue,95085.0,5.0,"$6,700"
Toyota,Black,60804.0,4.0,"$14,300"
Nissan,Black,71099.0,4.0,"$9,500"
Honda,Red,94187.0,4.0,"$7,300"
Nissan,White,232060.0,5.0,"$3,500"
Toyota,Blue,3000.0,5.0,"$15,900"
Toyota,White,63587.0,4.0,"$14,500"
Toyota,Green,56788.0,4.0,"$11,100"
Toyota,Blue,124259.0,4.0,"$11,700"
Nissan,Black,44783.0,4.0,"$9,300"
BMW,Grey,45052.0,4.0,"$21,900"
Nissan,Red,210865.0,5.0,"$3,800"
BMW,Grey,12042.0,4.0,"$33,700"
Toyota,Green,208352.0,4.0,"$7,600"
BMW,White,3000.0,4.0,"$25,000"
Nissan,Blue,182947.0,5.0,"$2,500"
Nissan,Blue,136853.0,5.0,"$8,300"
BMW,Blue,26068.0,5.0,"$27,300"
Nissan,Silver,3000.0,4.0,"$9,300"
Nissan,Silver,97856.0,4.0,"$4,300"
Honda,Red,170355.0,4.0,"$2,500"
Toyota,,75117.0,4.0,"$11,500"
Toyota,White,172946.0,3.0,"$2,500"
Honda,Silver,147831.0,4.0,"$6,900"
Nissan,Black,57035.0,5.0,"$11,500"
Honda,Silver,101554.0,4.0,"$7,300"
Nissan,White,115908.0,4.0,"$5,700"
Nissan,Red,118356.0,5.0,"$8,800"
Toyota,White,180472.0,4.0,"$2,500"
BMW,Grey,154587.0,4.0,"$8,300"
BMW,Black,58625.0,4.0,"$29,600"
Toyota,White,112611.0,4.0,"$7,500"
Nissan,Silver,100345.0,4.0,"$6,200"
,Red,78995.0,4.0,"$10,400"
Honda,White,109136.0,4.0,"$6,600"
Nissan,Silver,162377.0,4.0,"$5,300"
Honda,Black,131017.0,5.0,"$10,400"
Toyota,Black,54892.0,3.0,"$9,700"
Toyota,Blue,136859.0,4.0,"$10,300"
Toyota,Black,96913.0,4.0,"$10,800"
Toyota,White,164438.0,3.0,"$4,300"
Honda,White,118260.0,5.0,"$8,300"
BMW,Black,55857.0,4.0,"$33,000"
Toyota,Red,140921.0,4.0,"$10,600"
BMW,Blue,119830.0,4.0,"$22,800"
Toyota,Black,133461.0,4.0,"$7,700"
Nissan,Silver,130153.0,5.0,"$6,400"
BMW,Blue,69073.0,5.0,"$29,600"
Toyota,White,55452.0,4.0,"$18,900"
BMW,Black,22747.0,3.0,"$18,600"
Toyota,Black,158221.0,4.0,"$10,100"
BMW,Blue,91213.0,5.0,"$28,700"
Honda,Blue,91412.0,4.0,"$6,800"
Nissan,Red,116245.0,4.0,"$4,700"
BMW,Grey,105955.0,5.0,"$23,000"
Nissan,Black,65772.0,4.0,"$8,400"
Nissan,Silver,135124.0,4.0,"$4,300"
Toyota,Green,55244.0,4.0,"$12,300"
Nissan,Silver,125718.0,4.0,"$4,900"
Toyota,Black,73506.0,4.0,"$12,300"
Honda,Black,22491.0,4.0,"$8,700"
Honda,Silver,57514.0,5.0,"$11,200"
Nissan,Silver,129410.0,4.0,"$9,900"
Nissan,Silver,160028.0,4.0,"$4,200"
Honda,Blue,91087.0,5.0,"$7,200"
Honda,White,91111.0,4.0,"$8,700"
Toyota,White,114781.0,4.0,"$6,800"
Honda,White,116928.0,4.0,"$12,900"
Toyota,Red,92344.0,4.0,"$11,600"
Toyota,Green,133887.0,5.0,"$7,200"
Toyota,Red,109652.0,4.0,"$9,500"
BMW,Grey,,3.0,"$19,100"
Honda,Red,93176.0,4.0,"$10,800"
Toyota,Black,173459.0,4.0,"$9,900"
Nissan,Black,232578.0,4.0,"$2,500"
Toyota,Blue,143360.0,4.0,"$8,600"
Toyota,Blue,211869.0,4.0,"$2,500"
Honda,Black,51693.0,5.0,"$10,500"
BMW,Grey,3000.0,4.0,"$24,700"
Honda,Red,55561.0,4.0,"$11,500"
Nissan,Red,131138.0,5.0,"$11,400"
BMW,Black,104917.0,5.0,"$20,500"
Toyota,Black,51282.0,3.0,"$13,300"
Honda,Silver,28628.0,4.0,"$18,000"
Honda,Black,148613.0,4.0,"$5,600"
Honda,Silver,9769.0,4.0,"$17,500"
BMW,Silver,60189.0,5.0,"$34,300"
Toyota,Red,15089.0,4.0,"$12,000"
Nissan,Blue,112293.0,4.0,"$6,900"
Toyota,Black,74596.0,5.0,"$14,200"
Toyota,Green,42483.0,5.0,"$12,300"
Toyota,Green,104255.0,5.0,"$11,500"
BMW,Silver,94887.0,3.0,"$15,700"
Toyota,Blue,18226.0,4.0,"$18,000"
BMW,Blue,78957.0,5.0,"$20,400"
Honda,Blue,166455.0,4.0,"$6,300"
Nissan,Silver,178040.0,4.0,"$4,000"
Honda,Red,190915.0,4.0,"$9,900"
Toyota,Green,85053.0,3.0,"$12,300"
Nissan,Red,148141.0,5.0,"$9,200"
Toyota,Blue,47823.0,4.0,"$14,700"
Nissan,Blue,171271.0,4.0,"$2,500"
Honda,Red,35203.0,5.0,"$6,600"
Toyota,White,83990.0,4.0,"$13,100"
Nissan,Black,196131.0,4.0,"$3,300"
Honda,Blue,170173.0,4.0,"$2,500"
BMW,Grey,3000.0,5.0,"$28,400"
Honda,Blue,110435.0,4.0,"$8,500"
Nissan,Silver,3000.0,5.0,"$12,500"
Honda,Silver,29385.0,4.0,"$14,500"
Honda,White,109596.0,4.0,"$5,800"
Nissan,White,83223.0,5.0,"$6,100"
Toyota,Green,94740.0,4.0,"$12,700"
Toyota,Black,46742.0,4.0,"$14,400"
Honda,Silver,66547.0,5.0,"$9,000"
Toyota,Green,92434.0,5.0,"$7,100"
Nissan,Red,80995.0,5.0,"$5,700"
Toyota,Red,200165.0,4.0,"$5,400"
Nissan,Red,72815.0,4.0,"$9,100"
Nissan,Blue,105709.0,4.0,"$6,500"
Nissan,Blue,146393.0,4.0,"$7,100"
Nissan,Blue,82291.0,4.0,"$6,700"
Toyota,Green,83697.0,4.0,"$2,800"
Nissan,Black,27149.0,5.0,"$15,300"
Nissan,Silver,204118.0,4.0,"$2,500"
BMW,White,89215.0,5.0,"$26,800"
BMW,Black,194312.0,5.0,"$27,300"
Nissan,Silver,104836.0,5.0,"$5,400"
Toyota,,14464.0,4.0,"$14,100"
Toyota,Black,58669.0,3.0,"$6,800"
,Red,64378.0,4.0,"$8,200"
Honda,Silver,172982.0,4.0,"$8,400"
Toyota,Black,97585.0,4.0,"$15,100"
BMW,Silver,68249.0,5.0,"$20,200"
Nissan,Blue,197294.0,4.0,"$4,200"
Honda,Silver,42212.0,4.0,"$11,300"
Toyota,Black,52467.0,3.0,"$7,200"
Nissan,Black,163865.0,4.0,"$9,600"
Nissan,Black,33680.0,4.0,"$12,200"
Toyota,White,64166.0,4.0,"$10,200"
Nissan,Black,78825.0,4.0,"$6,300"
Nissan,Silver,114717.0,4.0,"$4,600"
Nissan,Blue,127145.0,4.0,"$5,900"
Honda,Blue,80530.0,4.0,"$7,200"
Toyota,Green,,5.0,"$14,000"
Toyota,Black,124047.0,4.0,"$6,000"
Nissan,Blue,117562.0,4.0,"$8,500"
Nissan,Blue,18513.0,4.0,"$12,600"
Honda,Silver,60194.0,4.0,"$12,700"
Nissan,Silver,69257.0,4.0,"$4,200"
Toyota,Blue,13367.0,4.0,"$14,300"
Honda,Silver,104466.0,4.0,"$6,200"
Honda,Silver,122652.0,4.0,"$3,100"
Nissan,Silver,108299.0,4.0,
BMW,Black,37622.0,4.0,"$27,000"
Toyota,Red,53258.0,3.0,"$10,000"
Honda,Black,140302.0,4.0,"$5,700"
Toyota,Red,141455.0,5.0,"$5,100"
Honda,Blue,117430.0,5.0,"$13,300"
Nissan,Black,3000.0,5.0,"$10,800"
BMW,Grey,89237.0,5.0,"$23,400"
Toyota,Blue,117299.0,4.0,"$7,300"
Honda,,96156.0,5.0,
Nissan,Silver,177395.0,4.0,"$4,500"
Toyota,White,115555.0,5.0,"$8,800"
Honda,Red,68594.0,5.0,"$9,800"
Toyota,White,118511.0,4.0,"$7,900"
Toyota,Green,113068.0,4.0,"$15,400"
Toyota,Black,143298.0,3.0,"$6,300"
Nissan,Blue,179267.0,4.0,"$2,600"
BMW,Blue,3000.0,5.0,"$22,300"
Honda,Blue,3000.0,4.0,"$12,600"
Toyota,Black,98957.0,5.0,"$16,400"
Honda,Red,107692.0,5.0,"$8,600"
Nissan,White,158446.0,4.0,"$2,500"
Honda,White,103309.0,4.0,"$11,300"
Honda,Silver,21027.0,5.0,"$17,000"
Nissan,White,130955.0,4.0,"$4,900"
Toyota,Black,130904.0,4.0,"$16,100"
Toyota,Red,107457.0,3.0,"$9,500"
Honda,Silver,,4.0,"$8,000"
Honda,Red,131856.0,5.0,"$5,600"
Toyota,Blue,101721.0,3.0,"$7,500"
Honda,Silver,114991.0,4.0,"$9,400"
Toyota,Black,151952.0,4.0,"$6,200"
Honda,Red,79046.0,4.0,"$7,000"
Toyota,Blue,74896.0,3.0,"$11,500"
Honda,Black,128335.0,4.0,"$5,200"
Toyota,Blue,143219.0,4.0,"$12,400"
BMW,Blue,82364.0,4.0,"$36,600"
Nissan,Blue,68667.0,5.0,"$6,300"
BMW,Silver,3000.0,5.0,"$38,600"
Toyota,Red,132027.0,3.0,"$7,400"
Honda,White,105438.0,4.0,"$5,500"
Nissan,Blue,248962.0,4.0,"$2,500"
Honda,Blue,97250.0,5.0,"$12,100"
Toyota,Blue,123012.0,4.0,"$9,700"
Honda,Red,54057.0,4.0,"$12,500"
Toyota,Green,195865.0,5.0,"$9,900"
Nissan,Red,201218.0,4.0,"$2,500"
Toyota,Green,46540.0,3.0,"$10,600"
BMW,White,67340.0,3.0,"$31,300"
Nissan,White,17221.0,5.0,"$16,000"
Nissan,Black,103151.0,5.0,"$7,000"
Toyota,Black,45370.0,4.0,"$7,600"
Toyota,White,140804.0,4.0,"$8,400"
Nissan,Silver,39762.0,4.0,"$6,900"
BMW,Silver,50897.0,4.0,"$36,800"
Toyota,Black,84501.0,4.0,"$6,200"
Nissan,White,98238.0,4.0,"$6,800"
Honda,Silver,3000.0,4.0,"$13,500"
Nissan,Blue,99067.0,4.0,"$9,200"
Toyota,Red,194145.0,3.0,"$8,200"
Nissan,Red,,5.0,"$5,200"
Nissan,Black,256108.0,4.0,"$2,500"
Honda,Red,92668.0,4.0,"$9,200"
Nissan,White,123092.0,4.0,"$5,900"
Honda,White,64464.0,5.0,"$9,800"
BMW,Blue,63624.0,5.0,"$22,400"
Honda,Red,57783.0,4.0,"$11,300"
,Silver,79761.0,5.0,"$15,300"
Toyota,White,3000.0,4.0,"$18,200"
Toyota,Blue,162796.0,4.0,"$2,500"
Toyota,Blue,80180.0,3.0,"$8,900"
Toyota,Green,24809.0,4.0,"$10,400"
Honda,Silver,38692.0,4.0,"$17,300"
Honda,Silver,136912.0,4.0,"$11,200"
Honda,White,126640.0,4.0,"$4,500"
BMW,White,42970.0,4.0,"$29,500"
BMW,,13670.0,5.0,"$33,200"
Honda,Red,80464.0,5.0,"$9,400"
Toyota,White,134969.0,5.0,"$10,600"
Nissan,White,91785.0,4.0,"$10,800"
Honda,Black,40108.0,4.0,"$14,000"
Nissan,Blue,145213.0,5.0,"$5,100"
Toyota,Red,114958.0,4.0,"$5,200"
Nissan,Silver,163745.0,4.0,"$4,000"
Toyota,White,70818.0,,"$15,500"
Toyota,White,61374.0,3.0,"$6,500"
Nissan,Black,24828.0,4.0,"$12,700"
Honda,Silver,30539.0,4.0,"$17,700"
Honda,Red,,4.0,"$18,600"
Toyota,Black,108972.0,4.0,"$9,600"
,White,42113.0,5.0,"$29,600"
Nissan,Red,109892.0,4.0,"$9,700"
BMW,Silver,69797.0,4.0,"$26,000"
Toyota,Black,79092.0,3.0,"$10,200"
Toyota,Green,114005.0,4.0,"$3,300"
Nissan,Black,36501.0,4.0,"$12,500"
Honda,Blue,100201.0,4.0,"$8,500"
Toyota,Red,98958.0,3.0,"$10,200"
Nissan,White,81773.0,4.0,"$6,200"
Honda,Red,101400.0,4.0,"$5,900"
Honda,White,111596.0,5.0,"$4,100"
Toyota,Blue,151516.0,3.0,"$8,200"
Nissan,White,126337.0,4.0,"$8,700"
Nissan,White,205266.0,4.0,"$5,100"
Honda,Black,3638.0,5.0,"$10,700"
Toyota,Black,65509.0,5.0,"$12,700"
Toyota,Blue,124918.0,3.0,"$5,700"
Nissan,Black,122458.0,4.0,"$4,600"
Toyota,White,66201.0,4.0,"$7,200"
Honda,Red,47684.0,4.0,"$7,400"
BMW,Black,24013.0,5.0,"$34,900"
Toyota,Blue,48631.0,5.0,"$21,600"
Toyota,Black,123652.0,5.0,"$10,500"
Honda,Blue,50798.0,5.0,"$14,200"
Toyota,Black,68066.0,4.0,"$12,200"
Toyota,Blue,231124.0,5.0,"$4,300"
Toyota,Green,157762.0,5.0,"$5,100"
Nissan,Black,110040.0,4.0,"$11,700"
Toyota,Black,65397.0,4.0,
Nissan,Silver,151634.0,5.0,"$4,300"
Nissan,Silver,147414.0,4.0,"$7,800"
Toyota,Red,130334.0,4.0,"$3,500"
Toyota,White,60188.0,4.0,"$11,200"
Toyota,Green,94129.0,3.0,"$10,800"
Toyota,Green,107240.0,5.0,"$5,500"
Toyota,Red,117770.0,4.0,"$11,100"
Honda,White,118869.0,4.0,"$11,500"
Toyota,Green,141363.0,4.0,"$8,900"
BMW,Grey,62053.0,4.0,"$14,500"
,White,112621.0,4.0,"$9,100"
Toyota,Blue,112122.0,4.0,"$5,400"
Honda,Red,40109.0,4.0,"$14,900"
Toyota,Green,95943.0,3.0,"$10,900"
Toyota,Red,99472.0,5.0,"$10,800"
Honda,Silver,137037.0,5.0,"$6,600"
Toyota,Black,102998.0,5.0,"$9,400"
Toyota,Blue,75406.0,4.0,"$10,200"
BMW,White,74329.0,3.0,"$20,800"
Honda,Red,,4.0,"$3,800"
Nissan,White,101535.0,5.0,"$6,900"
Toyota,White,173242.0,4.0,"$7,300"
Honda,Black,141528.0,4.0,"$2,900"
Honda,Red,104818.0,4.0,"$11,400"
Nissan,Red,116607.0,4.0,"$9,200"
Toyota,Green,71101.0,4.0,"$15,300"
Nissan,Black,240738.0,4.0,"$2,500"
Toyota,Black,74833.0,5.0,"$16,800"
Honda,Red,167819.0,4.0,"$4,200"
Toyota,Red,76150.0,3.0,"$9,300"
Toyota,Red,28088.0,4.0,"$10,400"
Nissan,Blue,,4.0,"$7,400"
Toyota,,96196.0,4.0,"$11,000"
BMW,Blue,130121.0,4.0,"$15,600"
Honda,,139247.0,5.0,"$7,400"
Honda,Silver,89625.0,4.0,"$11,700"
Nissan,Red,49127.0,4.0,"$10,600"
Nissan,Black,121321.0,4.0,"$7,900"
Honda,Black,105880.0,4.0,"$16,400"
Nissan,Black,76286.0,4.0,"$7,300"
Toyota,Blue,65596.0,4.0,"$9,900"
Nissan,Blue,76306.0,4.0,"$11,600"
Honda,Black,160184.0,4.0,"$4,800"
BMW,Grey,30041.0,5.0,"$30,600"
Toyota,Blue,69284.0,4.0,"$13,500"
Nissan,White,123363.0,5.0,"$3,100"
Toyota,Blue,178470.0,5.0,"$12,800"
Honda,Black,62586.0,5.0,"$10,600"
Toyota,Red,112865.0,5.0,"$11,100"
Toyota,Blue,132244.0,4.0,"$15,000"
Toyota,Black,88798.0,5.0,"$9,000"
Honda,Blue,25792.0,4.0,"$10,300"
Toyota,White,96277.0,5.0,"$16,700"
Nissan,Silver,83013.0,4.0,"$8,800"
Toyota,Green,97146.0,3.0,"$12,400"
Toyota,Green,229400.0,4.0,"$2,500"
Toyota,Black,72549.0,4.0,"$14,900"
Nissan,Blue,150185.0,4.0,"$9,800"
,Blue,89524.0,5.0,"$22,400"
Toyota,White,128714.0,5.0,"$13,000"
BMW,Blue,99460.0,4.0,"$26,900"
Nissan,Black,171733.0,4.0,"$7,300"
Toyota,Red,169872.0,3.0,"$7,800"
Toyota,Green,89309.0,3.0,"$9,500"
Nissan,White,179564.0,4.0,"$2,500"
Honda,Silver,109696.0,5.0,"$8,200"
Nissan,Blue,113609.0,5.0,"$10,700"
Toyota,Black,107937.0,5.0,"$10,800"
Nissan,Silver,35848.0,4.0,"$12,400"
Toyota,Black,131565.0,5.0,"$16,400"
Nissan,White,94764.0,5.0,"$8,900"
Honda,Blue,103970.0,4.0,"$13,600"
Toyota,Green,93044.0,,"$10,600"
Honda,Silver,121179.0,4.0,"$8,700"
Nissan,Blue,86999.0,5.0,"$9,200"
,White,143534.0,4.0,"$4,000"
Honda,White,98382.0,4.0,"$7,100"
Toyota,Blue,160142.0,4.0,"$2,500"
Toyota,Green,68936.0,4.0,"$12,100"
Nissan,,199669.0,4.0,"$2,600"
Honda,Silver,65350.0,4.0,"$16,400"
Honda,Red,22495.0,5.0,"$6,700"
Toyota,Red,120880.0,3.0,"$6,500"
Nissan,Silver,54810.0,4.0,"$11,400"
Toyota,Red,110677.0,4.0,"$7,600"
Toyota,White,31424.0,4.0,"$16,100"
BMW,Grey,,4.0,"$23,300"
Toyota,White,194025.0,4.0,"$2,500"
Toyota,Red,18672.0,4.0,"$11,600"
Nissan,Blue,109447.0,5.0,"$8,200"
BMW,Silver,54868.0,4.0,
Toyota,Black,32919.0,3.0,"$17,200"
Honda,Silver,88056.0,4.0,"$13,100"
Toyota,Blue,115821.0,5.0,"$11,500"
Nissan,White,143906.0,4.0,"$6,500"
Nissan,Silver,147992.0,4.0,"$8,700"
Toyota,Blue,108219.0,5.0,"$12,600"
Toyota,Blue,93333.0,4.0,"$15,000"
Honda,White,59533.0,4.0,"$16,400"
BMW,Blue,63313.0,4.0,"$16,000"
BMW,Blue,70380.0,3.0,"$19,600"
Honda,White,132350.0,4.0,"$5,600"
Honda,Blue,70583.0,5.0,"$5,500"
Honda,White,70289.0,4.0,"$3,200"
Toyota,White,15637.0,5.0,"$17,200"
Toyota,Green,138861.0,4.0,"$8,900"
Nissan,White,57849.0,4.0,"$9,300"
Nissan,Black,111798.0,5.0,"$4,700"
Honda,Silver,164163.0,4.0,"$8,800"
Nissan,Red,99626.0,,"$7,300"
Honda,White,102002.0,4.0,"$2,900"
Nissan,Blue,98158.0,4.0,"$5,700"
Honda,White,43922.0,5.0,"$11,600"
Honda,Red,178288.0,4.0,"$7,200"
Toyota,Green,68298.0,4.0,"$12,700"
,Green,170766.0,4.0,"$9,000"
Nissan,Blue,115339.0,4.0,"$4,900"
Toyota,Black,134307.0,4.0,"$9,900"
BMW,Black,102598.0,5.0,"$28,500"
Nissan,Blue,170774.0,4.0,"$2,600"
Honda,Blue,155234.0,4.0,
Toyota,Black,205913.0,4.0,"$3,100"
Nissan,Blue,209213.0,5.0,"$3,400"
Toyota,Blue,64126.0,5.0,"$10,900"
BMW,Blue,51545.0,5.0,"$29,300"
Honda,Blue,117096.0,5.0,"$7,200"
Honda,Blue,90830.0,5.0,"$16,600"
Honda,Blue,174922.0,5.0,"$7,500"
Honda,White,93824.0,4.0,"$9,800"
Honda,Black,121448.0,4.0,"$5,200"
BMW,White,54190.0,5.0,"$15,600"
Honda,Red,111162.0,4.0,"$10,400"
Honda,Blue,68807.0,4.0,"$15,200"
Honda,White,,4.0,"$7,800"
Nissan,Blue,124569.0,4.0,"$8,900"
Nissan,White,206299.0,,"$2,500"
Nissan,Black,172406.0,5.0,"$4,800"
Nissan,Black,102332.0,4.0,"$9,800"
Toyota,Green,131920.0,4.0,"$2,900"
Toyota,White,174780.0,5.0,"$11,700"
Honda,White,61972.0,4.0,"$12,100"
Honda,Black,115713.0,4.0,"$9,300"
Toyota,Red,69384.0,5.0,"$9,900"
Nissan,Black,110568.0,4.0,"$10,200"
Nissan,White,142441.0,4.0,"$4,400"
Honda,White,129041.0,4.0,"$2,500"
Honda,Silver,147140.0,4.0,"$2,500"
Honda,Blue,74602.0,4.0,"$6,900"
Nissan,Red,39497.0,4.0,"$13,100"
Nissan,Black,85808.0,4.0,"$9,200"
Nissan,Silver,109372.0,4.0,"$8,200"
Honda,White,95687.0,4.0,"$5,500"
Toyota,Black,149805.0,4.0,"$6,400"
Honda,Blue,17284.0,4.0,"$11,700"
Toyota,White,176039.0,3.0,"$8,300"
,Grey,50356.0,3.0,"$22,700"
Nissan,White,93988.0,4.0,"$13,100"
Nissan,Blue,133388.0,5.0,"$7,600"
Nissan,Silver,169695.0,4.0,"$4,800"
Honda,Silver,79565.0,4.0,"$9,500"
Honda,Red,88563.0,5.0,"$10,100"
Toyota,Black,135836.0,3.0,"$7,900"
Toyota,White,,5.0,"$8,800"
Toyota,Black,102089.0,4.0,"$3,800"
Toyota,Green,145649.0,4.0,"$8,400"
Honda,Silver,139904.0,4.0,"$2,500"
Toyota,Blue,206595.0,3.0,"$3,700"
Honda,Red,145192.0,5.0,"$4,400"
Toyota,Red,129864.0,3.0,"$4,300"
Honda,Red,62059.0,4.0,"$16,500"
Honda,Silver,82847.0,4.0,"$10,600"
Honda,White,133763.0,5.0,"$9,700"
BMW,Silver,71317.0,3.0,"$26,500"
Toyota,Red,222977.0,4.0,"$4,000"
Nissan,Silver,123261.0,5.0,"$9,800"
BMW,Black,111432.0,5.0,"$31,700"
Toyota,Green,131213.0,5.0,"$5,000"
BMW,Blue,133604.0,5.0,"$15,200"
Toyota,Red,113737.0,4.0,"$6,900"
Toyota,Black,94664.0,4.0,"$11,600"
Honda,Silver,107425.0,4.0,"$10,100"
,Blue,169458.0,4.0,"$7,100"
Honda,Black,80280.0,5.0,"$13,800"
Honda,Blue,149094.0,5.0,"$3,800"
Nissan,Blue,145454.0,4.0,"$7,000"
Nissan,Red,95336.0,4.0,"$11,000"
Toyota,White,90197.0,3.0,
Toyota,Black,89000.0,4.0,"$10,900"
Toyota,Blue,40993.0,4.0,"$8,200"
Honda,White,168536.0,4.0,"$3,300"
Honda,Blue,44413.0,4.0,"$5,200"
Nissan,Black,76218.0,5.0,"$6,000"
Nissan,Blue,203952.0,5.0,"$5,800"
Nissan,Silver,73463.0,4.0,"$14,600"
Toyota,White,149051.0,4.0,"$6,800"
Nissan,White,3000.0,4.0,"$17,900"
Toyota,Green,25742.0,4.0,"$7,600"
Toyota,Blue,151173.0,5.0,"$16,200"
Nissan,Black,189519.0,4.0,"$4,900"
Nissan,Silver,145306.0,4.0,"$7,500"
Honda,Silver,128428.0,4.0,"$8,700"
Toyota,Black,103418.0,3.0,"$9,000"
Toyota,White,58793.0,5.0,"$11,800"
Toyota,Green,9966.0,4.0,"$13,300"
Nissan,Blue,56638.0,4.0,"$6,500"
Honda,Silver,100634.0,4.0,"$13,300"
Nissan,White,163425.0,5.0,"$2,500"
Honda,White,44497.0,4.0,"$14,500"
Honda,White,44840.0,4.0,"$11,000"
Toyota,Black,126602.0,3.0,"$5,100"
Honda,White,97058.0,4.0,"$5,200"
Honda,Red,63134.0,4.0,"$11,600"
Nissan,Red,22792.0,4.0,"$12,000"
,Silver,64175.0,4.0,"$28,900"
BMW,Black,74404.0,4.0,"$33,900"
Nissan,Silver,119012.0,4.0,"$5,400"
Toyota,Red,104359.0,4.0,"$11,500"
Nissan,Blue,114736.0,5.0,"$7,500"
Toyota,Black,61496.0,3.0,"$9,100"
Honda,White,24674.0,4.0,"$17,900"
Toyota,Black,33319.0,4.0,"$11,200"
Nissan,Black,71769.0,5.0,"$12,000"
Toyota,Red,82662.0,4.0,"$14,800"
Honda,Blue,59672.0,4.0,"$11,800"
BMW,Grey,29915.0,5.0,"$41,500"
Toyota,Green,36244.0,3.0,"$12,500"
Toyota,Red,130956.0,5.0,"$10,500"
Toyota,Red,88365.0,4.0,"$10,100"
BMW,Blue,66840.0,5.0,"$24,900"
Nissan,Blue,165977.0,4.0,"$10,000"
Nissan,White,80780.0,5.0,"$5,400"
Nissan,Silver,,4.0,"$13,800"
Nissan,Red,66994.0,4.0,"$13,100"
BMW,Black,135463.0,4.0,"$18,500"
Honda,White,119311.0,4.0,"$13,100"
Toyota,Red,78285.0,4.0,"$10,300"
Honda,Black,64079.0,4.0,"$7,900"
Toyota,Green,64237.0,5.0,"$7,900"
Toyota,Red,99772.0,5.0,"$8,200"
Nissan,Blue,125092.0,4.0,"$2,500"
Nissan,Silver,130529.0,4.0,"$8,200"
Nissan,White,3000.0,4.0,"$12,900"
BMW,Blue,116562.0,5.0,"$15,600"
Toyota,Black,184973.0,5.0,"$8,300"
Honda,Silver,58159.0,5.0,"$11,600"
Toyota,,127032.0,3.0,"$8,200"
BMW,White,87627.0,5.0,"$18,900"
Nissan,Blue,121484.0,5.0,"$3,400"
Honda,Silver,86661.0,4.0,"$7,100"
Honda,Black,56694.0,4.0,"$15,000"
Honda,Red,144382.0,4.0,"$8,700"
Toyota,Green,41199.0,4.0,"$11,200"
Toyota,Green,161081.0,4.0,"$7,000"
Honda,Red,203327.0,4.0,"$5,300"
Toyota,Green,107986.0,4.0,"$8,000"
Toyota,Black,104944.0,3.0,"$8,700"
Toyota,Blue,134821.0,4.0,"$11,500"
Toyota,Blue,,4.0,
Honda,Black,3862.0,4.0,"$15,300"
Honda,Silver,39038.0,4.0,"$5,600"
Toyota,Blue,118206.0,4.0,"$17,200"
Toyota,White,97684.0,4.0,"$12,900"
Nissan,Silver,116582.0,4.0,"$6,400"
Toyota,Green,145791.0,4.0,"$6,300"
Nissan,Red,126973.0,5.0,"$7,500"
Honda,White,59931.0,5.0,"$14,700"
Nissan,Red,102202.0,4.0,"$5,200"
Nissan,Silver,,4.0,"$3,100"
Toyota,Blue,99465.0,5.0,"$10,700"
Toyota,Blue,154466.0,4.0,"$9,000"
Toyota,Red,96698.0,4.0,"$12,700"
Nissan,Black,189851.0,5.0,"$5,500"
Honda,Red,92496.0,5.0,"$6,100"
Nissan,Red,52353.0,4.0,"$8,700"
BMW,Blue,39400.0,5.0,"$25,900"
Toyota,White,100945.0,4.0,"$11,800"
Toyota,Green,94334.0,4.0,"$11,200"
BMW,Silver,67707.0,3.0,"$11,400"
Nissan,Silver,59397.0,4.0,"$9,000"
Nissan,Blue,44257.0,4.0,
BMW,Grey,129291.0,5.0,"$30,800"
Toyota,Red,86900.0,4.0,"$15,300"
Toyota,,105730.0,4.0,"$8,700"
Toyota,Red,66103.0,4.0,"$10,600"
Honda,Red,73367.0,5.0,"$11,400"
Toyota,Green,106349.0,4.0,"$9,100"
Toyota,Red,120720.0,4.0,"$12,800"
Honda,Blue,137578.0,4.0,"$2,800"
Nissan,Black,3000.0,5.0,"$15,300"
Honda,Red,26389.0,4.0,"$11,700"
Toyota,Red,37154.0,5.0,"$7,800"
Honda,White,117990.0,4.0,"$10,500"
BMW,Silver,40786.0,5.0,"$10,300"
Nissan,Silver,81410.0,4.0,"$9,300"
Toyota,Black,21096.0,3.0,"$13,700"
Honda,Silver,91265.0,5.0,"$12,000"
Honda,White,97739.0,4.0,"$6,300"
Toyota,Red,160221.0,4.0,"$6,600"
BMW,Blue,63853.0,5.0,"$19,900"
,Black,74949.0,4.0,"$8,600"
Toyota,Green,89006.0,5.0,"$16,100"
Nissan,Black,35173.0,4.0,"$6,500"
,White,126789.0,5.0,"$21,700"
BMW,White,36898.0,5.0,"$34,000"
BMW,Grey,39564.0,5.0,"$39,000"
Honda,White,124540.0,5.0,"$7,200"
Honda,White,195550.0,5.0,"$3,500"
Nissan,Red,153557.0,5.0,"$6,200"
Nissan,White,184897.0,4.0,"$7,500"
BMW,Grey,66344.0,4.0,"$20,200"
BMW,Blue,84318.0,3.0,"$19,000"
Toyota,Black,202696.0,4.0,"$5,900"
Toyota,,79003.0,4.0,"$11,500"
Toyota,Green,27949.0,4.0,"$9,700"
Nissan,Red,179223.0,4.0,"$2,500"
Honda,Black,41748.0,4.0,"$13,600"
Toyota,Red,159656.0,4.0,"$9,400"
BMW,White,106834.0,4.0,"$18,400"
Toyota,Green,24065.0,3.0,"$16,900"
Honda,Black,76511.0,4.0,"$9,700"
Nissan,Blue,186378.0,4.0,
Toyota,White,121706.0,4.0,"$16,000"
Toyota,White,64537.0,4.0,"$14,700"
Honda,White,94736.0,4.0,"$10,200"
Nissan,Blue,197594.0,4.0,"$4,100"
BMW,Blue,87608.0,4.0,"$31,100"
Toyota,White,79022.0,3.0,"$7,500"
Toyota,Blue,43669.0,5.0,"$7,100"
Honda,White,190697.0,5.0,"$2,500"
Honda,,81379.0,4.0,"$9,300"
,Green,113985.0,5.0,"$12,100"
,White,160186.0,4.0,"$3,100"
BMW,Blue,57980.0,4.0,"$27,400"
Honda,Red,80062.0,4.0,"$14,700"
BMW,White,85620.0,4.0,"$29,100"
Honda,Blue,123818.0,4.0,"$11,500"
Nissan,Red,122137.0,5.0,"$3,500"
Toyota,White,118783.0,3.0,"$6,200"
Nissan,Blue,82397.0,4.0,"$9,700"
BMW,Black,117007.0,5.0,"$23,800"
Nissan,Black,129294.0,4.0,"$10,600"
Honda,White,103556.0,4.0,"$16,700"
BMW,Grey,88751.0,3.0,"$11,700"
Toyota,White,137173.0,4.0,"$9,600"
BMW,Black,119169.0,5.0,
Honda,White,85354.0,4.0,"$6,100"
Nissan,Black,100294.0,4.0,"$5,400"
Honda,White,64134.0,4.0,"$12,600"
Honda,Silver,172155.0,4.0,"$6,900"
BMW,Grey,14772.0,5.0,"$31,100"
Toyota,Green,160224.0,3.0,"$3,700"
Honda,Red,85567.0,5.0,"$10,400"
Honda,White,54324.0,4.0,"$13,200"
Nissan,Red,105226.0,4.0,"$8,100"
Honda,Blue,49400.0,4.0,"$10,100"
Honda,Black,126674.0,4.0,"$6,900"
Toyota,Black,187802.0,4.0,"$4,900"
Toyota,Red,109683.0,5.0,"$13,200"
Honda,Blue,23918.0,4.0,"$7,300"
Honda,White,18768.0,5.0,"$17,400"
Honda,Blue,65510.0,4.0,"$18,300"
Honda,Black,64916.0,5.0,"$12,200"
Nissan,Black,198358.0,4.0,"$8,200"
Toyota,Green,205198.0,5.0,"$9,000"
Honda,,141155.0,5.0,"$9,500"
Honda,Red,129361.0,5.0,"$6,600"
Nissan,Silver,66180.0,4.0,"$9,000"
Toyota,Red,89150.0,3.0,"$8,100"
Nissan,Blue,150997.0,4.0,"$7,400"
Honda,Blue,96243.0,4.0,"$13,700"
Honda,Black,37198.0,5.0,"$12,400"
BMW,Silver,34893.0,3.0,"$13,700"
Toyota,Green,93700.0,4.0,"$9,300"
Toyota,Blue,176699.0,3.0,"$7,600"
Nissan,Blue,54645.0,5.0,"$15,000"
Nissan,Blue,180377.0,4.0,"$5,100"
Nissan,Silver,99316.0,5.0,"$5,700"
Toyota,Red,78645.0,4.0,"$14,400"
BMW,Grey,144152.0,4.0,"$31,500"
Toyota,White,72579.0,4.0,"$7,800"
Nissan,Red,119889.0,4.0,"$2,500"
Toyota,Green,114804.0,4.0,"$8,200"
Honda,Red,69630.0,5.0,"$6,300"
Nissan,Black,140761.0,4.0,"$4,300"
Toyota,Green,37164.0,5.0,"$3,900"
Honda,Blue,90679.0,4.0,"$14,800"
BMW,Silver,134772.0,5.0,"$19,700"
Honda,,63093.0,4.0,"$12,400"
Honda,Blue,44077.0,5.0,"$13,300"
BMW,Silver,97175.0,5.0,"$32,500"
Honda,Red,87192.0,,"$8,900"
Toyota,Blue,52344.0,5.0,"$10,300"
Toyota,Green,86223.0,4.0,"$11,200"
Toyota,White,145506.0,4.0,"$5,400"
BMW,Silver,127692.0,5.0,"$21,300"
BMW,Black,64102.0,3.0,"$19,700"
Honda,White,3000.0,4.0,"$16,300"
Toyota,Blue,136315.0,4.0,"$7,400"
Toyota,Black,101483.0,4.0,"$11,900"
Honda,Red,16997.0,4.0,"$11,300"
Toyota,Blue,139301.0,5.0,"$4,900"
Toyota,Black,113265.0,4.0,"$5,300"
Nissan,Silver,138120.0,4.0,
Toyota,Red,14013.0,4.0,"$17,700"
Nissan,White,70862.0,4.0,"$6,700"
Toyota,White,108429.0,3.0,"$12,500"
Toyota,White,45177.0,4.0,"$12,900"
Toyota,White,120298.0,4.0,"$11,400"
Toyota,White,107174.0,4.0,"$8,600"
Honda,Silver,52275.0,4.0,"$11,700"
Nissan,Red,51960.0,4.0,"$2,500"
Honda,Black,112954.0,4.0,"$11,400"
BMW,Silver,3000.0,5.0,"$22,300"
Honda,Black,121719.0,4.0,"$14,500"
Toyota,Black,99081.0,4.0,"$8,000"
Honda,White,,5.0,"$14,700"
Honda,Silver,60993.0,4.0,"$8,600"
BMW,White,44724.0,5.0,"$20,700"
Toyota,Green,104378.0,3.0,"$13,500"
Nissan,Black,130092.0,4.0,"$5,500"
Nissan,White,95658.0,4.0,"$3,500"
Toyota,White,143921.0,3.0,"$6,900"
Honda,White,83336.0,4.0,"$19,500"
Honda,Silver,106340.0,4.0,"$6,600"
BMW,Black,47092.0,4.0,"$33,800"
Nissan,Red,118343.0,4.0,"$2,600"
Nissan,Silver,163476.0,5.0,"$3,400"
BMW,Grey,143678.0,4.0,"$28,500"
Honda,Silver,70528.0,4.0,"$14,400"
Honda,White,95257.0,4.0,"$11,900"
Toyota,Red,123206.0,4.0,"$6,200"
BMW,Blue,37970.0,5.0,"$33,900"
Honda,Black,75930.0,4.0,"$9,200"
Toyota,Red,48333.0,4.0,"$13,700"
Nissan,Blue,227501.0,4.0,"$2,500"
BMW,Grey,66017.0,5.0,"$35,000"
Toyota,White,93858.0,4.0,"$11,800"
Toyota,Black,42755.0,3.0,"$13,500"
Toyota,Green,88268.0,4.0,"$13,100"
Nissan,Black,178493.0,4.0,"$10,600"
Toyota,Green,128140.0,3.0,"$8,200"
Nissan,Blue,122885.0,4.0,"$5,400"
Nissan,Red,130955.0,5.0,"$5,700"
Toyota,White,106759.0,4.0,"$14,000"
Nissan,White,55633.0,4.0,"$12,400"
Honda,Red,155221.0,4.0,"$6,000"
Honda,White,3000.0,4.0,"$11,800"
Nissan,Black,184631.0,4.0,"$3,600"
Honda,Silver,44033.0,4.0,"$10,300"
Nissan,Red,159074.0,4.0,"$5,900"
Honda,White,80531.0,4.0,"$8,900"
Nissan,Silver,90061.0,4.0,"$5,500"
Toyota,White,181999.0,4.0,"$5,200"
Nissan,Black,180160.0,4.0,"$7,800"
BMW,Blue,106929.0,4.0,"$20,400"
Toyota,Black,118993.0,5.0,"$10,000"
Honda,Blue,48622.0,4.0,"$12,400"
Honda,Blue,35406.0,5.0,"$16,300"
Nissan,Red,85981.0,4.0,"$8,400"
BMW,White,76898.0,5.0,"$23,700"
BMW,White,89641.0,4.0,"$21,000"
Toyota,Red,143307.0,4.0,"$3,600"
Honda,Black,98066.0,4.0,"$15,200"
Nissan,Black,55981.0,4.0,"$7,900"
Toyota,Blue,124723.0,3.0,"$8,600"
Toyota,Black,116232.0,3.0,"$10,200"
Toyota,Green,131005.0,3.0,"$10,600"
Toyota,Red,119310.0,5.0,"$9,000"
Toyota,Black,132973.0,3.0,"$13,900"
Honda,Red,85633.0,4.0,"$6,700"
Honda,Blue,145139.0,4.0,"$6,600"
Nissan,Black,3000.0,4.0,"$14,400"
Honda,Blue,66304.0,4.0,"$10,400"
Honda,Black,107935.0,4.0,"$9,500"
Honda,White,126053.0,5.0,"$7,300"
Nissan,Blue,140733.0,4.0,"$4,800"
Nissan,Silver,153373.0,4.0,"$6,500"
Toyota,Green,49357.0,4.0,"$15,300"
Honda,White,66273.0,4.0,"$13,100"
BMW,Grey,80426.0,5.0,"$37,100"
BMW,Grey,55614.0,5.0,"$24,100"
Toyota,Black,96990.0,3.0,"$8,600"
Toyota,Blue,139596.0,4.0,"$3,000"
Toyota,Green,43208.0,4.0,"$8,700"
Toyota,Green,147415.0,3.0,"$11,700"
Honda,Black,86986.0,5.0,"$10,100"
Nissan,Black,115922.0,4.0,"$9,900"
Toyota,Red,49777.0,4.0,"$13,100"
Toyota,Green,148710.0,3.0,"$7,800"
Toyota,Black,107858.0,4.0,"$13,100"
Toyota,Red,3000.0,4.0,"$16,700"
BMW,White,37528.0,5.0,"$15,300"
Honda,White,116537.0,5.0,"$13,100"
BMW,Grey,59227.0,4.0,"$31,700"
Nissan,,202287.0,4.0,"$5,900"
Nissan,Blue,203838.0,5.0,"$5,100"
Toyota,Red,101922.0,3.0,"$3,800"
Honda,Black,80189.0,5.0,"$8,400"
Honda,Red,196205.0,4.0,"$3,900"
Honda,Silver,97913.0,4.0,"$10,900"
BMW,Silver,66831.0,5.0,"$36,900"
BMW,Silver,38848.0,4.0,"$27,800"
Toyota,Blue,59391.0,3.0,"$6,800"
Honda,Black,62635.0,4.0,"$10,900"
Nissan,Red,87959.0,5.0,"$6,700"
Nissan,Blue,33246.0,4.0,"$10,300"
Toyota,Blue,19754.0,5.0,"$17,000"
Nissan,Silver,116616.0,4.0,"$2,900"
Honda,Red,77157.0,4.0,"$7,800"
Nissan,Silver,129873.0,4.0,"$9,500"
Toyota,White,3000.0,5.0,"$15,700"
Toyota,White,89673.0,4.0,"$12,700"
Nissan,White,123939.0,4.0,"$4,300"
Honda,White,76685.0,4.0,"$7,800"
Nissan,Black,172256.0,4.0,"$4,300"
Toyota,Green,196861.0,3.0,"$3,800"
BMW,Silver,35246.0,5.0,"$17,600"
Honda,Blue,5449.0,5.0,"$9,400"
Toyota,Black,111890.0,4.0,"$11,400"
Toyota,Red,15778.0,4.0,"$16,800"
Nissan,Silver,84948.0,5.0,"$9,200"
Toyota,White,181835.0,5.0,"$9,800"
Toyota,White,84036.0,5.0,"$8,700"
Nissan,Silver,3000.0,4.0,"$10,100"
Toyota,Red,87021.0,4.0,"$7,400"
Toyota,White,91174.0,3.0,"$9,900"
BMW,Grey,55556.0,3.0,"$20,500"
Toyota,Green,106770.0,5.0,"$11,200"
Honda,Blue,39660.0,5.0,"$16,800"
Honda,Red,87267.0,5.0,"$10,300"
Honda,Black,125994.0,5.0,"$9,500"
Honda,Silver,137750.0,4.0,"$8,200"
BMW,Black,39277.0,3.0,"$28,100"
Toyota,Red,38526.0,4.0,"$13,200"
Toyota,Red,96272.0,4.0,"$9,500"
Nissan,Black,104801.0,5.0,"$3,200"
Nissan,Silver,81271.0,4.0,"$8,600"
Nissan,Red,120951.0,4.0,"$3,600"
Honda,Black,152753.0,4.0,"$4,200"
Nissan,Silver,166289.0,4.0,"$5,400"
BMW,Grey,,5.0,"$38,700"
BMW,Blue,14867.0,5.0,"$34,200"
Honda,Black,140027.0,4.0,"$5,400"
Honda,Black,158838.0,4.0,"$5,800"
Nissan,Blue,128166.0,4.0,"$6,700"
Nissan,Red,104478.0,5.0,"$9,800"
BMW,Black,98326.0,5.0,"$13,200"
BMW,Blue,119782.0,5.0,"$12,500"
BMW,Black,108366.0,4.0,"$30,700"
Toyota,Black,41269.0,3.0,"$10,800"
Honda,Blue,38926.0,4.0,
Honda,Silver,77214.0,4.0,"$12,600"
Toyota,Green,166136.0,4.0,"$10,800"
Honda,White,65015.0,4.0,"$10,100"
Nissan,Blue,17727.0,4.0,"$9,100"
Toyota,Red,148172.0,4.0,"$12,900"
,,13157.0,4.0,"$23,800"
Honda,Black,90732.0,4.0,"$10,600"
Nissan,White,66662.0,4.0,"$10,100"
Nissan,White,85464.0,4.0,
Toyota,Red,126406.0,4.0,"$8,700"
Honda,Red,71053.0,4.0,"$10,000"
Nissan,Black,107051.0,4.0,"$6,300"
Honda,Silver,79577.0,4.0,"$14,900"
Toyota,Black,127167.0,4.0,"$8,100"
,Black,134241.0,3.0,"$6,700"
Toyota,Green,159002.0,4.0,"$7,800"
Nissan,White,105991.0,4.0,"$8,300"
BMW,Black,3000.0,5.0,"$21,700"
Toyota,White,35915.0,4.0,"$13,600"
Toyota,White,188090.0,3.0,"$12,200"
BMW,Grey,91798.0,3.0,"$26,300"
BMW,Silver,3000.0,4.0,"$24,700"
Toyota,Black,57035.0,3.0,"$9,400"
Toyota,Green,89256.0,4.0,"$8,400"
Honda,Silver,3000.0,4.0,"$16,000"
Toyota,White,42217.0,4.0,"$13,600"
Honda,Red,191555.0,4.0,"$2,500"
Toyota,Red,3000.0,5.0,"$14,300"
Nissan,Blue,173653.0,,"$9,700"
Nissan,White,43145.0,4.0,"$11,400"
Toyota,Blue,73803.0,4.0,"$10,900"
Toyota,Black,235505.0,5.0,"$2,500"
Nissan,,126209.0,5.0,"$8,100"
Toyota,Red,154460.0,3.0,"$6,800"
Toyota,White,114018.0,4.0,"$8,200"
Toyota,Blue,111994.0,4.0,"$8,400"
Toyota,White,,4.0,"$7,500"
Nissan,White,133117.0,4.0,"$5,800"
BMW,Grey,112294.0,4.0,"$22,600"
Toyota,Green,5802.0,4.0,"$17,900"
Honda,Silver,48524.0,4.0,"$9,600"
Nissan,Silver,78642.0,5.0,"$12,700"
Honda,Silver,3000.0,4.0,"$23,100"
Nissan,Black,171139.0,5.0,"$5,500"
Toyota,Blue,95145.0,3.0,"$10,300"
BMW,Blue,86887.0,4.0,"$28,400"
Honda,Black,118669.0,4.0,"$8,700"
Honda,Blue,82527.0,5.0,"$10,100"
Honda,White,82644.0,4.0,"$13,300"
Toyota,Red,128864.0,4.0,"$2,500"
,Grey,92547.0,4.0,"$25,200"
Honda,Silver,91101.0,4.0,"$8,400"
Toyota,Blue,156453.0,3.0,"$9,500"
Toyota,White,57810.0,4.0,"$13,400"
Nissan,White,57587.0,4.0,"$5,800"
Nissan,Red,76903.0,4.0,"$10,600"
Toyota,Black,147562.0,4.0,"$9,700"
Honda,Silver,126804.0,5.0,"$10,100"
Toyota,Black,64642.0,3.0,"$12,400"
Nissan,Silver,156822.0,5.0,"$7,400"
Toyota,Black,,4.0,"$9,800"
Honda,White,108869.0,4.0,"$11,900"
Toyota,Blue,96620.0,4.0,"$7,400"
Honda,,84172.0,5.0,"$8,400"
Nissan,Silver,74190.0,4.0,"$8,300"
Toyota,Green,56794.0,4.0,"$10,400"
Toyota,Blue,3000.0,4.0,"$15,300"
Honda,Black,92057.0,4.0,"$7,200"
BMW,White,92688.0,4.0,"$30,000"
Honda,Red,14837.0,5.0,"$11,400"
Nissan,Black,68928.0,5.0,"$7,300"
Nissan,Blue,158450.0,4.0,"$4,100"
Nissan,Black,97187.0,4.0,"$2,500"
Toyota,White,131041.0,5.0,"$5,400"
Honda,Blue,94876.0,4.0,"$10,100"
Honda,Silver,157311.0,,"$2,500"
Nissan,Blue,,4.0,
Nissan,White,212828.0,4.0,"$5,300"
Toyota,Black,108902.0,4.0,"$8,300"
Honda,Black,130741.0,4.0,"$4,900"
Toyota,Blue,122770.0,3.0,"$9,700"
BMW,Silver,109528.0,4.0,"$41,100"
BMW,Grey,81481.0,5.0,"$21,800"
BMW,White,63925.0,4.0,"$13,800"
Toyota,White,61874.0,5.0,"$11,300"
Nissan,White,82651.0,4.0,"$8,600"
Toyota,White,55234.0,4.0,"$15,800"
Toyota,Black,98010.0,3.0,"$9,500"
Honda,Black,76261.0,4.0,"$10,900"
Toyota,Blue,140905.0,4.0,
Nissan,White,75145.0,4.0,"$7,800"
Honda,Blue,27398.0,4.0,"$10,000"
Honda,Silver,69141.0,4.0,"$13,200"
Honda,Red,104602.0,5.0,"$10,000"
Toyota,Green,142246.0,4.0,"$7,000"
Honda,Silver,110742.0,4.0,"$8,300"
Toyota,Blue,,3.0,"$6,700"
Honda,Black,3000.0,5.0,"$14,200"
Honda,Black,160291.0,4.0,"$9,200"
BMW,Blue,105546.0,3.0,"$30,400"
Honda,Blue,96255.0,4.0,"$9,800"
Nissan,Blue,77411.0,4.0,"$7,600"
Nissan,Blue,146483.0,4.0,"$8,300"
BMW,Black,59143.0,3.0,"$21,900"
Honda,Silver,92025.0,5.0,"$12,000"
Toyota,Black,22919.0,4.0,"$6,600"
,Blue,69372.0,3.0,"$6,700"
Nissan,Blue,83544.0,4.0,"$7,700"
Honda,Blue,70244.0,4.0,"$14,800"
Nissan,Black,130297.0,4.0,"$7,000"
Toyota,Black,130354.0,4.0,"$5,200"
Toyota,Black,,4.0,"$7,600"
Nissan,Black,149546.0,5.0,"$3,200"
Toyota,Blue,17204.0,4.0,"$16,600"
Toyota,Green,117573.0,3.0,"$4,800"
Toyota,Blue,52777.0,4.0,"$15,900"
Toyota,Red,36150.0,4.0,"$18,200"
Toyota,Green,51167.0,3.0,"$12,800"
Honda,White,76226.0,5.0,"$12,700"
Nissan,Silver,81529.0,4.0,"$7,900"
Nissan,Blue,114291.0,5.0,"$4,800"
BMW,Black,96114.0,5.0,"$21,300"
Nissan,Blue,99198.0,4.0,"$4,800"
Honda,Black,3000.0,4.0,"$13,300"
Toyota,Red,223456.0,3.0,"$5,800"
BMW,Silver,64191.0,5.0,"$24,300"
BMW,Black,65943.0,3.0,
Toyota,Black,36597.0,4.0,"$16,800"
Nissan,,152061.0,4.0,"$6,900"
Toyota,Blue,120800.0,3.0,"$8,200"
Nissan,White,149680.0,4.0,"$6,600"
Honda,Blue,75006.0,5.0,"$9,200"
Nissan,Blue,117703.0,4.0,"$10,500"
Nissan,Blue,42610.0,4.0,"$6,200"
Honda,Silver,99908.0,4.0,"$9,300"
Toyota,Black,107013.0,4.0,"$10,800"
Nissan,Red,99500.0,4.0,"$11,100"
Nissan,White,22349.0,4.0,"$8,900"
Toyota,Green,92630.0,4.0,"$4,500"
Toyota,Green,88855.0,4.0,"$15,200"
Nissan,Black,113169.0,4.0,"$7,600"
Honda,White,31512.0,4.0,"$10,500"
Honda,Silver,73990.0,5.0,"$10,100"
Nissan,Black,183772.0,4.0,"$5,100"
Toyota,White,40204.0,3.0,"$12,800"
Honda,White,115914.0,4.0,"$11,800"
Honda,Red,167865.0,4.0,"$2,700"
Nissan,White,66591.0,4.0,"$5,700"
Toyota,Red,85830.0,4.0,"$12,100"
Honda,Red,139392.0,4.0,"$6,900"
Toyota,Blue,81367.0,4.0,"$11,400"
Toyota,Black,54572.0,3.0,"$18,200"
Toyota,Red,14401.0,3.0,"$13,700"
Honda,Blue,189133.0,4.0,"$4,900"
Toyota,Green,88117.0,3.0,"$7,900"
Honda,White,83341.0,4.0,"$14,000"
Toyota,White,3000.0,4.0,"$19,600"
Toyota,Red,23954.0,5.0,"$13,400"
Honda,Silver,71396.0,4.0,"$12,300"
Nissan,Silver,,5.0,"$13,000"
Toyota,Green,203264.0,5.0,"$2,500"
Toyota,Black,107864.0,3.0,"$6,900"
Toyota,Green,120146.0,5.0,"$9,200"
BMW,Silver,38057.0,4.0,"$29,700"
Honda,White,178608.0,4.0,"$4,800"
Honda,Blue,126548.0,5.0,"$4,600"
Toyota,Blue,48265.0,4.0,"$14,000"
BMW,Grey,127332.0,3.0,"$23,700"
BMW,White,51851.0,5.0,"$26,600"
Toyota,White,32978.0,4.0,"$15,200"
Toyota,Red,143881.0,4.0,"$6,400"
BMW,Grey,45258.0,5.0,
Honda,Red,71037.0,4.0,
Honda,Blue,192786.0,4.0,
Nissan,Red,91932.0,4.0,"$5,900"
Toyota,Green,136697.0,3.0,"$6,200"
Toyota,Blue,64232.0,4.0,"$16,000"
Toyota,Green,171819.0,4.0,"$4,100"
Nissan,Black,7473.0,5.0,"$15,300"
Toyota,Blue,62399.0,4.0,"$14,300"
Toyota,Green,3000.0,4.0,"$16,800"
Nissan,Red,44174.0,4.0,"$11,800"
Nissan,Silver,112799.0,4.0,"$4,400"
Honda,Red,72462.0,4.0,"$12,300"
Honda,Red,97082.0,4.0,"$10,800"
Toyota,Red,200774.0,4.0,"$2,500"
Toyota,Red,182095.0,4.0,"$6,400"
Honda,Red,48858.0,4.0,"$7,400"
Honda,Red,82922.0,4.0,"$12,500"
Honda,Silver,85877.0,4.0,"$14,300"
Honda,White,22343.0,4.0,"$12,700"
Honda,Blue,31885.0,4.0,"$13,300"
Nissan,Silver,161665.0,4.0,"$3,500"
Honda,Silver,3000.0,4.0,"$14,300"
Toyota,Blue,120710.0,3.0,"$9,500"
Honda,Silver,151317.0,5.0,"$4,200"
Nissan,Silver,150092.0,5.0,"$8,900"
Toyota,White,5513.0,4.0,"$15,600"
Toyota,Blue,71782.0,4.0,"$11,100"
Toyota,Red,116079.0,5.0,"$8,300"
Toyota,Black,62863.0,4.0,"$12,200"
BMW,White,19335.0,4.0,"$20,300"
Toyota,Green,133327.0,4.0,"$4,200"
Toyota,Black,132648.0,3.0,"$9,300"
Toyota,Blue,8258.0,3.0,"$11,300"
Nissan,White,178870.0,4.0,"$2,500"
Toyota,Blue,73850.0,3.0,"$11,900"
Nissan,Silver,155869.0,4.0,"$4,200"
Toyota,Blue,66929.0,4.0,
Nissan,Silver,209378.0,4.0,"$4,900"
Nissan,Red,116777.0,4.0,"$4,400"
Toyota,White,54816.0,4.0,
Toyota,Blue,119756.0,3.0,"$12,700"
Nissan,White,148425.0,5.0,"$2,500"
Honda,White,142493.0,4.0,"$4,100"
Honda,Silver,73569.0,4.0,"$11,100"
Toyota,White,201774.0,4.0,"$15,300"
Toyota,White,129549.0,4.0,"$8,100"
BMW,Black,87449.0,5.0,"$30,900"
Toyota,Green,81325.0,4.0,"$16,000"
Toyota,Blue,109963.0,3.0,"$10,300"
Honda,Silver,123964.0,5.0,"$10,000"
Honda,Blue,132269.0,4.0,"$5,700"
Honda,Blue,65201.0,4.0,"$7,400"
Toyota,Blue,120854.0,4.0,"$11,600"
Nissan,Black,137635.0,4.0,"$10,200"
Toyota,Blue,,4.0,"$12,300"
Nissan,Black,50864.0,4.0,"$8,900"
Nissan,White,150950.0,4.0,"$7,200"
Toyota,Green,82713.0,3.0,"$9,100"
Honda,Blue,19142.0,5.0,"$12,500"
Nissan,Black,161861.0,4.0,"$6,200"
Nissan,Black,140037.0,5.0,"$6,500"
Nissan,Blue,112395.0,4.0,"$5,100"
Toyota,Black,134339.0,4.0,"$10,000"
Honda,White,115616.0,4.0,"$6,800"
Toyota,,3000.0,4.0,"$18,000"
Toyota,Green,73100.0,4.0,"$7,900"
Toyota,Blue,134060.0,4.0,"$7,200"
Toyota,Green,153116.0,4.0,"$8,900"
Nissan,Blue,150279.0,4.0,"$2,500"
Toyota,Green,161021.0,4.0,"$7,400"
Honda,White,74274.0,4.0,"$10,700"
Honda,Black,6740.0,4.0,"$14,900"
Toyota,Green,44472.0,4.0,"$7,700"
BMW,Grey,3000.0,4.0,"$35,300"
Toyota,Red,65278.0,5.0,"$17,200"
Toyota,White,70138.0,5.0,"$6,700"
Toyota,White,39940.0,4.0,"$16,900"
Nissan,Red,103269.0,5.0,"$6,400"
Toyota,Green,106320.0,3.0,"$9,800"
Nissan,Black,174574.0,4.0,"$7,900"
Toyota,White,79292.0,5.0,"$7,500"
Toyota,Blue,76499.0,4.0,"$12,000"
Toyota,Green,47884.0,4.0,"$8,800"
Toyota,White,115876.0,4.0,"$9,200"
BMW,Silver,66377.0,4.0,"$20,300"
Honda,White,80940.0,4.0,"$7,200"
BMW,Blue,102388.0,5.0,"$30,900"
BMW,,3000.0,4.0,"$22,200"
Honda,Silver,20166.0,4.0,"$11,000"
Honda,Blue,87994.0,4.0,"$5,300"
Honda,Red,47750.0,4.0,"$8,400"
Honda,Red,101948.0,5.0,"$9,800"
Toyota,Black,60469.0,4.0,"$12,700"
Toyota,Black,69572.0,4.0,"$10,900"
Honda,Black,172325.0,4.0,"$9,900"
Toyota,Green,30421.0,5.0,"$16,000"
,Silver,99078.0,4.0,"$16,200"
,Green,140576.0,4.0,"$12,400"
Nissan,Silver,49137.0,4.0,"$7,500"
Toyota,Green,150918.0,4.0,"$7,900"
Toyota,Red,126676.0,5.0,"$10,500"
Honda,Black,110753.0,4.0,"$4,800"
Toyota,Black,152460.0,4.0,"$11,600"
Nissan,Blue,99154.0,5.0,"$8,000"
Toyota,Blue,18382.0,3.0,"$14,600"
Honda,Silver,119458.0,4.0,"$8,000"
Toyota,White,156466.0,3.0,"$5,500"
Honda,Black,119101.0,4.0,"$5,300"
Toyota,Red,96775.0,4.0,"$9,500"
Toyota,Red,,3.0,"$7,400"
Toyota,Black,91163.0,4.0,"$13,400"
BMW,Black,46655.0,4.0,"$15,900"
Toyota,White,188978.0,4.0,"$10,300"
BMW,White,10724.0,4.0,"$32,300"
Honda,Silver,67857.0,4.0,"$11,500"
Honda,Red,106122.0,4.0,"$8,000"
Honda,White,54379.0,5.0,"$9,900"
Nissan,Silver,60693.0,4.0,"$7,100"
Toyota,Blue,94506.0,4.0,
Toyota,Green,133466.0,5.0,"$13,300"
Honda,White,64157.0,4.0,"$11,500"
Nissan,Black,139982.0,4.0,"$6,900"
Toyota,White,101949.0,4.0,"$12,400"
Toyota,Black,123076.0,4.0,"$5,300"
BMW,Black,101504.0,4.0,"$29,500"
Toyota,Red,58309.0,3.0,"$11,100"
BMW,Silver,93699.0,5.0,"$23,300"
Toyota,Red,153794.0,3.0,"$14,100"
Honda,White,54272.0,4.0,"$7,100"
Toyota,Black,113798.0,3.0,"$11,100"
Nissan,Silver,99071.0,5.0,"$12,000"
Honda,Red,27746.0,4.0,"$14,400"
Toyota,Blue,66495.0,4.0,"$17,100"
Honda,Black,187640.0,4.0,"$2,900"
Toyota,Red,69423.0,3.0,"$13,200"
Honda,Black,73417.0,4.0,"$10,400"
Nissan,White,113421.0,4.0,"$2,500"
Toyota,Green,97280.0,5.0,"$8,000"
Toyota,Black,72357.0,3.0,"$15,300"
Nissan,Black,41635.0,4.0,"$12,500"
Honda,White,78609.0,4.0,"$9,300"
Toyota,White,139099.0,4.0,"$9,400"
Nissan,Red,143954.0,5.0,"$8,400"
Nissan,White,93446.0,4.0,"$6,100"
Toyota,Red,41572.0,4.0,"$10,100"
Honda,White,233556.0,4.0,
,Green,27744.0,5.0,
Nissan,Red,138984.0,4.0,"$6,800"
Nissan,Black,142737.0,5.0,"$5,600"
Toyota,Red,91476.0,4.0,"$11,400"
Honda,White,,4.0,"$2,600"
Nissan,Blue,99131.0,4.0,"$5,200"
Nissan,Blue,121811.0,5.0,"$14,800"
Honda,Silver,109639.0,4.0,"$7,800"
BMW,Blue,103715.0,5.0,"$27,200"
Honda,,112164.0,4.0,"$10,200"
Honda,Red,190714.0,4.0,"$2,500"
Toyota,Black,122628.0,4.0,
Toyota,Red,126886.0,4.0,"$5,700"
Nissan,Blue,88627.0,4.0,"$7,100"
Toyota,Green,148742.0,3.0,"$9,100"
Toyota,Green,33222.0,4.0,"$12,700"
Toyota,Red,61101.0,4.0,"$7,800"
Nissan,White,99847.0,4.0,"$6,600"
Toyota,Green,224189.0,3.0,"$4,000"
Toyota,Blue,26363.0,5.0,"$12,400"
BMW,Blue,107898.0,,"$37,500"
Nissan,Black,23184.0,4.0,"$6,300"
Nissan,Silver,216774.0,5.0,"$3,700"
Nissan,Blue,63375.0,4.0,"$10,500"
Toyota,Red,3000.0,4.0,"$14,500"
Nissan,Silver,130357.0,4.0,"$8,400"
BMW,Blue,22416.0,4.0,"$27,800"
Honda,Black,47579.0,4.0,"$12,500"
Toyota,Black,51441.0,4.0,"$11,300"
Nissan,Black,56234.0,5.0,"$12,000"
,Silver,133205.0,5.0,"$7,600"
Toyota,Red,99988.0,4.0,"$5,300"
Nissan,Silver,95218.0,4.0,"$7,500"
Toyota,Black,234281.0,4.0,"$2,500"
BMW,Black,126495.0,4.0,"$29,000"
Nissan,Silver,127715.0,4.0,"$10,700"
Honda,White,109861.0,4.0,"$9,800"
Honda,Blue,89450.0,4.0,"$13,200"
BMW,Black,111051.0,3.0,"$18,300"
Honda,White,28676.0,4.0,"$11,800"
Toyota,Red,56397.0,3.0,"$10,900"
Nissan,Blue,181296.0,4.0,"$2,500"
BMW,Blue,63201.0,4.0,"$25,700"
Nissan,Silver,159512.0,5.0,"$2,500"
BMW,White,39518.0,5.0,"$28,500"
Honda,White,149603.0,4.0,"$5,300"
Toyota,Red,3000.0,3.0,"$15,600"
Honda,Silver,61502.0,4.0,"$7,400"
BMW,Blue,38777.0,5.0,"$25,900"
Toyota,Red,66553.0,4.0,"$4,500"
Nissan,White,162235.0,4.0,"$7,800"
Honda,Blue,123273.0,4.0,"$4,500"
Honda,Blue,82328.0,4.0,"$9,900"
Honda,White,120742.0,5.0,"$10,800"
Toyota,Green,59822.0,4.0,"$11,600"
Toyota,Blue,121778.0,4.0,"$13,700"
Honda,White,125816.0,4.0,"$10,300"
Toyota,Blue,102358.0,4.0,"$14,500"
BMW,White,82210.0,4.0,"$18,800"
Toyota,Red,170975.0,5.0,"$9,500"
Honda,White,70733.0,4.0,"$9,000"
Toyota,Black,113421.0,4.0,"$11,200"
Toyota,Blue,108259.0,3.0,"$9,800"
Toyota,Green,186397.0,4.0,"$8,800"
Nissan,Black,122675.0,5.0,"$9,700"
Toyota,Black,44308.0,4.0,"$14,200"
Toyota,Black,192083.0,4.0,"$5,300"
Nissan,White,64532.0,4.0,"$7,400"
Honda,Black,39697.0,4.0,"$9,800"
Toyota,Red,78733.0,4.0,"$6,500"
Toyota,Red,98812.0,4.0,"$12,900"
Toyota,,,4.0,"$17,100"
Honda,Silver,116518.0,4.0,"$11,500"
BMW,Silver,37370.0,5.0,"$32,800"
Toyota,Black,41219.0,4.0,"$15,900"
Toyota,Black,106935.0,4.0,"$11,700"
Nissan,Red,46166.0,4.0,"$7,500"
Toyota,Red,129055.0,5.0,"$6,200"
Toyota,Red,122086.0,5.0,"$5,200"
BMW,Grey,100623.0,5.0,"$16,200"
Honda,Red,118510.0,4.0,"$10,000"
Nissan,White,72980.0,4.0,"$10,200"
Nissan,Silver,126584.0,4.0,"$4,800"
Honda,Red,43589.0,4.0,"$5,700"
Honda,Black,108783.0,4.0,"$4,200"
Honda,Red,96576.0,4.0,"$8,300"
Honda,Blue,124598.0,4.0,"$7,000"
Toyota,Red,80868.0,4.0,"$13,200"
Nissan,Blue,130763.0,5.0,"$7,400"
Nissan,Blue,138278.0,4.0,"$2,500"
Honda,Black,128325.0,5.0,"$10,500"
BMW,Blue,22299.0,3.0,"$24,700"
BMW,Silver,63349.0,4.0,"$24,500"
Nissan,,130696.0,4.0,"$9,700"
Toyota,Blue,154251.0,5.0,"$4,000"
Toyota,Black,130347.0,5.0,"$13,800"
Toyota,Blue,118114.0,4.0,"$12,700"
Honda,Silver,188588.0,4.0,"$8,100"
BMW,Blue,75470.0,4.0,"$31,500"
Toyota,Black,105534.0,4.0,"$10,100"
Toyota,White,79726.0,4.0,"$16,100"
Nissan,Red,66167.0,4.0,"$12,800"
Toyota,Blue,123992.0,4.0,"$4,400"
Nissan,Red,132588.0,4.0,"$2,500"
Nissan,Red,147028.0,4.0,"$7,300"
Nissan,White,78828.0,4.0,"$8,700"
Honda,Black,185799.0,4.0,"$3,800"
Nissan,Blue,52701.0,4.0,"$13,400"
Nissan,Silver,221904.0,5.0,"$2,500"
Nissan,Blue,168641.0,4.0,"$7,600"
Toyota,Blue,59390.0,4.0,"$10,400"
Toyota,Green,162005.0,4.0,"$11,900"
Toyota,Green,127269.0,3.0,"$4,400"
Nissan,Black,223275.0,4.0,"$2,500"
Honda,Red,75913.0,4.0,"$11,100"
Honda,Silver,166599.0,4.0,"$8,600"
Toyota,Black,119573.0,4.0,"$10,900"
Toyota,Black,100262.0,4.0,"$12,100"
Honda,Blue,3000.0,4.0,"$12,700"
BMW,Black,75135.0,5.0,"$18,200"
Toyota,White,118088.0,4.0,"$8,600"
Honda,Black,176262.0,4.0,"$10,400"
Nissan,Black,85914.0,4.0,"$7,900"
Nissan,Blue,107858.0,4.0,"$5,800"
Toyota,Black,108141.0,3.0,"$6,600"
Toyota,,39208.0,5.0,"$15,800"
Honda,White,122217.0,5.0,"$6,300"
Honda,Red,134977.0,4.0,"$5,400"
BMW,Grey,75632.0,5.0,"$30,700"
Nissan,White,110117.0,5.0,"$8,800"
Honda,Black,67211.0,4.0,"$10,300"
BMW,White,56353.0,4.0,"$20,800"
BMW,Silver,57575.0,5.0,"$16,300"
Honda,White,68424.0,4.0,"$9,700"
,Black,97653.0,5.0,"$7,800"
Toyota,Red,94788.0,5.0,"$12,400"
Nissan,Red,160972.0,4.0,"$2,700"
BMW,White,14465.0,3.0,"$19,900"
BMW,Black,44537.0,4.0,"$24,100"
Honda,Silver,55040.0,4.0,
Toyota,Red,74281.0,3.0,"$10,800"
Honda,Blue,120561.0,4.0,"$6,400"
Toyota,Black,76524.0,5.0,"$9,100"
BMW,,63679.0,4.0,"$19,700"
Honda,,119510.0,4.0,"$2,800"
Nissan,Black,91860.0,5.0,"$9,500"
Honda,Black,100824.0,4.0,"$17,300"
BMW,Blue,79691.0,5.0,"$18,700"
Honda,Black,87417.0,4.0,"$4,600"
Honda,Silver,88131.0,4.0,"$7,200"
Honda,White,135938.0,4.0,
Toyota,Red,91928.0,3.0,"$7,400"
Honda,White,175464.0,5.0,"$5,300"
Nissan,White,214623.0,4.0,"$4,100"
Nissan,White,138995.0,5.0,"$7,200"
Nissan,Red,134052.0,4.0,"$2,500"
BMW,White,,3.0,"$30,400"
Nissan,White,109261.0,4.0,"$3,300"
Toyota,Black,95274.0,4.0,"$16,000"
Toyota,Black,162838.0,4.0,"$7,100"
Toyota,White,147475.0,4.0,"$6,700"
Nissan,Blue,16583.0,4.0,"$8,900"
BMW,White,130641.0,5.0,"$21,100"
Honda,Blue,80317.0,4.0,"$9,100"
Honda,Silver,183398.0,4.0,"$10,100"
Toyota,Black,213376.0,3.0,"$3,600"
Nissan,Red,128554.0,4.0,"$2,500"
Honda,Blue,162892.0,4.0,"$2,600"
Honda,Black,102405.0,4.0,"$5,900"
Honda,White,63734.0,4.0,"$8,300"
Toyota,Green,66390.0,5.0,"$10,000"
Honda,Black,65683.0,5.0,"$14,100"
Toyota,Blue,40547.0,5.0,"$14,300"
Toyota,Blue,161333.0,4.0,"$5,500"
Nissan,Blue,71796.0,4.0,"$8,100"
Toyota,Green,159345.0,4.0,"$7,200"
Toyota,Blue,70376.0,3.0,"$12,100"
Honda,Red,39089.0,4.0,"$13,900"
Nissan,Blue,134882.0,4.0,"$4,900"
Toyota,Green,54393.0,5.0,"$9,400"
Toyota,Black,125810.0,4.0,"$13,000"
Nissan,White,76310.0,4.0,"$9,700"
Nissan,Black,3000.0,4.0,"$10,600"
Honda,Blue,90509.0,5.0,"$7,500"
Toyota,Green,49301.0,4.0,
Nissan,Black,128362.0,5.0,"$6,500"
Nissan,Black,3000.0,4.0,"$6,600"
Toyota,Green,66443.0,,"$13,100"
Nissan,Red,3000.0,4.0,"$10,500"
Toyota,Green,70635.0,3.0,"$14,300"
Toyota,White,77978.0,5.0,"$13,100"
Toyota,White,105345.0,4.0,"$3,000"
Toyota,Blue,137946.0,3.0,"$8,100"
Nissan,Silver,140463.0,5.0,"$16,500"
Nissan,White,3000.0,5.0,"$17,100"
Honda,Blue,78202.0,4.0,"$10,900"
Nissan,Silver,109451.0,4.0,"$5,900"
Toyota,Black,68368.0,3.0,"$11,900"
Honda,White,19175.0,5.0,
Honda,Blue,72022.0,4.0,"$7,000"
Toyota,Red,74599.0,4.0,"$15,200"
Honda,Red,66303.0,5.0,"$12,300"
Toyota,Green,59990.0,4.0,"$13,700"
Honda,White,124904.0,5.0,"$14,200"
Toyota,Red,88870.0,3.0,"$11,700"
Honda,White,96707.0,4.0,"$13,100"
Honda,White,57496.0,4.0,"$13,300"
Nissan,Black,101096.0,5.0,"$8,100"
Honda,Red,96404.0,5.0,"$10,600"
Toyota,Blue,91956.0,3.0,"$10,200"
BMW,Silver,131280.0,3.0,"$27,700"
Toyota,Black,143196.0,5.0,"$7,500"
Toyota,Black,51759.0,3.0,"$14,700"
Honda,Silver,134050.0,4.0,"$12,000"
BMW,White,39632.0,4.0,"$24,900"
Nissan,Black,20188.0,4.0,"$10,300"
Toyota,Blue,,4.0,"$6,200"
Nissan,Black,147866.0,5.0,"$5,600"
Nissan,Silver,130147.0,4.0,"$3,000"
Nissan,White,116771.0,4.0,"$2,500"
Toyota,Red,88281.0,5.0,"$6,000"
BMW,Silver,115651.0,5.0,"$28,700"
Nissan,Red,138133.0,4.0,"$9,400"
Honda,Blue,46452.0,4.0,"$16,800"
Toyota,Blue,146473.0,5.0,"$7,800"
Nissan,Blue,175594.0,4.0,"$2,500"
Toyota,White,55125.0,4.0,"$10,300"
BMW,Blue,42782.0,5.0,"$20,100"
Nissan,Silver,,5.0,"$3,700"
Toyota,Blue,116330.0,4.0,"$7,500"
Honda,White,4611.0,4.0,"$14,400"
Honda,Red,3000.0,4.0,"$13,300"
Nissan,Blue,35374.0,4.0,"$15,600"
Toyota,Blue,145390.0,4.0,"$8,300"
Nissan,Black,182767.0,5.0,"$2,500"
Honda,Black,118087.0,4.0,"$9,000"
Toyota,Green,111729.0,4.0,"$12,900"
Nissan,White,153019.0,4.0,"$5,700"
Honda,Red,12565.0,4.0,"$10,200"
,Blue,86109.0,5.0,"$10,700"
Nissan,Red,48708.0,4.0,"$15,900"
Nissan,Blue,196918.0,4.0,"$4,400"
BMW,White,68025.0,3.0,"$22,800"
Toyota,Blue,48500.0,4.0,"$12,700"
Toyota,Red,111403.0,3.0,"$4,500"
Nissan,Red,130713.0,,"$6,100"
Toyota,Green,3000.0,4.0,"$11,200"
Toyota,Red,76492.0,4.0,"$17,100"
Nissan,Blue,143166.0,5.0,"$2,500"
Nissan,Black,139218.0,4.0,"$2,500"
BMW,Grey,110473.0,4.0,"$20,000"
Toyota,Green,93130.0,4.0,"$14,000"
Nissan,Silver,39918.0,4.0,"$6,600"
Nissan,Silver,79318.0,4.0,"$11,100"
Nissan,Red,26916.0,5.0,"$4,000"
Toyota,Red,74539.0,4.0,"$12,900"
Nissan,White,,4.0,"$2,500"
Honda,Red,72251.0,5.0,"$14,400"
Honda,White,3000.0,4.0,"$12,500"
BMW,Black,72997.0,4.0,"$28,000"
Toyota,Blue,71490.0,5.0,"$12,200"
,Black,,4.0,"$12,800"
Toyota,Blue,121582.0,5.0,"$6,600"
Honda,Red,94831.0,4.0,"$10,500"
BMW,Black,50612.0,5.0,"$27,900"
Toyota,Red,47937.0,4.0,"$11,700"
Toyota,Green,129731.0,4.0,"$8,500"
Honda,Black,63846.0,5.0,"$12,400"
Toyota,Black,135159.0,5.0,"$2,800"
Nissan,Red,176908.0,5.0,"$3,500"
,Green,120125.0,4.0,"$12,300"
BMW,Black,7389.0,4.0,"$23,500"
Nissan,Black,95841.0,4.0,"$5,800"
Toyota,Black,188216.0,4.0,"$3,400"
Nissan,Red,80889.0,4.0,"$8,700"
Toyota,Blue,35488.0,4.0,"$11,800"
Honda,Red,107237.0,4.0,"$7,600"
Toyota,Green,93143.0,4.0,"$8,000"
Toyota,Blue,19247.0,4.0,"$14,900"
BMW,Silver,,5.0,"$22,700"
Toyota,Red,109713.0,5.0,"$12,400"
Nissan,Blue,40917.0,4.0,"$14,600"
Toyota,Green,108521.0,4.0,"$14,200"
Toyota,Green,59882.0,5.0,"$17,800"
Honda,Blue,129207.0,4.0,"$9,300"
Toyota,White,110169.0,4.0,"$8,800"
Honda,Silver,149625.0,5.0,"$7,900"
Toyota,Black,3000.0,4.0,"$11,300"
Honda,White,83079.0,4.0,"$10,800"
Honda,White,89283.0,4.0,"$13,300"
Toyota,Green,3000.0,3.0,"$13,500"
Nissan,Silver,10193.0,4.0,"$13,600"
Honda,Blue,87465.0,4.0,"$10,900"
Honda,White,50533.0,4.0,"$15,300"
Honda,Silver,142002.0,5.0,"$9,600"
BMW,Silver,59560.0,,"$29,300"
Honda,Red,58069.0,4.0,"$13,500"
Toyota,Blue,183773.0,4.0,"$9,500"
Toyota,Blue,60060.0,4.0,"$13,100"
Toyota,,30756.0,4.0,"$15,100"
Honda,Black,113628.0,4.0,"$3,100"
Toyota,Red,37587.0,4.0,"$12,000"
Honda,Blue,77558.0,5.0,"$7,200"
Honda,Red,110670.0,4.0,"$9,200"
Honda,Red,82675.0,4.0,"$7,500"
Toyota,White,152532.0,4.0,"$12,900"
Toyota,Green,72854.0,5.0,"$9,400"
Toyota,White,123542.0,5.0,"$8,500"
Toyota,Black,90751.0,5.0,"$13,800"
Nissan,Silver,5076.0,4.0,"$15,300"
Toyota,Black,101779.0,4.0,"$8,900"
Nissan,Red,107002.0,4.0,"$6,800"
Toyota,Green,7977.0,4.0,"$18,500"
Nissan,Red,114314.0,4.0,"$7,700"
Nissan,Blue,165286.0,4.0,"$2,500"
Honda,Blue,114726.0,5.0,"$8,300"
Honda,Blue,132644.0,4.0,"$2,500"
Honda,Silver,87243.0,4.0,"$7,900"
Nissan,Black,136206.0,4.0,"$7,100"
Nissan,Red,72372.0,4.0,"$6,700"
BMW,Black,60352.0,4.0,"$19,800"
Nissan,Blue,159151.0,4.0,"$3,600"
Honda,Silver,3000.0,4.0,"$12,600"
BMW,Blue,21381.0,4.0,"$16,600"
Toyota,Red,33653.0,4.0,"$13,400"
Honda,Blue,155774.0,4.0,"$7,400"
Nissan,Silver,78035.0,4.0,"$9,700"
Honda,Silver,69963.0,4.0,"$8,500"
Toyota,Green,37973.0,5.0,"$7,400"
Toyota,Red,77723.0,5.0,"$12,200"
Nissan,Blue,106589.0,5.0,"$6,700"
Honda,Silver,46604.0,5.0,
Honda,Red,28777.0,4.0,"$14,600"
Toyota,Black,45884.0,4.0,"$10,400"
Toyota,Green,21727.0,5.0,"$12,200"
Nissan,Blue,166617.0,4.0,"$5,600"
Toyota,Blue,148877.0,4.0,"$9,400"
Toyota,Black,40609.0,4.0,"$12,000"
Honda,White,54550.0,4.0,"$15,200"
BMW,White,14734.0,3.0,"$32,500"
Toyota,Red,144433.0,5.0,"$14,400"
Nissan,Black,89057.0,4.0,"$10,000"
BMW,Blue,160829.0,5.0,"$17,400"
Honda,Silver,18318.0,4.0,"$7,300"
Toyota,Black,135061.0,4.0,"$2,600"
Honda,Red,74128.0,4.0,"$11,500"
Nissan,White,122369.0,4.0,"$7,500"
Honda,Silver,102669.0,4.0,"$12,900"
Honda,Black,46288.0,4.0,"$9,800"
Honda,Red,54912.0,4.0,"$13,600"
BMW,Grey,102816.0,5.0,"$27,100"
Toyota,Black,159541.0,4.0,"$3,700"
Honda,White,172026.0,4.0,"$10,300"
Toyota,,136252.0,5.0,"$14,700"
BMW,Black,3000.0,5.0,"$25,700"
Toyota,Green,59764.0,4.0,"$13,600"
Nissan,Red,53192.0,4.0,
Nissan,Black,188750.0,4.0,
Nissan,White,127890.0,5.0,"$4,200"
Nissan,White,64576.0,4.0,"$12,300"
Nissan,Red,155643.0,4.0,"$4,500"
BMW,Black,47447.0,3.0,"$12,200"
Toyota,White,42315.0,3.0,"$18,000"
Honda,Blue,30538.0,5.0,"$13,600"
Toyota,Red,150387.0,4.0,"$3,600"
Toyota,Blue,107604.0,4.0,"$12,700"
Toyota,Green,98649.0,4.0,"$18,600"
Toyota,Red,11232.0,4.0,"$17,500"
Nissan,Red,102323.0,,
Toyota,Green,120947.0,5.0,"$6,800"
Nissan,Black,124823.0,5.0,"$2,500"
Honda,Red,120955.0,5.0,"$9,600"
Toyota,Blue,131210.0,3.0,"$11,100"
Toyota,Green,117116.0,3.0,"$8,200"
Toyota,Green,52184.0,3.0,"$8,500"
Toyota,Green,159710.0,4.0,"$11,200"
Nissan,Silver,98665.0,4.0,"$7,600"
Toyota,Blue,50960.0,3.0,"$15,200"
Honda,White,123940.0,4.0,"$13,800"
Toyota,Green,52327.0,4.0,"$10,400"
Honda,Blue,103109.0,5.0,"$11,500"
Nissan,Black,99922.0,4.0,"$5,300"
Toyota,White,143833.0,4.0,"$10,300"
BMW,Blue,26516.0,5.0,"$36,500"
Toyota,Green,158850.0,3.0,"$6,200"
BMW,White,68343.0,4.0,"$28,700"
Nissan,Red,63744.0,4.0,"$9,000"
Toyota,Green,,3.0,"$15,900"
BMW,Grey,3000.0,3.0,"$37,000"
BMW,Black,51134.0,4.0,"$24,700"
BMW,White,38635.0,4.0,"$24,600"
Honda,Silver,160089.0,5.0,"$2,500"
BMW,Black,118632.0,4.0,"$25,100"
BMW,Blue,14305.0,5.0,"$21,300"
Toyota,Black,185172.0,4.0,"$3,300"
Toyota,Red,38025.0,3.0,"$15,600"
Toyota,Red,115604.0,4.0,"$6,200"
Toyota,Red,109264.0,5.0,"$6,900"
Toyota,White,155242.0,4.0,"$10,900"
Nissan,Red,141792.0,4.0,"$6,200"
Nissan,White,210626.0,4.0,"$2,500"
Nissan,White,45815.0,4.0,"$11,100"
Honda,Blue,192130.0,5.0,"$2,500"
Nissan,Silver,91758.0,4.0,"$8,900"
Nissan,Silver,108981.0,4.0,"$4,500"
BMW,White,112118.0,4.0,"$38,100"
Honda,Red,101414.0,4.0,"$6,200"
Toyota,White,17454.0,3.0,"$13,900"
Nissan,Black,173817.0,4.0,"$5,400"
Nissan,Silver,111865.0,4.0,"$5,400"
Honda,Red,39576.0,5.0,"$15,000"
Toyota,Green,145516.0,3.0,"$2,500"
Honda,Blue,168312.0,4.0,"$7,600"
Honda,Blue,159180.0,5.0,"$2,900"
BMW,White,7635.0,5.0,"$27,700"
Toyota,Black,124144.0,4.0,"$14,900"
Toyota,White,134716.0,4.0,"$7,700"
Toyota,,44628.0,4.0,"$15,900"
Nissan,Black,57976.0,4.0,"$13,800"
Toyota,Black,83211.0,3.0,"$15,300"
Toyota,Red,133304.0,3.0,"$7,000"
Toyota,Red,70991.0,5.0,"$10,900"
Honda,Black,112559.0,4.0,"$8,900"
Honda,Black,63497.0,4.0,"$10,500"
Honda,White,95771.0,5.0,"$3,600"
Toyota,Red,121824.0,4.0,"$5,800"
Toyota,Black,38026.0,5.0,"$8,500"
Toyota,Green,4717.0,3.0,"$8,600"
Toyota,Green,61130.0,4.0,"$17,500"
Toyota,Green,70654.0,4.0,"$11,300"
Toyota,Blue,118825.0,4.0,"$9,600"
Toyota,Green,93972.0,5.0,"$6,600"
Nissan,Red,193251.0,4.0,"$7,600"
Toyota,White,10501.0,4.0,"$11,000"
Honda,Red,78569.0,4.0,"$7,100"
Honda,Black,116286.0,4.0,"$6,300"
Nissan,Blue,233243.0,4.0,"$4,200"
Honda,White,102203.0,4.0,"$12,100"
Honda,Black,145083.0,4.0,"$5,500"
Toyota,Blue,55556.0,5.0,"$13,100"
BMW,Grey,,5.0,"$25,100"
Toyota,Red,15996.0,5.0,"$12,000"
BMW,Silver,61893.0,5.0,"$25,600"
Nissan,Blue,222462.0,4.0,"$2,500"
Nissan,Red,140312.0,4.0,"$9,200"
Honda,Red,201029.0,4.0,"$3,000"
Honda,Black,115588.0,4.0,"$10,300"
Honda,Blue,101383.0,4.0,"$8,700"
BMW,Black,83310.0,4.0,"$8,100"
Nissan,Black,150195.0,4.0,"$5,600"
Toyota,Red,86431.0,3.0,"$16,200"
Nissan,White,74203.0,5.0,"$8,300"
Nissan,Red,223526.0,4.0,"$2,500"
Honda,Black,65594.0,4.0,
BMW,Black,100310.0,4.0,"$25,100"
BMW,White,10709.0,5.0,"$25,000"
Nissan,Silver,77988.0,5.0,"$9,000"
Honda,Black,112440.0,4.0,"$10,000"
Honda,Black,6751.0,4.0,"$16,900"
Nissan,Black,126143.0,5.0,"$10,700"
Toyota,Green,121098.0,3.0,"$11,000"
Nissan,Blue,138126.0,4.0,"$9,100"
Nissan,Blue,141246.0,5.0,"$5,900"
Toyota,White,216166.0,4.0,"$7,500"
Toyota,White,127834.0,4.0,"$4,700"
Honda,Silver,30161.0,4.0,"$13,300"
Toyota,Blue,105567.0,4.0,"$7,800"
Nissan,Red,119895.0,4.0,"$10,400"
Toyota,White,134160.0,4.0,"$4,800"
Honda,White,,5.0,"$8,000"
Honda,Red,73390.0,5.0,"$9,700"
BMW,Silver,44938.0,4.0,"$18,100"
Nissan,Black,104851.0,4.0,"$5,900"
Nissan,White,3000.0,5.0,"$18,000"
Toyota,Green,154616.0,4.0,"$5,600"
Nissan,Blue,113053.0,5.0,"$4,400"
Honda,White,173394.0,4.0,"$11,300"
Toyota,Black,106148.0,4.0,"$13,300"
Toyota,Red,107114.0,3.0,"$4,400"
Toyota,Blue,76585.0,3.0,"$10,700"
Toyota,Green,74363.0,4.0,"$9,900"
Honda,Red,87612.0,5.0,"$10,000"
Honda,Red,94508.0,5.0,"$6,700"
Toyota,Green,60715.0,5.0,"$7,800"
Honda,Blue,138935.0,5.0,"$2,500"
Nissan,Silver,176601.0,5.0,"$8,200"
Honda,,77495.0,4.0,"$2,500"
Toyota,Blue,79211.0,4.0,"$10,800"
Honda,White,43491.0,4.0,"$10,200"
Toyota,Black,177570.0,4.0,"$8,800"
Toyota,Green,49922.0,4.0,"$6,600"
Toyota,Green,80995.0,4.0,"$9,600"
Toyota,Blue,123802.0,3.0,"$6,300"
Toyota,Black,124597.0,5.0,"$16,000"
Toyota,Blue,140406.0,4.0,"$8,000"
Toyota,Black,88476.0,5.0,"$10,400"
Nissan,Silver,178115.0,4.0,"$2,500"
Honda,Red,94170.0,4.0,"$9,400"
Toyota,Blue,71907.0,5.0,"$7,700"
Toyota,Black,114794.0,3.0,"$8,500"
Nissan,Blue,140013.0,4.0,"$4,100"
Toyota,Red,161482.0,4.0,"$4,300"
Honda,Blue,174177.0,5.0,"$2,500"
Honda,Red,112868.0,,"$9,800"
BMW,Silver,31586.0,4.0,"$29,600"
Toyota,Green,164534.0,3.0,"$2,500"
Honda,White,116131.0,4.0,"$2,500"
BMW,Silver,24442.0,5.0,"$38,500"
Nissan,Red,79420.0,5.0,"$5,900"
Toyota,Blue,87707.0,4.0,"$17,200"
Honda,Silver,4079.0,4.0,"$10,500"
Honda,White,163876.0,4.0,"$11,700"
Toyota,White,92621.0,4.0,"$6,500"
Toyota,White,206983.0,4.0,"$10,200"
Nissan,White,150021.0,4.0,"$2,900"
Toyota,Black,95450.0,5.0,"$10,700"
Nissan,Black,130527.0,4.0,"$9,900"
Toyota,Blue,143729.0,3.0,"$3,600"
Nissan,Black,189083.0,4.0,"$4,200"
BMW,Black,93856.0,4.0,"$33,600"
Toyota,Black,40197.0,5.0,"$13,700"
Nissan,White,82238.0,4.0,"$4,200"
Honda,Red,108642.0,4.0,"$16,100"
Honda,Blue,3676.0,4.0,"$13,500"
Nissan,Red,147870.0,5.0,"$6,000"
Nissan,White,105664.0,4.0,"$3,800"
Honda,Blue,103173.0,4.0,"$6,600"
Toyota,White,3000.0,5.0,"$19,200"
Toyota,Black,147836.0,4.0,"$8,200"
Toyota,Black,,4.0,"$13,300"
Nissan,Black,124563.0,5.0,"$9,500"
Honda,Black,77720.0,4.0,"$14,300"
Toyota,Black,114680.0,4.0,"$10,200"
Toyota,Green,31956.0,4.0,"$13,500"
Honda,Blue,52066.0,4.0,"$9,400"
Honda,Black,52861.0,4.0,"$8,300"
BMW,Black,154240.0,4.0,"$29,900"
Toyota,Red,197859.0,4.0,"$2,500"
Toyota,Red,,4.0,"$5,700"
Honda,White,58606.0,4.0,"$8,300"
Honda,Red,151500.0,4.0,"$5,300"
Honda,Silver,143282.0,4.0,"$8,900"
Toyota,Green,217789.0,4.0,"$2,500"
BMW,Black,117887.0,3.0,"$29,500"
Toyota,Black,47384.0,4.0,"$16,000"
BMW,Black,79118.0,5.0,"$24,000"
BMW,White,30394.0,4.0,"$22,200"
Honda,Black,190390.0,4.0,"$5,100"
Toyota,Blue,138670.0,5.0,"$6,400"
Toyota,Green,57447.0,4.0,"$14,900"
BMW,Blue,8317.0,4.0,"$25,200"
Toyota,Blue,99769.0,4.0,"$10,400"
Toyota,Blue,88687.0,4.0,"$11,800"
Toyota,Green,134028.0,3.0,"$9,300"
Toyota,Green,46738.0,3.0,"$10,100"
Toyota,Blue,160127.0,5.0,"$10,800"
Toyota,Black,26611.0,3.0,"$14,000"
BMW,Black,3000.0,4.0,"$28,700"
Nissan,Red,218274.0,4.0,"$2,500"
BMW,Grey,29958.0,5.0,"$32,500"
Toyota,Black,17774.0,4.0,"$12,100"
Honda,Red,120629.0,4.0,"$6,100"
Toyota,Red,85729.0,4.0,"$13,000"
Nissan,Black,135606.0,5.0,"$7,300"
Toyota,Blue,80365.0,4.0,"$12,200"
Toyota,White,91565.0,4.0,"$12,000"
Toyota,Black,72159.0,5.0,"$11,700"
Honda,Red,44482.0,4.0,"$11,500"
Honda,Black,53071.0,4.0,"$8,200"
,Grey,75863.0,5.0,"$26,800"
BMW,White,97880.0,5.0,"$21,600"
Nissan,Black,134850.0,4.0,"$7,400"
Toyota,Green,121128.0,5.0,"$6,500"
Toyota,Green,105766.0,5.0,"$11,000"
Nissan,Black,112401.0,4.0,"$2,500"
Honda,White,99703.0,5.0,"$16,500"
BMW,Grey,49878.0,5.0,"$21,900"
BMW,Blue,80680.0,4.0,"$26,500"
Honda,Black,149251.0,4.0,"$3,200"
Honda,Silver,127106.0,4.0,"$9,600"
Honda,White,85176.0,4.0,"$10,800"
Toyota,Green,151531.0,4.0,"$9,800"
Nissan,Blue,47990.0,4.0,"$11,900"
Toyota,Red,94636.0,4.0,"$10,400"
Toyota,White,101806.0,4.0,"$9,500"
Nissan,Red,178735.0,4.0,"$3,300"
Honda,White,38261.0,4.0,"$10,800"
Nissan,Silver,122006.0,4.0,"$9,600"
Toyota,Red,129360.0,4.0,"$5,800"
Nissan,Blue,251170.0,4.0,"$2,500"
BMW,White,118566.0,4.0,"$21,700"
Toyota,,125734.0,4.0,"$11,500"
Nissan,White,180218.0,4.0,"$6,400"
Toyota,Blue,143354.0,3.0,"$6,100"
Toyota,Red,68269.0,4.0,"$12,500"
Toyota,Blue,146522.0,4.0,"$7,200"
BMW,Blue,109737.0,5.0,"$33,200"
Toyota,White,50351.0,4.0,"$9,800"
Toyota,Red,90700.0,4.0,"$11,400"
Toyota,Black,70722.0,5.0,"$16,700"
Honda,Silver,112355.0,4.0,"$8,700"
Toyota,Red,23332.0,4.0,
BMW,Black,76802.0,4.0,"$11,000"
BMW,White,107530.0,5.0,"$22,900"
Nissan,Black,260000.0,4.0,"$6,100"
Toyota,Green,88564.0,4.0,"$9,600"
Honda,Blue,139787.0,4.0,"$12,300"
Toyota,Black,12822.0,3.0,"$7,800"
,Silver,62142.0,5.0,"$13,400"
Honda,Silver,115849.0,4.0,"$11,600"
Toyota,White,35615.0,3.0,"$4,800"
Nissan,White,160048.0,5.0,"$3,100"
Nissan,Red,3000.0,5.0,"$12,900"
Toyota,Green,139245.0,4.0,"$7,200"
,White,74191.0,4.0,"$10,800"
Honda,Red,74212.0,4.0,"$6,100"
Toyota,Black,60836.0,4.0,"$13,800"
Toyota,Green,114727.0,3.0,"$8,300"
Nissan,Black,56271.0,4.0,"$9,200"
Honda,Red,3000.0,4.0,"$14,000"
Honda,White,160585.0,4.0,"$2,500"
Nissan,Silver,,4.0,"$9,300"
Nissan,,182159.0,5.0,"$3,100"
Nissan,Red,73233.0,4.0,"$3,400"
Toyota,Green,103378.0,3.0,"$14,900"
Nissan,Silver,127532.0,4.0,"$6,100"
BMW,White,78527.0,4.0,"$24,500"
Nissan,Silver,66471.0,5.0,"$11,900"
Toyota,Black,109739.0,3.0,"$9,000"
Toyota,Blue,47280.0,5.0,"$17,400"
Nissan,White,149223.0,5.0,
Nissan,Blue,168102.0,5.0,"$3,600"
Toyota,Red,57335.0,4.0,"$9,500"
Honda,Red,6988.0,4.0,"$14,700"
Toyota,Blue,3000.0,4.0,"$10,700"
BMW,White,3000.0,4.0,"$27,600"
Toyota,Blue,90183.0,3.0,"$8,600"
Honda,White,41956.0,4.0,"$8,300"
Toyota,Black,122147.0,5.0,"$8,200"
Honda,Red,107185.0,5.0,"$6,700"
Honda,Silver,100691.0,5.0,"$13,700"
Toyota,Green,128480.0,4.0,"$6,700"
Nissan,White,126403.0,4.0,"$5,500"
Nissan,Blue,112441.0,4.0,"$5,900"
Honda,Silver,84111.0,4.0,"$10,500"
Toyota,Blue,46345.0,4.0,"$9,300"
Nissan,White,34241.0,4.0,"$6,300"
Toyota,Blue,34701.0,4.0,"$13,600"
Nissan,White,62003.0,4.0,"$10,500"
Nissan,Black,113943.0,4.0,"$2,500"
BMW,Black,92508.0,5.0,"$30,100"
Toyota,Red,46319.0,4.0,"$13,800"
Toyota,Black,53462.0,4.0,"$12,800"
Honda,White,31304.0,5.0,"$7,600"
Honda,Red,73624.0,4.0,"$9,800"
Toyota,Blue,77320.0,4.0,"$7,300"
Toyota,Black,77205.0,3.0,"$11,300"
Toyota,Black,95665.0,5.0,"$11,800"
Honda,Silver,59834.0,4.0,"$14,600"
Toyota,Black,36838.0,4.0,"$14,800"
BMW,White,114639.0,3.0,"$25,100"
Nissan,Silver,100658.0,4.0,"$6,000"
Nissan,Blue,170020.0,4.0,"$2,500"
Honda,Silver,45434.0,5.0,"$11,200"
Nissan,Red,181308.0,5.0,"$5,100"
Toyota,Blue,47661.0,4.0,"$11,500"
Toyota,White,66055.0,3.0,"$8,500"
Nissan,Silver,166817.0,4.0,"$2,500"
Toyota,Red,181656.0,4.0,"$8,800"
Toyota,Red,154724.0,4.0,"$5,900"
Nissan,Blue,103603.0,4.0,"$3,500"
Nissan,White,82618.0,4.0,"$9,500"
Toyota,Blue,165395.0,4.0,"$3,400"
Toyota,Blue,78993.0,4.0,"$10,600"
Honda,Silver,25002.0,5.0,"$15,100"
,Silver,57248.0,4.0,"$10,600"
Toyota,Green,74498.0,4.0,"$8,100"
Toyota,Green,97633.0,4.0,"$8,800"
BMW,Grey,49381.0,5.0,"$21,900"
Honda,White,107337.0,4.0,"$13,700"
Toyota,Blue,105274.0,3.0,"$12,100"
Toyota,Blue,25708.0,3.0,"$13,100"
Nissan,Red,50547.0,4.0,"$5,700"
Nissan,Red,70595.0,4.0,"$11,700"
Nissan,White,165200.0,4.0,"$5,000"
Toyota,Blue,18299.0,4.0,"$13,300"
Toyota,Green,113688.0,4.0,"$9,300"
BMW,Blue,3000.0,5.0,"$23,000"
Nissan,Black,108411.0,4.0,"$8,600"
,Red,3000.0,5.0,"$14,700"
Honda,Silver,98866.0,4.0,"$11,800"
Toyota,Red,134028.0,3.0,"$9,300"
Honda,White,,4.0,"$5,600"
Honda,Blue,73133.0,5.0,"$14,000"
Honda,Black,158885.0,4.0,"$8,700"
Nissan,Black,136043.0,4.0,"$6,900"
BMW,White,,5.0,"$26,200"
Honda,Blue,172115.0,4.0,"$2,800"
Nissan,Black,202427.0,5.0,"$2,600"
Honda,Blue,155620.0,5.0,"$2,900"
Toyota,Blue,128467.0,4.0,"$6,400"
Nissan,Red,32745.0,4.0,
Nissan,Red,168530.0,4.0,"$2,500"
Nissan,Silver,28055.0,5.0,"$11,300"
Toyota,Blue,93453.0,3.0,"$11,200"
Honda,Blue,137580.0,4.0,"$7,100"
Nissan,Silver,215908.0,4.0,"$2,600"
Toyota,Black,79985.0,4.0,"$6,100"
Toyota,White,,4.0,"$9,800"
Honda,Black,138094.0,4.0,"$8,900"
Toyota,Blue,36672.0,5.0,"$14,300"
Honda,Silver,124233.0,4.0,"$12,600"
Honda,Blue,134600.0,4.0,"$9,700"
Honda,Red,94884.0,4.0,"$10,400"
Nissan,Black,181972.0,4.0,"$2,500"
Toyota,White,79829.0,3.0,"$7,700"
Honda,Silver,110199.0,4.0,"$12,400"
Toyota,Blue,66957.0,4.0,"$4,000"
Nissan,Blue,88915.0,4.0,"$10,200"
Toyota,Blue,125956.0,4.0,"$10,200"
Nissan,Red,96320.0,4.0,"$4,100"
Honda,Silver,116734.0,4.0,"$5,900"
Toyota,Green,211573.0,4.0,"$6,000"
Toyota,Blue,67806.0,4.0,"$9,600"
Nissan,Black,106795.0,4.0,"$6,700"
BMW,Grey,111907.0,3.0,"$23,300"
Toyota,Black,59955.0,4.0,"$18,200"
Honda,Blue,94366.0,4.0,"$11,600"
Toyota,Blue,66372.0,5.0,"$13,500"
Nissan,Black,129422.0,5.0,"$2,500"
BMW,White,149641.0,4.0,"$29,700"
Honda,Blue,72934.0,4.0,"$7,000"
Toyota,Green,116073.0,4.0,"$8,900"
Honda,Blue,109072.0,4.0,"$9,200"
Honda,Black,116299.0,4.0,"$12,900"
Honda,Silver,119268.0,4.0,"$5,100"
BMW,White,122227.0,3.0,"$32,300"
Nissan,Red,260000.0,4.0,"$2,500"
Toyota,Black,110629.0,5.0,"$3,800"
Toyota,Blue,126763.0,4.0,"$7,000"
Nissan,White,219712.0,5.0,"$2,500"
BMW,Silver,3000.0,3.0,"$24,200"
Honda,Blue,3000.0,4.0,"$15,900"
Honda,Silver,3000.0,4.0,"$13,800"
Toyota,White,3000.0,4.0,"$13,600"
Toyota,White,183455.0,4.0,"$7,300"
Toyota,Black,53098.0,3.0,"$11,500"
Toyota,Blue,98936.0,4.0,"$11,600"
Toyota,Blue,26923.0,5.0,"$16,100"
Toyota,Red,3000.0,4.0,"$12,500"
Toyota,Blue,72609.0,5.0,"$14,100"
Honda,Red,93086.0,4.0,"$5,100"
Honda,Black,44720.0,4.0,"$12,500"
Honda,Red,88204.0,4.0,"$7,800"
Honda,Silver,68919.0,4.0,"$12,700"
Honda,Red,67150.0,4.0,"$10,200"
Toyota,Green,210836.0,4.0,"$2,500"
BMW,Silver,3000.0,4.0,"$33,300"
Toyota,White,62710.0,5.0,"$11,500"
BMW,Black,32191.0,5.0,"$26,000"
Nissan,Silver,201518.0,5.0,
Honda,Blue,133386.0,4.0,"$3,200"
Nissan,Black,47535.0,4.0,"$2,700"
Honda,Red,53149.0,4.0,"$14,000"
BMW,Blue,86711.0,3.0,"$21,800"
Nissan,Silver,110751.0,4.0,"$5,200"
Nissan,Black,,4.0,"$8,500"
Toyota,Blue,13973.0,5.0,"$15,800"
BMW,Black,,4.0,"$20,900"
Toyota,Green,134436.0,5.0,"$17,500"
Honda,Black,86991.0,5.0,"$11,800"
BMW,Silver,,4.0,"$27,900"
Nissan,Blue,137775.0,4.0,"$6,100"
Nissan,White,54897.0,4.0,"$10,100"
Toyota,Red,,5.0,"$8,600"
Toyota,Blue,148023.0,4.0,"$7,000"
Honda,White,127995.0,5.0,"$9,300"
BMW,Grey,25061.0,4.0,"$29,100"
Honda,Silver,44398.0,5.0,"$10,600"
Nissan,Black,122602.0,4.0,"$7,300"
Nissan,Blue,45402.0,4.0,"$12,700"
Honda,Silver,119456.0,4.0,"$6,100"
Nissan,Silver,25895.0,4.0,"$10,600"
Nissan,Blue,87027.0,4.0,"$8,300"
Honda,Black,74570.0,4.0,"$4,500"
Nissan,Silver,90252.0,5.0,"$7,800"
Nissan,Black,147485.0,4.0,"$3,600"
BMW,Silver,135504.0,3.0,"$8,700"
Toyota,Black,166180.0,5.0,"$7,200"
Nissan,Black,160136.0,4.0,"$5,000"
Honda,Black,146698.0,5.0,"$6,600"
Honda,Blue,39266.0,4.0,"$16,200"
BMW,Black,60233.0,5.0,"$27,800"
Honda,Silver,151268.0,4.0,"$3,600"
Nissan,White,145347.0,4.0,"$3,700"
Nissan,White,104598.0,4.0,"$7,400"
Honda,Blue,19989.0,4.0,"$10,500"
Honda,White,156851.0,4.0,"$9,100"
Nissan,Black,108492.0,5.0,"$8,500"
Toyota,White,82699.0,3.0,"$14,400"
Honda,Red,82383.0,5.0,"$11,200"
Honda,Black,147009.0,5.0,"$5,500"
Nissan,Silver,199292.0,4.0,"$2,500"
Honda,Black,170222.0,4.0,"$4,900"
Honda,Black,80350.0,4.0,"$4,600"
Toyota,Green,,4.0,"$7,300"
Honda,Red,62832.0,4.0,"$10,300"
Honda,Blue,137973.0,4.0,"$7,900"
Nissan,Blue,129229.0,4.0,"$3,100"
Toyota,Green,52200.0,4.0,"$17,400"
Toyota,Black,59769.0,5.0,"$18,200"
Toyota,Blue,85360.0,4.0,"$10,700"
Toyota,Blue,153658.0,4.0,"$11,600"
Honda,Black,86680.0,5.0,"$9,500"
Honda,Red,89315.0,5.0,"$11,200"
BMW,Blue,102434.0,4.0,
Toyota,White,130182.0,4.0,"$13,900"
Nissan,Silver,133353.0,4.0,"$6,700"
Honda,Silver,19092.0,4.0,"$5,100"
Toyota,White,118195.0,4.0,"$8,900"
Toyota,Green,71231.0,4.0,"$11,500"
BMW,Silver,62463.0,4.0,
Honda,Red,96133.0,4.0,"$6,900"
Honda,Red,139527.0,4.0,"$6,400"
Nissan,Black,141486.0,4.0,"$4,400"
Toyota,Blue,64209.0,4.0,"$12,000"
Honda,Red,92615.0,4.0,"$10,700"
Honda,Black,79105.0,4.0,"$4,800"
Nissan,Silver,87764.0,4.0,"$10,100"
Honda,Red,77725.0,4.0,"$9,300"
Honda,White,139346.0,4.0,"$5,100"
Honda,Black,17945.0,4.0,"$12,700"
Honda,Silver,68759.0,4.0,"$7,700"
BMW,Silver,57634.0,4.0,"$28,800"
Toyota,Black,97516.0,5.0,"$12,100"
Toyota,Red,192297.0,4.0,"$4,500"
Toyota,Green,112474.0,5.0,"$7,900"
Nissan,Red,64603.0,4.0,"$7,400"
Honda,Silver,69019.0,5.0,"$12,400"
Nissan,Silver,243548.0,4.0,"$2,500"
BMW,Blue,47501.0,4.0,"$25,600"
Honda,Blue,110998.0,5.0,"$10,000"
Toyota,Black,164772.0,4.0,"$2,500"
Toyota,Black,3000.0,4.0,"$13,300"
Honda,Black,144670.0,4.0,"$2,500"
Nissan,Black,3000.0,5.0,"$14,300"
Toyota,White,110670.0,5.0,"$6,800"
Toyota,Red,46751.0,5.0,"$10,000"
Honda,Black,97305.0,4.0,"$7,500"
Nissan,Black,139667.0,5.0,"$2,500"
Honda,Blue,50871.0,4.0,"$8,000"
BMW,Grey,54233.0,5.0,"$22,900"
Honda,Blue,130296.0,4.0,"$2,500"
Toyota,Red,100365.0,3.0,"$10,800"
Honda,Silver,181119.0,4.0,"$3,900"
BMW,White,78627.0,4.0,"$12,900"
Toyota,Green,3000.0,,"$16,700"
Toyota,Red,97710.0,4.0,"$13,800"
Toyota,Red,26583.0,4.0,"$15,100"
Nissan,Red,216653.0,4.0,"$2,900"
Honda,White,105275.0,4.0,"$8,900"
Honda,White,16597.0,5.0,"$17,800"
Honda,White,62678.0,4.0,"$12,400"
Honda,Silver,16974.0,4.0,"$9,500"
Honda,Silver,160884.0,4.0,"$5,200"
Nissan,White,193383.0,4.0,"$2,800"
Nissan,Red,8853.0,4.0,"$13,900"
Toyota,White,67325.0,4.0,"$13,900"
Toyota,Green,99310.0,4.0,"$4,500"
Toyota,White,106543.0,5.0,"$17,500"
Toyota,White,123635.0,4.0,"$8,800"
Nissan,Silver,172219.0,5.0,"$5,300"
Nissan,Red,123733.0,4.0,"$3,300"
Honda,Red,103224.0,4.0,"$11,900"
Toyota,Red,54524.0,4.0,"$16,600"
Honda,Red,87598.0,4.0,"$6,900"
Toyota,Green,149876.0,4.0,"$6,100"
Honda,Black,128456.0,5.0,"$7,800"
Toyota,Red,94889.0,4.0,"$11,800"
,Black,128290.0,4.0,"$2,500"
BMW,Silver,17907.0,4.0,"$33,500"
BMW,Silver,59450.0,5.0,"$22,900"
Nissan,Black,35919.0,4.0,"$7,800"
Nissan,Black,3000.0,4.0,"$11,900"
Toyota,Black,66881.0,4.0,"$8,800"
Toyota,White,94457.0,5.0,"$12,200"
BMW,Blue,152914.0,5.0,"$11,900"
Honda,Blue,147650.0,4.0,"$9,700"
BMW,Blue,32278.0,3.0,"$27,200"
Nissan,White,86372.0,5.0,"$9,200"
Nissan,Blue,196511.0,5.0,"$5,100"
Nissan,Black,140482.0,4.0,"$4,600"
Honda,Blue,20765.0,4.0,"$12,100"
BMW,Blue,115677.0,3.0,"$12,000"
BMW,Black,20686.0,5.0,"$29,000"
Nissan,Black,56859.0,5.0,"$8,300"
Toyota,Red,75972.0,4.0,"$6,700"
Toyota,Black,47345.0,4.0,"$15,000"
Toyota,Red,30016.0,4.0,"$8,100"
Toyota,Black,65238.0,3.0,"$13,400"
Toyota,Black,87760.0,4.0,"$9,400"
Toyota,Green,100306.0,4.0,"$3,800"
Honda,Black,115745.0,4.0,"$9,700"
Honda,Silver,72353.0,4.0,"$13,500"
Honda,White,37880.0,5.0,"$16,100"
Nissan,White,120651.0,4.0,"$5,600"
BMW,Black,64165.0,5.0,"$25,500"
Honda,Silver,150573.0,5.0,"$4,200"
Honda,White,55399.0,4.0,"$14,300"
Toyota,White,67032.0,5.0,"$15,200"
Nissan,Blue,207168.0,4.0,"$2,500"
Toyota,White,133430.0,4.0,"$4,800"
Toyota,Red,137246.0,4.0,
Nissan,Black,138490.0,5.0,
Nissan,Red,18979.0,4.0,"$12,400"
BMW,Black,3000.0,4.0,"$26,300"
Nissan,,164706.0,4.0,"$5,100"
Honda,Red,185520.0,4.0,"$8,000"
Honda,White,60612.0,4.0,"$11,000"
Honda,Black,89726.0,4.0,"$5,000"
Toyota,Green,49099.0,3.0,"$9,100"
BMW,Blue,3000.0,4.0,"$28,400"
Toyota,White,85048.0,5.0,"$6,100"
BMW,Silver,81976.0,4.0,"$29,200"
Nissan,Blue,124713.0,5.0,"$6,000"
Nissan,Silver,145120.0,4.0,"$7,100"
Toyota,Blue,113984.0,5.0,"$7,500"
BMW,Blue,76617.0,4.0,"$32,400"
Honda,White,,4.0,"$17,100"
Nissan,Black,82564.0,4.0,"$8,500"
BMW,Blue,36755.0,4.0,"$28,000"
Nissan,Blue,14435.0,4.0,"$10,000"
Toyota,Green,41209.0,5.0,"$13,300"
Honda,White,139733.0,4.0,"$9,200"
Nissan,White,3000.0,5.0,"$18,000"
Toyota,,113354.0,5.0,"$7,700"
BMW,Black,71599.0,4.0,"$26,300"
Nissan,Black,74656.0,4.0,"$9,300"
Honda,White,62841.0,4.0,"$9,600"
Honda,Red,59058.0,4.0,"$6,600"
Honda,Silver,99000.0,4.0,"$11,000"
Nissan,Black,140833.0,4.0,"$7,800"
Nissan,Silver,130163.0,4.0,"$4,600"
Toyota,Black,141662.0,5.0,"$4,700"
BMW,Blue,27171.0,4.0,"$20,700"
Honda,White,143842.0,5.0,"$10,600"
Honda,Blue,115390.0,4.0,"$11,500"
Toyota,Blue,52277.0,3.0,"$12,500"
Toyota,White,91490.0,4.0,"$13,200"
Honda,Silver,86469.0,4.0,"$8,600"
Nissan,Silver,142290.0,4.0,"$7,700"
Nissan,White,74572.0,4.0,"$8,400"
BMW,Black,20545.0,3.0,"$10,400"
Nissan,White,123225.0,4.0,"$7,900"
Nissan,Red,126675.0,4.0,"$2,500"
BMW,Grey,50264.0,4.0,"$11,500"
BMW,Black,122527.0,4.0,"$15,700"
BMW,Grey,117726.0,4.0,"$28,900"
Nissan,White,61566.0,5.0,"$7,000"
Nissan,Silver,131620.0,4.0,"$3,800"
BMW,Blue,69304.0,3.0,"$21,000"
Toyota,Red,5379.0,4.0,"$7,300"
BMW,Blue,74520.0,5.0,"$21,800"
Nissan,Silver,81026.0,4.0,"$10,200"
Honda,Blue,148325.0,4.0,"$6,000"
Honda,White,75651.0,5.0,"$12,400"
Honda,Black,26867.0,5.0,"$14,100"
Nissan,Blue,142905.0,4.0,"$7,100"
,Blue,3000.0,4.0,"$11,300"
Toyota,Blue,52330.0,4.0,"$12,600"
Toyota,Green,122998.0,4.0,"$13,100"
Nissan,Silver,84281.0,4.0,
Nissan,Silver,176381.0,4.0,"$4,600"
Honda,Silver,152847.0,5.0,"$8,200"
Honda,,36458.0,4.0,"$8,000"
BMW,Blue,3000.0,3.0,"$31,500"
Toyota,Black,159807.0,5.0,"$14,100"
Honda,Blue,132469.0,4.0,"$11,000"
Honda,Black,64159.0,4.0,"$7,500"
Nissan,Blue,159604.0,4.0,"$5,600"
Nissan,Blue,118016.0,4.0,"$7,500"
Nissan,Red,130098.0,4.0,"$9,200"
Honda,White,154159.0,4.0,"$8,200"
Honda,Silver,132598.0,4.0,"$9,200"
Nissan,Silver,86174.0,4.0,"$10,100"
Honda,Blue,25064.0,4.0,"$15,700"
,Green,35884.0,4.0,"$13,300"
BMW,White,29503.0,5.0,"$31,200"
Toyota,Blue,96235.0,4.0,"$5,100"
BMW,Grey,82669.0,3.0,"$19,700"
Toyota,Blue,143819.0,4.0,"$8,000"
Honda,Red,110980.0,4.0,"$5,600"
Nissan,Silver,78997.0,4.0,
BMW,Black,100981.0,4.0,"$34,700"
Honda,Silver,53351.0,4.0,"$14,600"
BMW,Black,3000.0,4.0,"$20,600"
Nissan,White,58308.0,4.0,"$5,800"
Toyota,Black,15653.0,4.0,"$15,600"
Toyota,White,86868.0,3.0,"$11,000"
Nissan,Black,150666.0,5.0,"$6,600"
Toyota,Black,132203.0,5.0,"$9,300"
Nissan,Red,45528.0,4.0,"$12,600"
Toyota,,67366.0,5.0,"$9,300"
Toyota,Blue,88748.0,3.0,"$6,800"
Toyota,Green,76293.0,4.0,"$11,600"
Nissan,White,131507.0,4.0,"$3,600"
Nissan,Black,84688.0,4.0,"$11,100"
Honda,Black,115827.0,4.0,"$14,800"
BMW,Blue,114565.0,4.0,"$30,300"
Toyota,Red,25830.0,4.0,"$15,900"
Honda,Silver,89450.0,5.0,"$8,700"
Nissan,Silver,121408.0,4.0,"$8,900"
BMW,Blue,86034.0,5.0,"$19,200"
Honda,Silver,127638.0,5.0,"$6,600"
Toyota,Red,109267.0,4.0,"$8,500"
BMW,Blue,55807.0,3.0,"$29,700"
BMW,Grey,21311.0,4.0,"$39,900"
Honda,Red,4587.0,4.0,"$11,600"
Toyota,Red,117251.0,4.0,"$11,000"
BMW,Silver,60780.0,5.0,"$25,800"
Honda,Blue,111706.0,5.0,"$8,500"
Nissan,White,190018.0,5.0,"$6,100"
Honda,Silver,133895.0,5.0,"$5,400"
BMW,Blue,61665.0,5.0,"$24,100"
Nissan,Black,55686.0,4.0,"$10,600"
Nissan,Silver,81891.0,5.0,"$10,700"
Honda,Silver,40630.0,5.0,"$17,800"
BMW,Black,27354.0,4.0,"$28,600"
Honda,Silver,130009.0,4.0,"$6,000"
Toyota,Blue,142328.0,4.0,"$4,100"
Toyota,Black,173510.0,4.0,"$6,900"
Honda,Blue,63372.0,4.0,"$9,900"
Nissan,Blue,157299.0,4.0,"$3,100"
Toyota,Red,59033.0,5.0,"$11,900"
Toyota,Green,36797.0,4.0,
Honda,Black,64813.0,4.0,"$13,400"
BMW,Silver,73797.0,4.0,"$18,500"
Honda,White,91714.0,4.0,"$11,800"
Honda,Red,82963.0,4.0,"$13,300"
BMW,Silver,107903.0,4.0,"$29,300"
Toyota,Green,74097.0,4.0,"$7,200"
Toyota,Blue,66093.0,5.0,"$13,000"
Honda,Silver,118197.0,4.0,"$2,500"
BMW,Silver,64659.0,5.0,"$27,000"
Nissan,Black,96457.0,4.0,"$11,100"
Nissan,White,135619.0,4.0,"$9,100"
Honda,Red,81633.0,4.0,"$12,600"
Toyota,White,183023.0,4.0,"$10,400"
Honda,Silver,39577.0,5.0,"$11,900"
Honda,Red,75432.0,4.0,"$11,600"
Nissan,White,150435.0,4.0,
BMW,Black,67849.0,3.0,"$11,300"
Toyota,,172981.0,4.0,"$5,000"
Toyota,White,100904.0,4.0,"$9,100"
Toyota,Blue,157593.0,5.0,"$2,500"
Honda,Black,91202.0,5.0,"$10,100"
BMW,White,45947.0,5.0,"$38,100"
Nissan,Black,62309.0,4.0,"$11,400"
Toyota,Blue,116525.0,5.0,"$14,000"
Nissan,Red,74637.0,4.0,"$6,500"
Toyota,White,154995.0,4.0,"$8,900"
Honda,Black,17843.0,4.0,"$11,500"
Nissan,White,133637.0,4.0,"$8,000"
Honda,Black,59396.0,4.0,"$2,500"
Nissan,Black,141300.0,4.0,"$2,500"
Toyota,Red,3000.0,4.0,"$5,400"
Honda,Black,131071.0,5.0,"$8,900"
Honda,Red,81168.0,,"$14,000"
Toyota,Black,131140.0,4.0,"$14,000"
Toyota,Red,25577.0,5.0,"$14,000"
BMW,Silver,3000.0,4.0,"$26,700"
Toyota,Blue,85071.0,4.0,"$12,800"
Honda,Silver,94187.0,4.0,"$11,300"
Honda,Blue,125765.0,4.0,"$14,300"
Honda,Blue,76865.0,4.0,"$7,300"
BMW,Grey,75335.0,3.0,"$18,600"
Toyota,White,175061.0,5.0,"$6,400"
Honda,Red,64852.0,4.0,"$9,200"
Honda,Blue,126484.0,4.0,"$7,300"
BMW,White,38049.0,3.0,"$36,400"
Toyota,White,53479.0,4.0,"$12,400"
Honda,Blue,123310.0,4.0,"$3,100"
Honda,White,115052.0,4.0,"$5,200"
Toyota,Green,140784.0,4.0,"$4,400"
Toyota,Blue,134023.0,4.0,"$12,000"
Toyota,Green,142794.0,4.0,"$8,200"
Honda,Silver,80897.0,5.0,"$9,000"
Nissan,White,194377.0,4.0,"$2,500"
BMW,White,21443.0,5.0,"$32,300"
Toyota,White,56600.0,4.0,"$9,100"
Honda,White,22706.0,4.0,"$11,300"
Honda,Red,88029.0,4.0,"$10,200"
Toyota,Blue,147467.0,4.0,"$9,500"
Toyota,Red,88074.0,3.0,"$9,000"
Honda,White,116487.0,5.0,"$12,800"
Toyota,White,104568.0,4.0,"$8,400"
Toyota,Black,46370.0,5.0,"$8,900"
BMW,White,92983.0,5.0,"$28,400"
Nissan,White,144332.0,4.0,"$5,000"
BMW,Black,124091.0,4.0,"$19,500"
Honda,White,137852.0,5.0,"$7,900"
Nissan,Silver,77932.0,4.0,"$10,000"
BMW,White,82204.0,4.0,"$26,800"
Honda,Silver,95901.0,4.0,"$9,200"
Nissan,Blue,245748.0,5.0,"$4,300"
Toyota,White,135586.0,4.0,"$8,800"
Toyota,Black,150372.0,3.0,"$8,700"
Toyota,White,99362.0,3.0,"$8,300"
Toyota,Black,93792.0,5.0,"$2,500"
Toyota,White,108951.0,4.0,"$8,100"
Honda,Blue,168448.0,4.0,"$5,900"
Nissan,Red,45418.0,5.0,"$10,400"
Nissan,Blue,53417.0,4.0,"$10,800"
,Silver,105965.0,4.0,"$11,700"
Nissan,Silver,67710.0,4.0,"$9,100"
Toyota,Blue,27018.0,3.0,"$14,800"
Honda,Red,116905.0,4.0,"$9,600"
Honda,White,92077.0,5.0,"$11,400"
Toyota,Red,181425.0,5.0,"$5,900"
Nissan,Black,119764.0,4.0,"$3,800"
Toyota,Blue,52850.0,3.0,"$11,700"
Toyota,Blue,155404.0,4.0,"$6,600"
Nissan,Red,98788.0,4.0,"$6,200"
Toyota,Black,70192.0,5.0,"$13,300"
Toyota,Blue,20142.0,4.0,"$17,900"
BMW,Black,37052.0,4.0,"$31,500"
Toyota,White,31960.0,4.0,"$15,400"
Toyota,Red,132941.0,4.0,"$9,600"
Honda,Black,44267.0,5.0,"$13,400"
BMW,Silver,15311.0,4.0,"$26,000"
Nissan,Blue,169647.0,4.0,"$6,100"
Toyota,Blue,98789.0,4.0,"$7,000"
Toyota,White,131570.0,4.0,"$8,700"
Nissan,White,3000.0,5.0,"$14,700"
BMW,Blue,63982.0,3.0,"$32,200"
Honda,White,,4.0,"$2,500"
Toyota,White,112512.0,4.0,"$10,400"
Nissan,White,17322.0,4.0,"$8,700"
Toyota,White,241271.0,4.0,"$2,500"
Nissan,Silver,152933.0,4.0,"$3,300"
Honda,Blue,3000.0,4.0,"$13,100"
BMW,White,53844.0,5.0,"$23,900"
BMW,Grey,60185.0,4.0,"$27,100"
Toyota,White,90193.0,4.0,"$6,500"
Toyota,Black,123281.0,5.0,"$3,700"
Nissan,Silver,3000.0,5.0,"$14,600"
BMW,Silver,86294.0,4.0,"$23,900"
Toyota,Black,25436.0,5.0,"$12,200"
Honda,Black,79388.0,5.0,"$6,200"
Honda,Silver,56526.0,4.0,"$13,200"
BMW,White,124946.0,4.0,"$19,700"
Honda,Red,128311.0,4.0,"$2,500"
BMW,Blue,92696.0,4.0,"$18,700"
Nissan,Blue,129211.0,4.0,"$5,300"
BMW,Blue,120457.0,5.0,
Nissan,Black,147145.0,4.0,"$4,700"
Toyota,Red,89768.0,4.0,"$9,800"
Honda,Blue,51407.0,4.0,"$11,300"
Honda,Silver,88992.0,4.0,"$10,400"
Toyota,Black,102394.0,,"$12,700"
Toyota,White,146022.0,4.0,"$4,600"
BMW,Black,101488.0,3.0,"$15,100"
Toyota,Black,128568.0,5.0,"$11,600"
Nissan,Silver,4966.0,4.0,"$12,200"
Honda,Black,69512.0,4.0,
Toyota,White,168244.0,4.0,"$4,800"
Honda,Blue,53293.0,4.0,"$11,500"
Honda,Black,124908.0,4.0,"$7,700"
Toyota,White,158651.0,5.0,"$9,700"
Nissan,Black,3000.0,4.0,"$10,800"
BMW,White,41402.0,3.0,"$28,600"
Honda,Black,3000.0,4.0,"$21,500"
Toyota,Red,125613.0,5.0,"$9,900"
Toyota,Blue,159441.0,4.0,"$14,800"
Honda,White,133795.0,4.0,"$10,400"
Toyota,Black,104795.0,4.0,"$9,600"
Toyota,White,73258.0,3.0,"$7,800"
,Black,62275.0,4.0,"$7,800"
Nissan,Black,107751.0,4.0,"$2,900"
Nissan,Silver,122691.0,4.0,"$6,300"
Toyota,Red,105640.0,4.0,"$8,000"
BMW,Blue,194228.0,4.0,"$28,000"
Nissan,White,42305.0,4.0,"$10,700"
Nissan,Blue,77951.0,4.0,"$5,700"
Toyota,Green,28316.0,4.0,"$14,200"
Toyota,Black,62568.0,4.0,"$15,200"
Honda,Black,139701.0,4.0,"$11,600"
Honda,Blue,51085.0,5.0,"$13,500"
Honda,Red,,4.0,"$6,500"
Toyota,White,57867.0,4.0,"$17,200"
BMW,White,74554.0,4.0,"$28,900"
Toyota,Green,55252.0,4.0,"$7,600"
Honda,Blue,64666.0,5.0,"$11,000"
Honda,Silver,40917.0,4.0,"$11,900"
Honda,Silver,10951.0,4.0,"$10,000"
Honda,Silver,124203.0,4.0,"$9,800"
Honda,Silver,73189.0,4.0,"$7,400"
Nissan,Red,54465.0,5.0,"$9,100"
BMW,Blue,92069.0,3.0,"$29,100"
Toyota,Blue,72180.0,4.0,"$7,700"
Nissan,White,126999.0,4.0,"$4,000"
Toyota,White,71050.0,4.0,"$15,700"
Toyota,Red,141010.0,4.0,"$8,500"
Toyota,Blue,31860.0,4.0,"$13,900"
Toyota,White,153258.0,5.0,"$7,100"
BMW,Grey,121746.0,5.0,"$31,600"
Nissan,Silver,205169.0,4.0,"$3,300"
Nissan,Black,144893.0,4.0,"$9,200"
Honda,,113474.0,5.0,"$7,700"
Honda,White,70469.0,4.0,"$11,200"
Toyota,Black,30890.0,3.0,"$12,200"
Toyota,White,155020.0,5.0,"$2,500"
Toyota,White,177793.0,4.0,"$10,000"
Nissan,Silver,86253.0,5.0,"$10,200"
Toyota,Black,98163.0,3.0,"$13,400"
Honda,Silver,139168.0,4.0,"$3,100"
BMW,Silver,89665.0,5.0,"$23,500"
Honda,Red,95975.0,4.0,"$7,000"
Honda,Blue,175910.0,4.0,"$8,600"
,Silver,33929.0,4.0,"$18,100"
Toyota,White,77945.0,3.0,"$11,600"
Toyota,Blue,110490.0,4.0,"$13,600"
BMW,Black,,5.0,"$30,900"
Toyota,Green,114996.0,3.0,"$3,300"
Toyota,Red,87823.0,3.0,"$13,000"
Toyota,Green,95320.0,5.0,"$11,900"
Nissan,Silver,94150.0,4.0,"$5,000"
Honda,Red,86079.0,4.0,"$10,500"
Toyota,Green,63904.0,4.0,"$10,300"
Honda,Silver,46905.0,4.0,"$15,000"
Nissan,White,95510.0,4.0,"$11,400"
Honda,Silver,165379.0,5.0,"$6,500"
Honda,Black,43594.0,,
BMW,Blue,3174.0,5.0,"$19,900"
Honda,Red,158166.0,4.0,"$6,600"
Nissan,Blue,133817.0,4.0,
Nissan,White,44913.0,4.0,"$12,300"
Honda,Blue,105765.0,4.0,"$8,300"
Honda,Silver,119112.0,4.0,"$13,200"
Honda,Silver,81389.0,5.0,"$10,900"
Toyota,Red,108015.0,4.0,
Nissan,Blue,3000.0,4.0,"$13,700"
Honda,Black,86489.0,4.0,"$11,600"
Nissan,Blue,75187.0,4.0,"$8,400"
Toyota,Green,134993.0,4.0,"$17,700"
Toyota,Green,140017.0,5.0,"$5,500"
Honda,White,71659.0,4.0,"$9,100"
Nissan,Blue,11443.0,4.0,"$10,700"
Honda,White,127175.0,5.0,"$4,700"
BMW,Blue,109036.0,4.0,"$26,300"
BMW,Silver,34162.0,5.0,"$26,500"
Toyota,Red,181112.0,4.0,"$8,500"
Honda,Blue,92421.0,4.0,"$8,700"
BMW,Black,68217.0,3.0,"$21,100"
Honda,White,3000.0,4.0,"$19,800"
Toyota,Green,106076.0,4.0,"$10,400"
Nissan,Red,108757.0,4.0,"$4,900"
Toyota,Black,88331.0,4.0,"$5,700"
Honda,Black,201300.0,4.0,"$2,500"
Nissan,Silver,54209.0,5.0,"$9,200"
Toyota,Green,164979.0,4.0,"$6,400"
BMW,Black,13082.0,3.0,"$35,100"
Toyota,Green,136012.0,5.0,"$10,100"
Toyota,Black,135218.0,4.0,"$16,300"
Honda,Black,196884.0,4.0,"$2,700"
Honda,Blue,169946.0,4.0,"$6,900"
Nissan,,139949.0,4.0,"$2,500"
Toyota,Black,89139.0,3.0,"$7,300"
Toyota,White,141059.0,4.0,"$11,600"
Toyota,White,3000.0,4.0,"$14,600"
Toyota,Blue,156336.0,4.0,"$6,800"
BMW,Grey,95620.0,4.0,"$26,000"
Toyota,White,115766.0,5.0,"$9,200"
Honda,Silver,33604.0,4.0,"$8,900"
BMW,Black,94792.0,5.0,"$24,900"
Nissan,Red,104243.0,4.0,"$5,900"
Toyota,White,82130.0,4.0,"$14,300"
Toyota,Black,80567.0,5.0,"$7,600"
Honda,White,127695.0,4.0,"$7,200"
Nissan,Silver,113758.0,4.0,"$11,000"
BMW,Blue,64136.0,5.0,"$27,800"
Toyota,Red,36695.0,4.0,"$12,200"
Honda,Blue,,4.0,"$3,400"
BMW,Grey,73435.0,5.0,"$26,200"
Honda,Red,93981.0,4.0,"$12,300"
Toyota,Black,115390.0,4.0,"$14,300"
Toyota,Blue,46333.0,3.0,"$12,100"
BMW,Grey,68547.0,4.0,"$18,100"
Nissan,White,165552.0,5.0,"$11,100"
Nissan,Red,111047.0,4.0,"$8,000"
BMW,Silver,68549.0,5.0,"$21,200"
Toyota,White,3320.0,4.0,"$12,400"
Honda,Blue,25185.0,4.0,"$17,700"
Toyota,Red,92014.0,4.0,"$9,200"
BMW,Grey,102344.0,4.0,"$16,100"
Honda,Blue,55190.0,4.0,"$11,400"
Honda,Silver,141380.0,5.0,"$9,400"
Toyota,Blue,,5.0,"$10,500"
Nissan,Red,134413.0,5.0,"$6,900"
Toyota,White,44441.0,4.0,"$12,900"
Toyota,Red,42168.0,3.0,"$12,000"
Nissan,White,85083.0,5.0,"$15,400"
Toyota,Black,95925.0,3.0,"$5,100"
Nissan,Black,104485.0,4.0,"$8,700"
Honda,Blue,172321.0,4.0,"$3,900"
Honda,White,16043.0,4.0,"$15,500"
Nissan,Red,34686.0,4.0,"$9,200"
Toyota,Green,84603.0,,"$9,900"
Honda,White,125079.0,5.0,"$6,600"
Honda,Silver,78860.0,4.0,"$10,100"
BMW,Black,71283.0,5.0,"$26,500"
Nissan,Black,136416.0,4.0,"$8,100"
Nissan,Red,133987.0,4.0,"$6,800"
Honda,Silver,16053.0,4.0,"$13,200"
Toyota,Red,122934.0,5.0,"$11,900"
Nissan,Black,73228.0,4.0,"$7,100"
Toyota,Green,68146.0,4.0,"$12,600"
Nissan,Blue,169897.0,4.0,"$3,000"
Honda,White,135582.0,4.0,"$7,800"
Toyota,White,91537.0,4.0,"$9,800"
Toyota,Black,136823.0,4.0,"$9,600"
Toyota,Green,216342.0,4.0,"$2,500"
Honda,Black,116868.0,4.0,"$6,900"
Nissan,Red,63319.0,4.0,"$8,900"
Honda,Blue,98592.0,4.0,"$17,900"
Honda,White,83161.0,5.0,"$7,200"
Nissan,Red,127288.0,4.0,"$2,500"
Toyota,Blue,93218.0,4.0,"$10,400"
Toyota,Green,,5.0,"$11,400"
Toyota,White,71814.0,3.0,"$10,000"
Toyota,Blue,58161.0,4.0,"$8,400"
Toyota,Red,114114.0,4.0,"$5,200"
BMW,Silver,47585.0,3.0,"$18,700"
Toyota,Red,126583.0,4.0,"$14,500"
Honda,Black,29523.0,4.0,"$7,100"
Toyota,Red,91505.0,4.0,"$10,400"
Honda,Blue,102495.0,5.0,"$8,300"
Honda,Red,82369.0,5.0,"$11,600"
Honda,White,141940.0,5.0,"$2,500"
Nissan,Blue,91339.0,5.0,"$9,000"
Honda,Blue,47937.0,5.0,"$17,400"
Nissan,Black,76417.0,4.0,"$8,600"
Honda,Blue,118689.0,5.0,"$7,100"
Toyota,White,3000.0,3.0,"$12,400"
Nissan,Blue,169648.0,4.0,"$3,200"
Toyota,Blue,53985.0,4.0,"$15,200"
BMW,Black,51107.0,4.0,"$22,800"
Toyota,Red,105771.0,4.0,"$12,100"
Nissan,Blue,245375.0,5.0,"$3,400"
Honda,Red,147672.0,4.0,"$5,200"
Honda,Silver,42758.0,5.0,"$12,700"
Nissan,White,118001.0,4.0,"$3,700"
Honda,Blue,83585.0,5.0,"$11,700"
Honda,White,109298.0,4.0,"$10,200"
BMW,Black,77220.0,4.0,"$21,600"
Toyota,Black,71277.0,3.0,"$6,900"
BMW,Black,139960.0,5.0,"$22,700"
BMW,Grey,55556.0,3.0,"$18,700"
Honda,White,232911.0,4.0,"$2,500"
Toyota,Blue,75699.0,4.0,"$12,500"
Toyota,White,129211.0,4.0,"$11,800"
Toyota,Black,191995.0,4.0,"$7,600"
Honda,Blue,41310.0,4.0,"$11,000"
Toyota,Blue,114007.0,4.0,"$16,000"
Toyota,Black,25314.0,4.0,"$17,700"
Toyota,Black,107355.0,4.0,"$12,600"
Nissan,White,106288.0,4.0,"$4,900"
Honda,Blue,128041.0,4.0,"$9,700"
Honda,Black,138658.0,,"$7,400"
BMW,Silver,39807.0,5.0,"$17,000"
Nissan,Blue,157884.0,4.0,"$5,700"
BMW,White,24437.0,3.0,"$22,800"
BMW,Blue,45396.0,5.0,"$17,200"
Toyota,Red,55480.0,4.0,"$8,400"
Toyota,Red,76551.0,4.0,"$8,700"
Nissan,Blue,20887.0,4.0,"$16,300"
BMW,Grey,117606.0,4.0,"$17,700"
BMW,White,76441.0,5.0,"$28,100"
Honda,Black,149172.0,4.0,"$4,500"
BMW,Black,110868.0,5.0,"$20,400"
Honda,Blue,27878.0,4.0,"$14,600"
Honda,Black,153956.0,4.0,"$14,500"
Nissan,White,44815.0,5.0,"$12,500"
Honda,Blue,72329.0,5.0,"$13,400"
Honda,Black,21416.0,4.0,"$9,200"
Toyota,Blue,57654.0,4.0,"$12,300"
Toyota,White,64663.0,4.0,"$13,900"
Toyota,White,151398.0,5.0,"$10,300"
Honda,Blue,169701.0,4.0,"$7,000"
Toyota,Red,34721.0,4.0,"$17,400"
Toyota,Black,66531.0,3.0,"$13,900"
Toyota,Blue,179834.0,4.0,"$7,800"
BMW,White,3000.0,4.0,"$22,200"
Honda,Silver,155491.0,4.0,"$6,000"
Toyota,Green,,3.0,"$10,800"
Toyota,Black,134208.0,4.0,"$9,600"
Honda,Silver,81983.0,5.0,"$9,800"
Honda,Red,133179.0,5.0,"$9,800"
Honda,Red,79649.0,4.0,"$13,200"
Toyota,Red,91290.0,5.0,"$8,300"
Honda,Black,55569.0,4.0,"$8,500"
Nissan,Silver,96745.0,4.0,"$10,800"
Nissan,Silver,66914.0,4.0,"$9,500"
Honda,Blue,60478.0,4.0,"$10,100"
Nissan,White,27437.0,5.0,"$10,900"
Honda,Black,82702.0,4.0,"$11,700"
Nissan,Black,124503.0,4.0,"$3,300"
Toyota,Blue,154378.0,4.0,"$8,200"
Nissan,Blue,123110.0,4.0,"$6,200"
Nissan,Black,83005.0,4.0,"$9,000"
Toyota,Blue,122730.0,3.0,"$2,500"
Honda,White,66139.0,5.0,"$10,600"
Toyota,Red,111320.0,3.0,"$12,300"
Toyota,White,57869.0,3.0,"$9,600"
Toyota,Black,71348.0,4.0,"$9,100"
Toyota,Green,79946.0,4.0,"$12,800"
BMW,White,20738.0,4.0,"$30,100"
Toyota,Black,9501.0,5.0,"$13,500"
Toyota,White,80866.0,4.0,"$16,400"
Nissan,Red,96611.0,4.0,"$2,500"
Nissan,White,3000.0,4.0,"$12,000"
Nissan,Black,146371.0,4.0,"$6,400"
Honda,Black,100043.0,5.0,"$13,500"
Honda,Black,66099.0,5.0,"$14,300"
BMW,Black,3000.0,4.0,"$22,500"
Honda,White,5262.0,4.0,"$12,700"
Nissan,Red,109409.0,4.0,"$7,100"
BMW,Blue,67599.0,4.0,"$19,000"
Honda,Black,82868.0,4.0,"$5,600"
Honda,White,157434.0,4.0,"$5,500"
Nissan,White,84622.0,4.0,"$12,300"
Nissan,Silver,42434.0,4.0,"$7,200"
Toyota,Black,40996.0,5.0,"$13,600"
Toyota,Red,120444.0,4.0,"$11,400"
Honda,Red,215455.0,5.0,"$2,500"
Toyota,Green,129654.0,4.0,"$6,200"
BMW,Black,40370.0,4.0,"$22,600"
Honda,Silver,48379.0,4.0,"$16,600"
Toyota,Blue,141799.0,3.0,"$7,300"
Toyota,Red,168252.0,4.0,"$2,500"
Nissan,Blue,37480.0,4.0,"$4,600"
Nissan,White,72832.0,4.0,"$9,100"
Honda,White,,4.0,"$9,700"
Toyota,Red,24625.0,4.0,"$16,100"
Toyota,Blue,110460.0,4.0,"$11,900"
Honda,Black,3000.0,4.0,"$14,800"
Nissan,White,45485.0,4.0,"$8,900"
Toyota,Black,125786.0,4.0,"$9,400"
BMW,White,29235.0,4.0,"$27,000"
Honda,Silver,18486.0,4.0,"$16,400"
Toyota,Red,87325.0,4.0,
Toyota,Black,70620.0,5.0,"$10,700"
,Green,58262.0,5.0,"$14,900"
Honda,White,57947.0,4.0,"$13,000"
Nissan,Blue,90582.0,4.0,"$2,700"
Nissan,Red,80062.0,4.0,"$5,100"
Toyota,Black,,3.0,"$5,600"
BMW,White,103890.0,4.0,"$22,800"
BMW,White,57540.0,5.0,"$30,600"
Honda,White,138267.0,4.0,"$7,200"
Toyota,Red,57897.0,4.0,"$6,300"
Nissan,Red,73581.0,4.0,"$6,900"
Toyota,Blue,103566.0,3.0,"$7,900"
Toyota,Black,133772.0,3.0,"$5,900"
Toyota,Blue,95033.0,4.0,"$14,100"
BMW,Silver,79356.0,4.0,"$24,200"
BMW,White,39718.0,5.0,"$23,000"
BMW,Grey,29274.0,3.0,"$22,500"
Honda,Black,128271.0,4.0,"$7,300"
Honda,Blue,27210.0,4.0,"$17,800"
Honda,Black,107358.0,5.0,"$5,400"
Toyota,Blue,75023.0,4.0,"$11,600"
Toyota,Black,186638.0,5.0,"$3,400"
Toyota,White,148754.0,4.0,"$12,300"
Toyota,Black,65309.0,4.0,"$11,000"
Toyota,Black,44111.0,4.0,"$12,300"
Toyota,Black,96097.0,3.0,"$11,700"
Honda,,144328.0,4.0,"$4,700"
Honda,Blue,3000.0,4.0,"$13,500"
BMW,Black,77328.0,3.0,"$25,600"
BMW,Grey,51279.0,5.0,
Honda,,164741.0,4.0,"$7,100"
Honda,Red,74078.0,5.0,"$9,400"
Nissan,White,102488.0,4.0,"$11,500"
Toyota,White,88468.0,4.0,"$10,600"
Honda,Blue,68848.0,4.0,"$13,800"
Honda,Blue,186072.0,4.0,"$6,400"
Toyota,Blue,102304.0,5.0,"$10,800"
Toyota,Red,3000.0,4.0,"$16,900"
Toyota,Black,104976.0,3.0,"$10,500"
Toyota,Green,61003.0,3.0,"$9,100"
BMW,Grey,47736.0,4.0,"$32,600"
Toyota,Red,78304.0,4.0,"$17,600"
Toyota,White,120404.0,4.0,"$5,100"
Nissan,Red,104801.0,4.0,"$5,300"
BMW,,3000.0,4.0,"$38,800"
Nissan,Red,151375.0,4.0,"$6,200"
Honda,Silver,99939.0,4.0,"$5,000"
Nissan,White,84917.0,4.0,"$10,300"
Honda,,41541.0,5.0,"$5,000"
Toyota,Green,86190.0,4.0,"$9,600"
Nissan,Blue,119591.0,4.0,"$8,300"
Honda,Silver,122605.0,4.0,"$8,900"
Honda,White,149385.0,4.0,"$2,500"
Nissan,Red,140256.0,4.0,"$7,000"
Toyota,Red,33542.0,5.0,"$9,000"
Toyota,White,59211.0,4.0,"$9,900"
BMW,White,96643.0,,"$20,500"
Toyota,Red,53469.0,4.0,"$10,200"
Nissan,Blue,174643.0,4.0,"$3,900"
Honda,Blue,83395.0,4.0,"$9,500"
Honda,Blue,154018.0,4.0,"$4,300"
Toyota,Green,166406.0,4.0,"$7,000"
Honda,Blue,84299.0,5.0,"$18,000"
Honda,Blue,41329.0,5.0,"$11,400"
Nissan,Black,42983.0,4.0,"$12,800"
Toyota,White,185837.0,4.0,"$11,400"
Honda,Red,150749.0,4.0,"$6,000"
Honda,Blue,74468.0,4.0,"$5,200"
Honda,White,189721.0,4.0,"$6,300"
Nissan,Red,84450.0,4.0,"$11,400"
BMW,Blue,24143.0,4.0,"$29,800"
Toyota,Black,89023.0,5.0,"$13,600"
Toyota,Red,94694.0,3.0,"$4,700"
Toyota,Black,101929.0,3.0,"$12,700"
Toyota,Green,96480.0,4.0,"$12,000"
Toyota,Green,43632.0,3.0,"$11,100"
Toyota,Red,65525.0,4.0,"$14,000"
Honda,White,93511.0,4.0,"$11,500"
Toyota,White,154560.0,4.0,"$9,700"
BMW,Blue,76470.0,5.0,"$18,900"
Toyota,Green,97855.0,4.0,"$7,800"
Honda,Black,75484.0,4.0,"$9,300"
Honda,Blue,44963.0,4.0,"$5,800"
BMW,Blue,36937.0,4.0,"$27,800"
Honda,,27287.0,4.0,"$12,600"
Honda,Black,183212.0,5.0,"$9,200"
Honda,Blue,170889.0,4.0,"$6,900"
BMW,Blue,114035.0,5.0,"$18,900"
Honda,Silver,61071.0,4.0,"$2,800"
Toyota,Black,159679.0,4.0,"$12,400"
Toyota,White,69234.0,4.0,"$10,700"
Toyota,Red,58799.0,3.0,
Nissan,Red,174996.0,4.0,"$2,500"
Toyota,Green,119290.0,4.0,"$7,600"
Toyota,White,103896.0,3.0,"$10,500"
Honda,Blue,82966.0,4.0,"$9,500"
Nissan,White,100022.0,5.0,"$10,600"
Toyota,Red,119775.0,4.0,"$9,700"
Nissan,Blue,40826.0,4.0,"$9,100"
Toyota,Green,144730.0,4.0,"$7,400"
Toyota,Green,,3.0,"$12,600"
Toyota,White,152007.0,4.0,"$8,000"
Nissan,Black,83384.0,4.0,"$2,500"
Honda,Silver,83917.0,4.0,"$8,900"
Honda,Silver,110737.0,4.0,"$8,200"
Honda,,76621.0,4.0,"$4,900"
Toyota,Green,49121.0,3.0,"$12,400"
Honda,Blue,174363.0,4.0,"$5,300"
Toyota,White,115046.0,4.0,
Toyota,Green,55833.0,3.0,"$11,700"
Honda,Silver,56456.0,4.0,"$13,800"
Honda,Black,99267.0,5.0,"$10,900"
Toyota,Black,57304.0,5.0,"$15,300"
Honda,White,192066.0,5.0,"$2,500"
Honda,Red,75691.0,5.0,"$11,500"
Toyota,Red,138893.0,5.0,"$7,000"
BMW,Grey,3000.0,5.0,"$37,600"
Nissan,White,154588.0,4.0,
Honda,Red,62836.0,4.0,"$15,400"
BMW,Silver,125807.0,4.0,"$28,500"
Toyota,,88842.0,3.0,"$9,300"
Nissan,Silver,104668.0,4.0,"$10,200"
Toyota,Blue,52456.0,4.0,"$9,700"
Toyota,Blue,150534.0,4.0,"$7,500"
Toyota,Red,169680.0,3.0,"$3,600"
Toyota,Black,95151.0,4.0,"$7,600"
Toyota,Red,98382.0,4.0,"$5,300"
Toyota,White,72643.0,4.0,"$6,800"
Honda,Silver,125308.0,5.0,"$10,800"
Toyota,Blue,8026.0,5.0,
Toyota,White,227865.0,3.0,"$3,300"
Honda,White,61226.0,4.0,
Toyota,Black,,4.0,"$13,700"
Toyota,White,107340.0,4.0,"$14,100"
Honda,Silver,109267.0,4.0,"$7,200"
Honda,Black,46343.0,5.0,"$11,500"
Nissan,White,55612.0,5.0,"$10,300"
Honda,Blue,64918.0,4.0,"$6,200"
Toyota,Green,163267.0,4.0,"$4,800"
Nissan,Silver,40984.0,5.0,"$10,500"
BMW,White,67871.0,5.0,"$14,500"
Honda,White,107919.0,4.0,"$5,600"
Honda,Blue,174129.0,4.0,"$7,100"
Honda,Silver,72804.0,4.0,"$8,200"
Nissan,White,106121.0,5.0,"$9,400"
Honda,Silver,90776.0,4.0,"$8,900"
Nissan,Silver,115268.0,5.0,"$5,900"
Toyota,Red,80153.0,4.0,"$4,200"
Toyota,Black,148633.0,5.0,"$9,700"
Toyota,White,57780.0,4.0,"$18,200"
Nissan,Black,116872.0,4.0,"$4,100"
Toyota,White,142550.0,4.0,"$9,400"
Nissan,Blue,134096.0,4.0,"$4,600"
Toyota,Black,121425.0,4.0,"$8,500"
Nissan,White,143132.0,,"$2,500"
Nissan,Silver,87703.0,4.0,"$12,500"
Honda,Blue,55180.0,5.0,"$10,000"
BMW,Silver,46185.0,4.0,"$18,300"
Honda,Black,3000.0,5.0,"$13,900"
Toyota,Green,105064.0,4.0,"$9,000"
Nissan,Blue,103886.0,4.0,"$7,300"
Nissan,White,169279.0,4.0,"$3,600"
Toyota,Red,68147.0,4.0,"$10,500"
Toyota,White,128126.0,4.0,"$13,300"
BMW,Blue,38617.0,5.0,"$27,800"
Nissan,Silver,130948.0,4.0,"$3,400"
Honda,Blue,92980.0,4.0,"$5,000"
Toyota,Green,6009.0,3.0,"$14,100"
Honda,Black,73574.0,4.0,"$11,100"
Toyota,Green,97069.0,5.0,"$7,100"
Nissan,Blue,109465.0,4.0,"$3,700"
Toyota,White,170330.0,4.0,"$2,500"
Nissan,Blue,101036.0,4.0,"$4,600"
Toyota,Red,127661.0,5.0,"$8,300"
Toyota,Green,71029.0,3.0,"$12,600"
Toyota,Red,99530.0,4.0,"$11,600"
Honda,Black,44896.0,4.0,"$7,700"
Honda,Silver,97145.0,4.0,"$8,300"
Toyota,Red,130574.0,3.0,"$7,400"
Nissan,Black,123484.0,4.0,"$2,500"
Honda,Blue,182644.0,4.0,"$4,700"
BMW,Black,94298.0,3.0,"$17,700"
Toyota,Green,114016.0,3.0,"$3,700"
Toyota,Blue,121507.0,4.0,"$7,900"
Toyota,Blue,99517.0,4.0,"$12,300"
BMW,White,13233.0,4.0,"$23,200"
Toyota,Green,121780.0,3.0,"$14,200"
Toyota,White,90819.0,5.0,"$13,100"
Honda,Red,86865.0,5.0,"$16,100"
Honda,Black,8133.0,4.0,"$13,900"
Nissan,Silver,20969.0,4.0,"$4,600"
Nissan,Red,128657.0,4.0,"$6,300"
Nissan,Red,96049.0,4.0,"$7,200"
Toyota,Red,259111.0,4.0,"$2,500"
,White,86425.0,3.0,"$19,100"
Honda,Black,106171.0,4.0,"$8,300"
Toyota,Black,76653.0,3.0,"$16,300"
Nissan,Red,177922.0,4.0,"$3,900"
Honda,White,3000.0,4.0,"$12,600"
Toyota,Blue,238557.0,5.0,"$3,500"
Honda,White,144954.0,4.0,"$11,300"
Honda,Silver,102510.0,4.0,"$6,500"
Honda,White,3000.0,4.0,"$15,700"
Toyota,Red,55632.0,4.0,"$12,600"
Toyota,Black,33009.0,3.0,"$11,700"
Nissan,Blue,113888.0,4.0,"$7,400"
Honda,White,38488.0,4.0,"$15,600"
Nissan,Black,78573.0,4.0,"$4,300"
Toyota,Red,92330.0,4.0,"$10,400"
Toyota,White,106350.0,4.0,"$14,200"
Toyota,Black,85704.0,4.0,"$10,600"
Honda,White,39047.0,4.0,"$14,400"
Toyota,Blue,107584.0,4.0,"$8,300"
Honda,White,3000.0,4.0,"$18,000"
Nissan,Silver,43249.0,4.0,"$8,600"
Nissan,Red,132067.0,4.0,"$2,600"
Toyota,Blue,20337.0,3.0,"$6,100"
Honda,Black,126607.0,4.0,"$6,400"
Honda,White,232508.0,4.0,"$2,500"
Honda,Red,47770.0,5.0,"$10,400"
Nissan,Red,125615.0,4.0,"$4,800"
BMW,Grey,90717.0,3.0,"$16,700"
Nissan,Black,34630.0,5.0,"$6,700"
Honda,Black,3000.0,4.0,"$12,300"
Toyota,Black,82349.0,4.0,"$9,100"
Honda,Silver,151683.0,4.0,"$10,400"
Nissan,White,93251.0,5.0,"$3,800"
BMW,Grey,41198.0,5.0,"$23,100"
Toyota,White,63828.0,3.0,"$8,700"
Honda,Black,60633.0,4.0,"$10,000"
BMW,Blue,38307.0,4.0,"$27,800"
Toyota,Red,116739.0,4.0,"$6,200"
Toyota,Green,164095.0,4.0,"$3,300"
,Silver,21403.0,4.0,"$12,100"
BMW,Black,30668.0,5.0,"$29,800"
Honda,Black,3000.0,4.0,"$18,000"
Toyota,Green,132959.0,4.0,"$3,000"
Toyota,Black,21103.0,4.0,"$19,400"
BMW,White,34030.0,4.0,"$21,300"
Toyota,White,3000.0,4.0,"$13,500"
BMW,Silver,55435.0,4.0,"$30,400"
Honda,Red,24844.0,4.0,"$7,900"
BMW,White,83940.0,3.0,"$30,000"
Honda,White,16584.0,4.0,"$16,300"
Nissan,Red,114102.0,4.0,"$9,400"
Toyota,White,94348.0,3.0,"$2,500"
Toyota,Black,90097.0,3.0,"$13,300"
Nissan,White,61950.0,4.0,"$8,200"
Nissan,Blue,,4.0,"$2,500"
Nissan,White,205595.0,4.0,"$2,500"
Toyota,Green,124298.0,4.0,"$8,000"
Honda,Red,152365.0,5.0,"$8,400"
Honda,Red,80723.0,4.0,"$7,200"
Nissan,White,156679.0,4.0,"$2,500"
Toyota,Green,131586.0,5.0,"$5,100"
Nissan,Red,182127.0,4.0,"$3,800"
Toyota,Red,131494.0,4.0,"$8,700"
Nissan,Red,13866.0,4.0,"$9,100"
BMW,Black,93240.0,4.0,"$25,200"
BMW,Silver,114601.0,5.0,"$26,300"
Honda,White,45598.0,5.0,"$10,000"
Toyota,White,103351.0,3.0,"$2,500"
Toyota,Blue,185018.0,4.0,"$7,500"
Toyota,Black,,3.0,"$2,500"
Honda,Silver,151739.0,4.0,"$13,400"
Toyota,Green,29314.0,3.0,"$14,300"
Toyota,Blue,98057.0,4.0,"$5,200"
Honda,Blue,115658.0,4.0,"$10,800"
Toyota,Black,66741.0,4.0,"$15,600"
Toyota,Blue,11328.0,4.0,"$9,400"
Nissan,Black,119649.0,4.0,
BMW,Blue,34903.0,5.0,"$32,600"
Honda,Black,,4.0,"$11,100"
Toyota,Red,91596.0,4.0,"$12,300"
Honda,White,70608.0,4.0,"$16,600"
Toyota,White,55747.0,4.0,"$18,900"
Toyota,Red,99814.0,3.0,"$4,700"
Honda,Silver,157667.0,4.0,"$6,800"
Honda,,132853.0,5.0,"$11,900"
BMW,Blue,,3.0,"$19,800"
BMW,Black,105979.0,4.0,"$23,500"
Toyota,Black,133664.0,5.0,"$2,500"
Toyota,Green,121243.0,4.0,"$6,400"
Toyota,Blue,183972.0,3.0,"$7,200"
Toyota,White,110472.0,5.0,"$11,900"
Nissan,Red,56087.0,4.0,"$13,500"
Nissan,White,223516.0,4.0,"$2,600"
Honda,White,168339.0,4.0,"$4,200"
BMW,Silver,31521.0,3.0,"$26,200"
BMW,Silver,83267.0,5.0,"$22,600"
Honda,Blue,117812.0,4.0,"$9,100"
Toyota,Blue,46088.0,4.0,"$14,200"
Toyota,Blue,142903.0,5.0,"$9,300"
Toyota,Green,157937.0,4.0,"$2,800"
Honda,Blue,114461.0,4.0,"$4,900"
Honda,White,38524.0,5.0,"$10,800"
Nissan,Silver,59244.0,4.0,
Toyota,Green,86864.0,4.0,"$12,700"
Honda,Black,76584.0,5.0,"$6,300"
Nissan,Black,175843.0,4.0,"$2,500"
Nissan,White,,4.0,"$8,200"
,Blue,123178.0,4.0,"$9,100"
Nissan,White,138824.0,5.0,"$4,000"
Toyota,Red,211285.0,3.0,"$4,400"
Toyota,Red,90338.0,4.0,"$13,500"
Honda,Black,103973.0,5.0,"$11,000"
Toyota,White,227593.0,5.0,"$3,900"
Honda,White,76747.0,4.0,"$10,500"
Nissan,Black,172004.0,4.0,"$2,500"
Toyota,Green,3000.0,4.0,"$12,100"
Honda,Red,13571.0,4.0,"$11,700"
Toyota,White,124129.0,4.0,"$6,100"
Honda,Silver,23512.0,4.0,"$13,000"
Honda,Silver,133402.0,5.0,"$3,200"
Toyota,Green,140652.0,5.0,"$10,800"
Toyota,Blue,147612.0,5.0,"$12,400"
Honda,Red,197696.0,4.0,"$3,300"
Toyota,Red,103697.0,4.0,"$8,400"
BMW,White,65083.0,4.0,"$35,200"
Honda,Black,27439.0,4.0,"$10,100"
Nissan,Red,189122.0,4.0,
Honda,Blue,74569.0,5.0,"$13,500"
Toyota,Green,115743.0,4.0,"$13,500"
Nissan,White,116172.0,5.0,"$10,000"
Toyota,White,235384.0,,"$5,700"
Toyota,Green,100565.0,3.0,"$10,800"
Toyota,Red,79005.0,3.0,"$17,700"
Toyota,White,107363.0,3.0,"$8,000"
Honda,Blue,51886.0,4.0,"$14,600"
Nissan,Red,160562.0,4.0,"$3,100"
Honda,Black,119669.0,4.0,"$3,800"
Toyota,White,107618.0,4.0,"$11,200"
BMW,Grey,136707.0,4.0,"$16,800"
Honda,Blue,30639.0,4.0,"$9,600"
Toyota,Black,28498.0,5.0,"$18,600"
Nissan,Red,198723.0,4.0,"$3,400"
BMW,Blue,116294.0,3.0,"$22,800"
Nissan,White,106673.0,4.0,"$6,200"
BMW,Blue,51963.0,4.0,"$15,700"
Nissan,Silver,126798.0,4.0,"$6,100"
Toyota,Red,136758.0,4.0,"$8,500"
Honda,White,84190.0,4.0,"$7,200"
Toyota,Red,101751.0,3.0,
BMW,Grey,16979.0,4.0,"$28,000"
Toyota,Black,110118.0,4.0,"$7,500"
Honda,Silver,63782.0,4.0,"$11,500"
Honda,Silver,37595.0,5.0,"$13,800"
Honda,Silver,49022.0,4.0,"$14,700"
Nissan,Red,242918.0,4.0,"$2,500"
Toyota,Blue,125778.0,5.0,"$7,200"
Nissan,Silver,170293.0,4.0,"$2,500"
Nissan,Red,138912.0,4.0,"$3,200"
Honda,Blue,,4.0,"$6,800"
Toyota,Green,140762.0,4.0,"$4,800"
Toyota,Red,126702.0,4.0,"$7,600"
BMW,Black,60192.0,3.0,"$25,700"
Honda,White,55432.0,5.0,"$12,500"
Nissan,Black,197698.0,5.0,"$2,500"
Toyota,Blue,158934.0,3.0,"$11,200"
Honda,White,52824.0,4.0,"$7,000"
Nissan,Black,128909.0,4.0,"$4,800"
Nissan,Black,216641.0,5.0,"$2,900"
Toyota,Black,56285.0,5.0,"$9,400"
Honda,Black,144315.0,5.0,"$6,200"
Toyota,Red,100279.0,4.0,"$13,000"
BMW,Silver,44661.0,4.0,"$26,000"
Toyota,White,,4.0,"$12,400"
Honda,Blue,120355.0,5.0,"$8,100"
BMW,Blue,67673.0,5.0,"$23,400"
Honda,White,21074.0,4.0,"$13,600"
Honda,Red,182825.0,5.0,"$3,100"
Nissan,Red,68710.0,5.0,"$7,200"
Toyota,Red,135678.0,3.0,"$8,800"
Nissan,Blue,103121.0,4.0,"$4,800"
Nissan,Black,117173.0,5.0,"$3,400"
Nissan,Silver,120031.0,,"$8,800"
Nissan,Blue,41932.0,4.0,"$6,100"
Toyota,White,180130.0,5.0,"$5,100"
Toyota,Blue,157069.0,4.0,"$6,900"
Nissan,Blue,102930.0,5.0,"$9,100"
Toyota,White,52032.0,5.0,"$13,500"
Toyota,White,78162.0,4.0,"$6,900"
Toyota,Red,115549.0,4.0,"$8,400"
Honda,Blue,84462.0,4.0,"$6,100"
Nissan,Black,201118.0,4.0,"$5,100"
Toyota,Green,148136.0,5.0,"$6,900"
BMW,Blue,3000.0,4.0,"$40,800"
Nissan,White,108578.0,4.0,"$5,000"
Toyota,Black,119673.0,3.0,"$12,200"
Toyota,Black,96801.0,4.0,"$14,500"
Nissan,Red,172647.0,4.0,"$2,500"
Toyota,Green,62962.0,3.0,"$13,300"
Honda,Blue,3000.0,5.0,"$13,900"
Honda,Blue,23320.0,5.0,"$11,900"
Honda,Silver,77656.0,4.0,"$9,100"
BMW,Blue,41805.0,5.0,"$19,900"
Honda,Black,202011.0,4.0,"$10,100"
Toyota,Green,37572.0,3.0,"$16,500"
Toyota,Blue,77227.0,5.0,"$12,200"
Nissan,Red,108456.0,4.0,"$5,100"
Honda,Silver,139224.0,4.0,"$7,700"
Toyota,White,73219.0,5.0,"$7,900"
,Red,51533.0,4.0,"$7,000"
Honda,Black,92586.0,5.0,
Toyota,Blue,84190.0,4.0,"$15,200"
Honda,White,149566.0,5.0,"$7,400"
Toyota,Blue,93471.0,4.0,"$16,400"
Toyota,Blue,125079.0,4.0,"$7,800"
Toyota,Blue,23847.0,3.0,"$14,000"
Toyota,Red,141124.0,4.0,"$6,000"
Nissan,Red,128307.0,5.0,"$5,700"
Honda,White,83166.0,5.0,"$3,100"
Honda,Red,81354.0,4.0,"$12,700"
Nissan,Black,76641.0,4.0,"$8,800"
Nissan,Silver,69666.0,4.0,"$9,800"
Nissan,Black,99874.0,4.0,"$5,200"
Nissan,Black,186622.0,5.0,"$6,600"
Toyota,Green,66544.0,5.0,"$13,300"
Nissan,Silver,142095.0,4.0,"$7,100"
Nissan,Red,17121.0,4.0,"$13,800"
Toyota,Blue,68375.0,4.0,"$10,400"
Honda,Blue,218618.0,5.0,"$5,100"
Toyota,White,77911.0,4.0,"$4,100"
Toyota,White,170267.0,4.0,"$2,500"
BMW,Black,22855.0,4.0,"$25,300"
Nissan,Blue,191319.0,4.0,"$5,100"
Nissan,White,103161.0,4.0,"$8,100"
Honda,Blue,63181.0,5.0,"$11,900"
Nissan,Red,116106.0,4.0,"$9,000"
Nissan,Red,166161.0,4.0,"$5,400"
Honda,White,74607.0,4.0,"$12,500"
Toyota,Blue,93217.0,3.0,"$6,000"
Toyota,Green,77029.0,4.0,"$10,800"
Nissan,Black,162972.0,4.0,"$4,200"
Toyota,White,35121.0,4.0,"$13,300"
Nissan,Black,118353.0,4.0,"$7,200"
Nissan,Blue,163512.0,4.0,"$7,000"
Nissan,White,78724.0,4.0,"$6,800"
BMW,White,21311.0,4.0,"$31,800"
Toyota,Blue,173338.0,5.0,"$6,300"
Toyota,Red,85445.0,4.0,"$15,300"
Nissan,Blue,140311.0,4.0,"$6,600"
Honda,Black,34836.0,5.0,"$15,100"
Nissan,Red,59968.0,4.0,"$6,200"
BMW,Blue,50435.0,5.0,"$22,800"
BMW,Silver,55692.0,4.0,"$16,400"
Toyota,Green,147858.0,5.0,"$11,500"
Toyota,Blue,3000.0,5.0,"$18,400"
Honda,Blue,53094.0,4.0,"$13,800"
Toyota,Blue,94440.0,3.0,"$9,500"
Nissan,Black,101634.0,4.0,"$10,700"
Toyota,Blue,,4.0,
Nissan,Black,173674.0,4.0,"$6,000"
Honda,White,203585.0,4.0,"$2,600"
Nissan,Red,165609.0,4.0,"$3,900"
Nissan,Red,181070.0,4.0,"$3,400"
Toyota,Blue,77830.0,5.0,"$16,000"
Toyota,Red,72438.0,,"$5,800"
Nissan,Blue,83056.0,4.0,"$9,800"
Toyota,Green,170386.0,5.0,
Honda,White,155273.0,5.0,"$3,100"
Nissan,Black,87177.0,5.0,"$8,200"
Nissan,White,105584.0,5.0,"$8,100"
Nissan,Silver,,4.0,"$3,900"
BMW,Grey,70839.0,5.0,"$25,300"
Honda,Blue,47557.0,5.0,"$11,900"
Toyota,Green,90529.0,3.0,"$8,400"
Nissan,Black,113778.0,4.0,"$7,100"
BMW,Silver,46843.0,3.0,"$33,500"
Honda,Silver,35864.0,5.0,"$10,700"
Nissan,Red,260000.0,5.0,"$2,500"
Honda,Blue,27019.0,4.0,"$14,700"
Nissan,Blue,3000.0,4.0,"$11,300"
Nissan,Blue,232166.0,5.0,"$2,500"
Honda,Silver,3000.0,5.0,"$9,900"
Toyota,Black,144714.0,4.0,"$11,800"
Nissan,Red,83295.0,4.0,"$9,800"
Nissan,Blue,189854.0,5.0,"$8,500"
Toyota,Green,85190.0,4.0,"$2,700"
Honda,Silver,52597.0,4.0,"$10,100"
Honda,White,79570.0,5.0,"$10,200"
Nissan,Silver,174658.0,5.0,"$8,000"
BMW,White,57789.0,5.0,"$33,400"
Honda,Silver,109167.0,4.0,"$8,900"
Honda,Black,135514.0,4.0,"$7,800"
Toyota,Green,205006.0,4.0,"$2,500"
Honda,Blue,67271.0,5.0,"$10,900"
Honda,White,113093.0,4.0,"$12,300"
Honda,Blue,90828.0,4.0,"$5,200"
Honda,Blue,132440.0,4.0,"$9,800"
Nissan,Blue,3255.0,4.0,"$11,900"
Toyota,Black,15312.0,4.0,"$12,200"
Nissan,Silver,61442.0,4.0,"$11,400"
BMW,Grey,69906.0,5.0,"$17,300"
Toyota,Red,143763.0,4.0,"$3,300"
Toyota,White,115165.0,4.0,"$6,800"
Nissan,Blue,91522.0,4.0,"$9,100"
Toyota,Red,125115.0,4.0,"$13,000"
,White,88051.0,4.0,"$10,600"
Toyota,Black,75237.0,4.0,"$12,000"
Honda,Blue,113095.0,4.0,"$8,100"
Nissan,Black,10989.0,5.0,"$13,300"
Honda,Silver,109498.0,4.0,"$6,700"
Honda,Black,30349.0,4.0,"$17,000"
Toyota,Blue,123555.0,4.0,"$8,200"
Nissan,Blue,48326.0,4.0,"$7,600"
BMW,Black,119708.0,3.0,"$22,900"
Honda,Red,65571.0,4.0,"$12,100"
Nissan,White,66393.0,4.0,"$12,900"
Honda,White,156934.0,4.0,"$5,000"
Honda,Blue,61823.0,4.0,"$3,000"
Nissan,White,29031.0,4.0,"$7,300"
Nissan,White,119570.0,4.0,"$5,600"
Toyota,Blue,28042.0,4.0,"$12,500"
Honda,Blue,116256.0,4.0,"$9,900"
Honda,,3000.0,4.0,"$13,300"
,Blue,26066.0,4.0,"$16,400"
Toyota,Red,138775.0,5.0,"$6,000"
BMW,Grey,32826.0,4.0,"$23,700"
Honda,Red,3000.0,4.0,"$14,500"
Honda,Red,78903.0,4.0,"$12,900"
Toyota,Black,40882.0,5.0,"$11,800"
Nissan,White,27634.0,4.0,"$8,200"
Toyota,Black,36536.0,4.0,"$16,500"
Honda,Blue,58483.0,4.0,"$11,400"
BMW,White,49007.0,4.0,"$17,700"
BMW,Silver,57931.0,4.0,"$29,500"
Honda,White,34027.0,5.0,"$15,300"
Toyota,Blue,53814.0,5.0,"$11,400"
Honda,Red,117472.0,5.0,"$6,800"
Honda,White,93803.0,4.0,"$8,400"
Toyota,Blue,104727.0,4.0,
BMW,,3000.0,4.0,"$32,100"
Honda,Blue,141784.0,5.0,"$5,100"
Toyota,Black,85310.0,3.0,"$11,000"
Honda,Red,125274.0,4.0,"$2,500"
Toyota,Green,51925.0,3.0,"$9,700"
Toyota,Green,134563.0,4.0,"$15,800"
Nissan,Black,,4.0,"$4,000"
Toyota,Blue,118917.0,3.0,"$12,500"
Toyota,Red,103616.0,5.0,"$7,600"
Honda,Black,137983.0,4.0,"$9,500"
Honda,Red,42748.0,4.0,"$12,800"
Honda,Blue,139868.0,4.0,"$10,700"
Nissan,White,108278.0,5.0,"$6,800"
BMW,Blue,116545.0,4.0,"$14,900"
Toyota,Blue,120806.0,3.0,"$3,800"
BMW,Grey,109745.0,4.0,"$21,400"
Toyota,Red,163966.0,4.0,"$8,500"
Toyota,Green,34392.0,4.0,"$17,000"
Honda,Silver,166459.0,5.0,"$9,400"
Honda,White,55443.0,4.0,"$10,300"
Nissan,Blue,120143.0,4.0,"$4,600"
Toyota,White,186002.0,3.0,"$5,600"
Toyota,Blue,3000.0,5.0,"$16,400"
BMW,White,50377.0,5.0,"$26,100"
Nissan,White,91357.0,4.0,"$9,900"
Toyota,Red,156223.0,5.0,"$8,900"
Nissan,Silver,92998.0,5.0,"$8,400"
Honda,Black,92940.0,4.0,"$7,200"
Toyota,,128104.0,5.0,"$10,300"
Nissan,,198264.0,4.0,"$6,200"
BMW,Grey,36201.0,4.0,"$31,900"
Nissan,White,58746.0,4.0,
Toyota,Green,71136.0,4.0,"$7,500"
Toyota,White,112562.0,5.0,"$2,500"
Honda,White,7953.0,4.0,"$12,900"
Toyota,Blue,102286.0,4.0,"$8,800"
Nissan,Blue,23551.0,4.0,"$8,800"
BMW,Silver,81430.0,4.0,"$28,300"
BMW,Blue,64318.0,5.0,"$33,400"
BMW,Silver,81690.0,4.0,"$19,700"
Honda,Blue,78535.0,4.0,"$5,900"
Nissan,Silver,105944.0,4.0,"$10,100"
Honda,Black,124893.0,4.0,"$12,300"
Toyota,Black,82249.0,4.0,"$15,400"
Nissan,Silver,101174.0,4.0,"$11,200"
Honda,Red,90950.0,5.0,"$12,200"
Toyota,Black,174705.0,4.0,"$6,200"
Honda,White,102482.0,4.0,"$12,800"
Toyota,Green,91083.0,4.0,"$5,600"
Toyota,White,209436.0,4.0,"$3,500"
Honda,White,99620.0,4.0,"$12,600"
Nissan,Red,77924.0,5.0,"$6,400"
BMW,Blue,75656.0,5.0,"$13,700"
BMW,Grey,52907.0,4.0,"$27,400"
Nissan,White,96882.0,4.0,"$3,500"
Nissan,White,201273.0,4.0,"$2,900"
Toyota,Red,172419.0,4.0,"$5,700"
Toyota,White,52239.0,3.0,"$12,300"
Honda,Black,81642.0,4.0,"$6,600"
Toyota,White,174428.0,4.0,"$4,600"
BMW,Blue,3000.0,4.0,"$36,700"
Toyota,White,71776.0,3.0,"$8,600"
Nissan,Silver,13138.0,5.0,"$16,800"
Nissan,White,39789.0,4.0,"$10,400"
Toyota,Black,145456.0,3.0,"$8,600"
Nissan,Red,108659.0,4.0,"$2,500"
Nissan,Silver,66655.0,4.0,"$9,500"
Nissan,Silver,67918.0,4.0,"$9,500"
Toyota,Red,133450.0,3.0,"$10,600"
Honda,Black,33143.0,4.0,"$19,000"
Toyota,White,137908.0,3.0,"$7,400"
BMW,White,110760.0,3.0,"$37,600"
Honda,,22941.0,4.0,"$12,000"
Nissan,Silver,3000.0,4.0,"$12,500"
Honda,White,109538.0,4.0,"$8,500"
Toyota,Blue,63964.0,5.0,"$5,900"
Nissan,Red,132917.0,4.0,"$9,500"
Honda,Silver,63631.0,5.0,"$12,900"
Nissan,Blue,24183.0,4.0,"$12,100"
Toyota,Blue,77544.0,5.0,"$9,400"
Toyota,Green,58461.0,5.0,"$10,800"
Honda,Black,110356.0,5.0,"$5,600"
Honda,Red,72938.0,4.0,"$10,100"
Honda,White,39246.0,5.0,"$18,000"
BMW,Grey,29153.0,4.0,"$22,500"
Nissan,Red,57214.0,5.0,"$14,600"
Nissan,White,142962.0,5.0,"$3,600"
Toyota,Red,155524.0,3.0,"$7,100"
BMW,Black,75804.0,5.0,"$23,400"
Toyota,Blue,59030.0,4.0,"$13,100"
BMW,White,42106.0,5.0,"$38,800"
Honda,Black,31074.0,5.0,"$17,800"
Nissan,White,105766.0,4.0,
Nissan,Red,158656.0,4.0,"$2,900"
Nissan,White,160397.0,4.0,"$2,500"
BMW,Black,34760.0,3.0,"$20,000"
Honda,Blue,31831.0,5.0,"$12,300"
Nissan,Silver,133601.0,4.0,"$7,700"
Honda,Blue,103562.0,4.0,"$6,900"
Toyota,Blue,117188.0,5.0,"$10,300"
Toyota,Blue,146674.0,3.0,"$9,400"
,Red,93462.0,5.0,"$7,300"
Toyota,Black,64046.0,5.0,"$10,900"
Toyota,Red,81606.0,4.0,"$11,700"
Honda,Red,126328.0,4.0,"$7,600"
Honda,Red,92773.0,5.0,"$10,400"
Toyota,Red,71172.0,4.0,"$8,300"
Toyota,Green,6717.0,5.0,"$12,300"
BMW,Black,84872.0,3.0,"$19,000"
Nissan,Red,98682.0,4.0,"$8,500"
Toyota,White,125075.0,4.0,"$5,500"
Toyota,White,149847.0,4.0,"$11,400"
Honda,Black,37767.0,4.0,"$9,800"
Toyota,Black,159936.0,4.0,"$7,000"
Nissan,Silver,,4.0,"$8,400"
Nissan,Red,98035.0,5.0,"$5,000"
Honda,White,72155.0,4.0,"$10,500"
Nissan,Black,193886.0,4.0,"$2,500"
Toyota,White,153772.0,3.0,"$11,200"
Toyota,Green,172584.0,5.0,"$7,600"
Honda,Red,3000.0,4.0,"$14,900"
Nissan,White,170710.0,4.0,"$3,900"
Toyota,White,188718.0,4.0,"$8,700"
Nissan,Silver,143823.0,4.0,"$8,200"
Nissan,Black,130668.0,4.0,"$2,500"
Nissan,Silver,84048.0,5.0,"$12,000"
BMW,Blue,31081.0,4.0,"$25,300"
Honda,Blue,41847.0,4.0,"$17,100"
Toyota,White,185437.0,4.0,"$3,300"
Honda,Silver,99070.0,4.0,"$7,200"
Nissan,Black,146436.0,5.0,"$7,400"
Toyota,White,140208.0,4.0,"$9,300"
Nissan,Silver,260000.0,4.0,"$2,500"
BMW,Silver,3000.0,5.0,"$26,400"
Toyota,Black,16464.0,5.0,"$10,200"
BMW,White,22944.0,5.0,"$21,900"
BMW,Grey,24906.0,4.0,"$30,400"
Honda,Red,67702.0,5.0,"$10,600"
Honda,Red,134923.0,4.0,"$5,000"
Honda,Silver,79301.0,4.0,
Toyota,White,3000.0,4.0,"$7,000"
Nissan,Black,131382.0,4.0,"$7,400"
Toyota,Blue,205339.0,4.0,"$5,600"
Toyota,White,140626.0,4.0,
Toyota,Green,113455.0,3.0,
Honda,Black,3000.0,5.0,"$15,800"
Honda,Black,194508.0,5.0,"$6,400"
Honda,White,171227.0,4.0,"$3,900"
Honda,Silver,90461.0,4.0,"$9,700"
Toyota,Green,3000.0,4.0,"$10,200"
Toyota,Blue,40962.0,5.0,"$16,200"
BMW,Silver,101630.0,5.0,"$26,400"
Honda,White,131556.0,4.0,"$7,100"
BMW,White,115481.0,3.0,"$22,000"
BMW,Black,67430.0,3.0,"$22,700"
Toyota,White,133591.0,4.0,"$7,200"
Honda,Red,138868.0,4.0,"$3,700"
BMW,Grey,18845.0,5.0,"$32,500"
Toyota,Red,93395.0,3.0,"$7,900"
Toyota,Black,144283.0,4.0,"$6,300"
Toyota,White,87589.0,4.0,"$15,200"
Honda,Black,165878.0,4.0,"$10,900"
BMW,Black,53150.0,4.0,"$34,000"
BMW,Blue,25143.0,,"$21,900"
Honda,Silver,3000.0,4.0,"$18,700"
Honda,White,50528.0,5.0,"$11,700"
Toyota,Red,50663.0,4.0,"$14,500"
Nissan,Blue,90964.0,4.0,"$4,400"
Honda,Black,113199.0,5.0,"$5,100"
Toyota,White,54454.0,4.0,"$5,500"
BMW,White,5193.0,5.0,"$29,900"
Toyota,White,3000.0,3.0,"$9,000"
BMW,Silver,64900.0,4.0,"$21,800"
Honda,Black,187617.0,4.0,"$10,700"
Nissan,Blue,63396.0,4.0,"$10,500"
Nissan,Blue,153959.0,4.0,"$3,300"
Honda,Black,20214.0,5.0,"$13,700"
Nissan,White,102320.0,4.0,"$6,200"
Nissan,Black,136769.0,5.0,"$4,600"
BMW,Silver,16616.0,5.0,"$29,000"
BMW,Black,81210.0,5.0,"$17,700"
Honda,Blue,136548.0,4.0,"$2,500"
Toyota,Blue,67938.0,4.0,"$10,700"
Honda,Blue,61461.0,4.0,"$9,200"
Nissan,Black,,4.0,"$2,500"
Toyota,Green,224943.0,5.0,"$5,600"
Toyota,Green,102786.0,4.0,"$10,800"
Honda,Red,213436.0,5.0,"$2,500"
Nissan,Silver,49256.0,4.0,"$7,900"
Toyota,Blue,99671.0,3.0,"$3,600"
Honda,Black,93072.0,5.0,"$15,400"
Toyota,White,105873.0,4.0,"$8,900"
Nissan,Red,77383.0,5.0,"$11,300"
Honda,Black,52360.0,5.0,"$17,800"
Toyota,Blue,198534.0,4.0,"$6,200"
Nissan,Black,111355.0,4.0,"$9,700"
Honda,Black,144550.0,4.0,"$4,800"
Nissan,Blue,82512.0,4.0,"$4,700"
BMW,Blue,82180.0,4.0,"$28,700"
Nissan,White,36404.0,4.0,"$9,200"
Nissan,White,36553.0,4.0,"$8,000"
Toyota,Green,126652.0,4.0,"$5,800"
Nissan,Blue,95153.0,4.0,"$3,300"
Honda,Black,100975.0,4.0,"$9,100"
Toyota,Blue,60094.0,3.0,"$10,400"
Honda,Black,100654.0,4.0,"$6,800"
Nissan,Black,29329.0,4.0,"$15,600"
Honda,Silver,61602.0,4.0,"$10,700"
Nissan,Silver,168607.0,4.0,"$13,400"
Honda,Red,32264.0,4.0,"$13,500"
Toyota,Black,61207.0,4.0,"$10,400"
Nissan,White,71668.0,4.0,"$5,800"
Toyota,Blue,95852.0,4.0,"$5,500"
Nissan,Black,165021.0,5.0,"$5,400"
BMW,Blue,82742.0,4.0,"$21,300"
BMW,Grey,49577.0,4.0,"$27,800"
Honda,Red,36125.0,4.0,"$10,900"
Honda,Blue,50738.0,4.0,"$8,700"
Nissan,White,,4.0,"$15,400"
Honda,Black,59046.0,5.0,"$15,400"
Nissan,Blue,171852.0,4.0,"$2,500"
Toyota,White,41402.0,4.0,"$21,000"
Honda,White,176044.0,4.0,"$5,400"
Honda,Red,104353.0,5.0,"$7,600"
Toyota,Black,120482.0,4.0,"$7,000"
Toyota,Blue,3000.0,5.0,"$11,100"
Honda,Black,93012.0,5.0,"$6,900"
Toyota,Blue,94501.0,4.0,"$6,900"
Honda,White,54447.0,4.0,"$13,800"
Honda,Black,103879.0,4.0,"$9,100"
Honda,Black,134190.0,4.0,"$9,100"
BMW,White,125755.0,5.0,"$20,100"
Nissan,Black,87940.0,4.0,"$4,800"
Toyota,Black,75693.0,3.0,"$13,600"
Nissan,Red,184799.0,4.0,"$5,800"
Nissan,Silver,11525.0,4.0,"$14,400"
Honda,Blue,3751.0,4.0,"$16,300"
Nissan,Red,91404.0,4.0,"$9,500"
Toyota,Red,28712.0,4.0,"$17,000"
Toyota,White,21821.0,3.0,"$10,700"
Nissan,Red,56106.0,4.0,"$4,800"
Toyota,Red,102915.0,4.0,"$15,600"
Toyota,Black,236679.0,4.0,"$4,200"
BMW,Blue,111900.0,5.0,"$25,200"
BMW,Black,85953.0,3.0,"$21,300"
Toyota,White,108144.0,3.0,"$10,500"
Toyota,Blue,67920.0,4.0,"$11,300"
Nissan,Silver,108727.0,4.0,"$9,200"
Toyota,Green,42566.0,4.0,"$11,900"
Honda,Red,183776.0,5.0,"$9,200"
BMW,Black,121665.0,3.0,"$22,000"
Nissan,Black,129975.0,4.0,"$8,800"
Honda,White,166892.0,4.0,"$2,500"
Toyota,Black,29597.0,4.0,"$17,800"
Nissan,Red,96494.0,5.0,"$6,400"
Toyota,Green,32783.0,5.0,
BMW,Silver,6100.0,5.0,"$42,400"
Nissan,Black,110743.0,4.0,"$6,900"
Toyota,White,128579.0,5.0,"$12,500"
Honda,Silver,137402.0,4.0,"$10,600"
Honda,White,61719.0,4.0,"$10,000"
Nissan,Black,155065.0,4.0,"$3,600"
Toyota,Green,97734.0,4.0,"$10,800"
Toyota,White,138829.0,5.0,"$3,300"
Nissan,Blue,152025.0,4.0,"$4,300"
Nissan,Black,151617.0,5.0,"$7,900"
Honda,Silver,169179.0,4.0,"$10,000"
Nissan,Blue,187408.0,4.0,"$7,000"
Toyota,White,113151.0,4.0,"$9,600"
Honda,Silver,133895.0,4.0,"$9,800"
Toyota,,81928.0,4.0,"$11,500"
Toyota,White,96174.0,4.0,"$7,500"
BMW,Black,119199.0,4.0,"$23,300"
Nissan,Red,226727.0,4.0,"$2,500"
Toyota,Black,69047.0,3.0,"$11,000"
Toyota,Blue,157143.0,4.0,"$8,600"
Honda,White,106902.0,4.0,"$5,400"
Toyota,Black,37839.0,4.0,"$14,300"
Honda,Silver,26522.0,4.0,"$11,000"
Toyota,Black,124047.0,4.0,"$6,000"
Honda,Red,169057.0,4.0,"$9,400"
Honda,Red,16571.0,5.0,"$10,800"
Honda,Blue,3000.0,4.0,"$11,300"
Nissan,Silver,154917.0,4.0,"$3,800"
Toyota,White,121961.0,4.0,"$4,200"
Nissan,White,156686.0,4.0,"$3,300"
BMW,Silver,65511.0,4.0,"$24,700"
Toyota,Red,31879.0,4.0,"$9,500"
,White,138454.0,4.0,"$8,500"
Toyota,White,152602.0,3.0,"$7,800"
Honda,Silver,98863.0,4.0,"$4,000"
Nissan,Black,96859.0,4.0,"$7,700"
Honda,Red,185749.0,5.0,"$7,700"
Toyota,White,177875.0,3.0,"$7,500"
Toyota,Black,,5.0,"$13,200"
Toyota,Blue,110283.0,3.0,"$5,700"
BMW,,48855.0,5.0,"$25,600"
Toyota,White,181492.0,5.0,"$2,500"
Toyota,White,160702.0,5.0,"$4,900"
Toyota,White,26651.0,3.0,"$16,400"
Honda,Red,127131.0,5.0,"$12,100"
Honda,Black,130433.0,4.0,"$14,000"
BMW,Silver,88466.0,5.0,"$23,900"
Honda,Silver,108460.0,4.0,"$12,500"
Toyota,White,57472.0,3.0,"$9,100"
Honda,Blue,77169.0,4.0,"$3,800"
Honda,Black,98627.0,4.0,"$3,700"
Honda,Red,94546.0,4.0,"$11,800"
Nissan,,85294.0,4.0,"$12,400"
Nissan,Silver,30211.0,4.0,"$13,800"
BMW,Grey,93355.0,4.0,"$12,700"
Nissan,Black,260000.0,4.0,"$2,500"
Nissan,Silver,62860.0,4.0,"$5,500"
Toyota,Green,86559.0,3.0,"$8,700"
Toyota,Black,103337.0,4.0,"$9,200"
Toyota,White,130927.0,4.0,"$7,400"
Honda,White,3000.0,4.0,"$13,200"
Toyota,Red,3000.0,4.0,"$15,600"
Toyota,,47076.0,4.0,"$13,000"
Nissan,Black,185588.0,4.0,"$2,500"
Honda,Blue,142940.0,4.0,
Nissan,White,210178.0,4.0,"$2,500"
Toyota,Red,54294.0,4.0,"$14,300"
Nissan,White,87595.0,4.0,"$5,800"
Toyota,Green,73152.0,5.0,"$11,200"
Honda,Black,156424.0,5.0,"$2,500"
Honda,Black,93107.0,5.0,"$12,200"
BMW,Silver,73124.0,5.0,"$34,100"
Nissan,White,107836.0,5.0,"$7,300"
Honda,White,120431.0,4.0,"$8,400"
Honda,Blue,73260.0,5.0,"$12,600"
Honda,Red,60678.0,4.0,"$9,000"
Nissan,Blue,82432.0,4.0,"$11,700"
Nissan,White,3000.0,4.0,"$13,000"
Honda,Blue,93645.0,4.0,"$4,300"
Honda,Blue,106866.0,5.0,"$10,900"
Toyota,Red,128661.0,4.0,"$2,500"
Honda,Black,157586.0,4.0,"$4,400"
Toyota,Green,133701.0,4.0,"$10,200"
Honda,Blue,49918.0,4.0,"$13,400"
Honda,Black,73496.0,5.0,"$5,000"
Nissan,Blue,177393.0,4.0,"$2,500"
Nissan,Silver,64148.0,4.0,"$8,100"
Toyota,Blue,112156.0,4.0,"$9,300"
BMW,Silver,88018.0,5.0,"$16,200"
Honda,Black,56365.0,4.0,"$11,000"
Toyota,White,196690.0,5.0,"$5,900"
Toyota,Blue,154431.0,4.0,"$7,600"
Nissan,White,84915.0,4.0,"$7,500"
Honda,Black,83915.0,4.0,"$11,900"
Toyota,Black,169479.0,3.0,"$7,300"
Toyota,Blue,159728.0,3.0,"$3,300"
Toyota,Red,,4.0,"$8,700"
Toyota,White,114351.0,5.0,"$9,000"
Toyota,,135948.0,4.0,"$5,400"
,Black,100237.0,4.0,"$12,500"
Honda,Blue,3000.0,5.0,"$20,700"
Nissan,Silver,96143.0,4.0,"$2,500"
Nissan,Black,120853.0,,"$7,400"
Toyota,Red,,4.0,"$13,400"
Honda,White,127877.0,4.0,"$8,700"
Toyota,White,121408.0,3.0,"$7,900"
Toyota,Blue,190325.0,4.0,"$2,500"
Nissan,Silver,119820.0,5.0,"$7,400"
Toyota,Blue,140290.0,4.0,"$5,500"
Honda,Silver,8303.0,4.0,"$13,900"
Nissan,Red,127748.0,5.0,"$10,500"
Honda,White,31022.0,4.0,"$15,800"
Honda,Blue,205635.0,5.0,"$3,700"
BMW,Blue,,3.0,"$24,200"
BMW,Grey,65588.0,5.0,"$29,500"
BMW,Blue,40161.0,5.0,"$37,200"
Nissan,Red,49586.0,4.0,"$5,100"
Honda,Black,145122.0,5.0,"$2,500"
BMW,Grey,56426.0,5.0,"$46,600"
Nissan,Red,111325.0,4.0,"$3,800"
BMW,Grey,62589.0,4.0,"$25,000"
BMW,White,71747.0,5.0,"$29,900"
Toyota,Black,43966.0,4.0,"$18,300"
,Silver,103765.0,4.0,"$11,200"
Toyota,Blue,65336.0,5.0,"$16,500"
Honda,Red,79661.0,5.0,"$11,400"
Honda,Silver,47210.0,4.0,"$8,600"
Nissan,Silver,150539.0,5.0,"$4,600"
Honda,Black,51016.0,4.0,"$9,700"
Honda,Red,125549.0,4.0,"$5,900"
Nissan,Red,105411.0,4.0,"$7,000"
Honda,Black,3000.0,4.0,"$9,400"
Toyota,Green,115486.0,4.0,"$6,300"
Toyota,Black,152949.0,5.0,"$11,600"
Nissan,Silver,152273.0,5.0,"$10,400"
Honda,Black,88011.0,4.0,"$11,800"
Toyota,Blue,67611.0,4.0,"$19,400"
BMW,Black,148312.0,5.0,"$22,300"
Honda,Blue,110556.0,4.0,"$12,600"
Toyota,Black,90348.0,5.0,"$9,400"
Toyota,White,143447.0,4.0,"$8,300"
Toyota,Red,107515.0,4.0,"$6,900"
BMW,White,3000.0,4.0,"$29,700"
Honda,Red,135438.0,4.0,"$6,600"
Toyota,Green,172694.0,4.0,"$3,700"
Nissan,Silver,52936.0,4.0,"$9,500"
Toyota,Black,93705.0,4.0,
Honda,White,54801.0,5.0,"$16,000"
Honda,Blue,186412.0,4.0,"$4,900"
Toyota,Red,162984.0,4.0,"$3,600"
,Red,143610.0,5.0,"$10,700"
BMW,White,101264.0,5.0,"$24,100"
Toyota,Green,3000.0,4.0,"$11,900"
Nissan,Blue,76948.0,5.0,"$6,600"
Honda,Red,97867.0,4.0,"$7,800"
BMW,Silver,30366.0,5.0,"$20,700"
Toyota,Blue,60793.0,4.0,"$15,500"
Toyota,Blue,63626.0,4.0,"$10,100"
Nissan,White,86424.0,4.0,
Toyota,White,121724.0,3.0,"$2,500"
Toyota,Blue,151125.0,5.0,"$12,900"
Toyota,Black,43390.0,5.0,"$10,500"
Honda,Blue,70387.0,4.0,"$8,200"
Nissan,White,124539.0,4.0,"$2,500"
Honda,Silver,38339.0,4.0,"$16,700"
Nissan,White,60019.0,5.0,"$13,200"
Nissan,Red,131898.0,4.0,"$2,500"
Honda,,122495.0,4.0,"$7,700"
Honda,Black,70137.0,4.0,"$11,400"
BMW,White,84934.0,3.0,"$28,000"
BMW,Silver,114486.0,5.0,
Toyota,Green,26467.0,4.0,"$11,300"
Honda,White,233266.0,4.0,"$5,000"
BMW,Grey,164510.0,4.0,"$29,600"
Toyota,Red,110573.0,4.0,"$10,400"
Nissan,White,109951.0,4.0,"$2,500"
Honda,White,92866.0,4.0,"$13,100"
BMW,Blue,39815.0,5.0,"$29,800"
Toyota,Red,142282.0,4.0,"$5,100"
Honda,Blue,70337.0,4.0,"$7,400"
Nissan,White,65958.0,4.0,"$5,700"
Nissan,White,61574.0,4.0,"$12,900"
BMW,White,26549.0,3.0,"$27,000"
Honda,Silver,67862.0,5.0,"$14,900"
Nissan,Silver,185425.0,5.0,"$6,400"
Nissan,Red,129143.0,4.0,"$5,300"
Toyota,Red,36022.0,4.0,"$19,200"
BMW,Blue,33093.0,5.0,"$31,700"
Nissan,Black,171335.0,5.0,"$3,500"
Honda,,141824.0,5.0,"$10,100"
Nissan,Black,208765.0,4.0,"$2,500"
Honda,White,30278.0,4.0,"$10,900"
Toyota,Green,108860.0,4.0,"$9,200"
Honda,Silver,73114.0,5.0,"$5,400"
Nissan,White,138347.0,4.0,"$10,700"
Nissan,White,137998.0,4.0,"$7,200"
Toyota,Blue,127767.0,4.0,"$10,000"
Toyota,Green,146446.0,,"$8,500"
BMW,White,51867.0,4.0,"$20,700"
Toyota,Red,85053.0,4.0,"$11,700"
BMW,Grey,51724.0,5.0,"$28,600"
BMW,Blue,83444.0,,"$28,800"
Toyota,Green,164705.0,4.0,"$6,600"
Toyota,Red,29995.0,3.0,"$11,200"
Nissan,Silver,114467.0,4.0,"$2,500"
Nissan,Black,189765.0,5.0,"$4,500"
Nissan,White,133355.0,4.0,"$9,400"
Honda,Blue,61753.0,5.0,"$13,300"
Nissan,Red,105847.0,4.0,"$6,500"
Toyota,Blue,57845.0,4.0,"$17,400"
Nissan,Red,90971.0,5.0,"$10,200"
Toyota,Blue,3000.0,4.0,"$18,400"
Toyota,Red,152714.0,5.0,"$8,500"
Toyota,Red,86198.0,4.0,"$11,900"
BMW,Silver,161129.0,5.0,"$10,000"
Toyota,Blue,138665.0,4.0,"$5,300"
Honda,Blue,91043.0,5.0,"$9,400"
BMW,Blue,47010.0,3.0,"$25,100"
Nissan,Red,48486.0,4.0,"$12,300"
Toyota,White,4704.0,4.0,"$16,300"
BMW,Grey,51285.0,4.0,"$18,200"
Honda,Blue,101714.0,4.0,"$4,300"
Nissan,Blue,114223.0,5.0,"$3,700"
Toyota,Green,121986.0,3.0,"$4,500"
Honda,Black,70352.0,4.0,"$11,600"
Honda,Black,54917.0,4.0,"$11,200"
Toyota,Red,,3.0,"$14,900"
Nissan,Red,210835.0,4.0,"$9,300"
Toyota,Green,102740.0,4.0,"$11,800"
Nissan,White,12284.0,4.0,"$15,400"
Toyota,Blue,138363.0,3.0,"$5,800"
BMW,Silver,116961.0,5.0,"$21,900"
Toyota,Red,74182.0,4.0,"$12,700"
Honda,Black,40958.0,5.0,"$15,800"
Nissan,White,52864.0,4.0,"$6,900"
Honda,Silver,48334.0,5.0,"$14,600"
BMW,Grey,39095.0,4.0,"$17,700"
Honda,White,62927.0,4.0,"$10,700"
Toyota,Green,36589.0,4.0,"$8,700"
Nissan,Blue,230232.0,5.0,"$2,500"
Toyota,Blue,81201.0,4.0,"$9,800"
Nissan,Silver,88404.0,5.0,"$10,300"
Honda,White,137510.0,4.0,"$6,400"
BMW,Blue,13067.0,5.0,"$36,600"
Toyota,Green,93042.0,3.0,"$14,400"
Honda,Silver,3000.0,4.0,"$14,300"
Toyota,Red,197767.0,5.0,"$4,900"
Toyota,Green,86274.0,4.0,"$11,000"
BMW,Blue,41530.0,5.0,"$25,000"
Nissan,Red,93082.0,4.0,"$5,900"
BMW,White,116611.0,5.0,"$26,500"
Toyota,Red,111032.0,3.0,"$11,100"
Nissan,Blue,97196.0,5.0,"$6,200"
Nissan,Silver,78253.0,4.0,"$8,500"
Toyota,White,42920.0,,"$11,200"
Honda,Black,67226.0,4.0,"$17,200"
Nissan,White,3000.0,4.0,"$11,500"
Honda,White,174833.0,4.0,"$5,900"
Nissan,,154191.0,4.0,"$5,100"
Nissan,Blue,74629.0,4.0,"$2,700"
Honda,Blue,101861.0,4.0,"$6,600"
Honda,White,53583.0,4.0,"$9,800"
Nissan,Silver,209712.0,4.0,"$8,500"
Toyota,Red,109294.0,5.0,"$8,700"
Honda,White,35493.0,5.0,"$14,200"
Toyota,Black,190711.0,5.0,"$5,900"
Honda,Blue,3000.0,4.0,"$15,600"
Honda,Red,139299.0,4.0,"$2,500"
Honda,Silver,100471.0,4.0,"$10,500"
Toyota,Blue,94198.0,4.0,"$7,800"
Toyota,Red,150828.0,3.0,"$5,400"
Toyota,Green,20770.0,3.0,"$5,700"
Toyota,Green,163564.0,4.0,"$8,400"
Nissan,White,116926.0,4.0,"$5,500"
BMW,Grey,42782.0,3.0,"$18,300"
Toyota,Black,75564.0,5.0,"$5,400"
Honda,Blue,56668.0,4.0,"$10,200"
Honda,White,121274.0,4.0,"$8,000"
Toyota,Blue,139336.0,4.0,"$12,500"
Nissan,Red,171257.0,4.0,"$5,100"
Toyota,,98616.0,4.0,"$6,300"
BMW,Grey,96077.0,5.0,"$35,400"
Nissan,Blue,131157.0,4.0,"$10,900"
Honda,Blue,18772.0,4.0,"$9,400"
Honda,Silver,,4.0,"$8,400"
Toyota,Red,166316.0,5.0,"$7,500"
BMW,Blue,28545.0,5.0,"$26,200"
Honda,Red,18431.0,4.0,"$9,400"
Toyota,White,148567.0,4.0,"$10,600"
Toyota,Red,116876.0,4.0,"$3,600"
Toyota,White,79363.0,4.0,"$7,100"
Toyota,Red,159179.0,4.0,"$5,300"
Nissan,Silver,51198.0,4.0,"$9,800"
BMW,Silver,38113.0,4.0,"$36,200"
Toyota,Red,59789.0,4.0,"$7,400"
Toyota,White,3000.0,4.0,"$14,600"
Toyota,Blue,68779.0,5.0,"$7,600"
Nissan,Black,178596.0,4.0,"$5,600"
BMW,Blue,63814.0,4.0,"$34,100"
Honda,Black,123801.0,4.0,"$5,700"
Nissan,White,53803.0,4.0,"$11,700"
BMW,Silver,81647.0,5.0,"$26,300"
Nissan,Red,64596.0,4.0,"$10,500"
Honda,Silver,55736.0,4.0,"$10,900"
Nissan,Red,193028.0,5.0,"$2,500"
BMW,Black,3000.0,4.0,"$21,500"
Toyota,Blue,149703.0,4.0,"$8,500"
Toyota,Red,91298.0,5.0,"$9,400"
Toyota,White,123238.0,3.0,"$5,400"
Nissan,Black,129117.0,5.0,"$5,000"
Nissan,Silver,61731.0,4.0,"$7,600"
BMW,White,49232.0,4.0,"$25,700"
Toyota,Blue,110243.0,3.0,"$2,500"
Honda,Silver,53232.0,4.0,"$10,200"
Honda,Black,164242.0,4.0,"$3,000"
Toyota,Black,106465.0,3.0,"$13,900"
Nissan,White,38473.0,5.0,"$12,000"
Honda,Red,53490.0,5.0,"$10,300"
Toyota,Black,56238.0,3.0,"$9,100"
Toyota,Black,239539.0,5.0,"$7,100"
Nissan,Black,173697.0,4.0,"$5,400"
Honda,White,14899.0,4.0,"$14,300"
Nissan,Silver,172084.0,4.0,"$2,500"
Toyota,Green,148196.0,3.0,"$8,500"
Toyota,Blue,194306.0,5.0,"$5,000"
Nissan,,,4.0,"$8,700"
Toyota,Black,172649.0,4.0,"$2,500"
Honda,Black,3000.0,5.0,"$14,800"
Nissan,White,87214.0,4.0,"$8,000"
Nissan,Silver,164937.0,5.0,"$3,700"
Honda,Red,3000.0,4.0,"$19,600"
Nissan,White,56155.0,4.0,"$6,700"
Toyota,White,155393.0,4.0,"$6,300"
Toyota,Black,94703.0,4.0,"$12,100"
Toyota,,154346.0,3.0,"$5,400"
Honda,Red,164957.0,4.0,"$2,500"
Toyota,Green,137508.0,3.0,"$4,100"
Nissan,Silver,188847.0,4.0,"$3,600"
BMW,Silver,36737.0,3.0,"$30,000"
Toyota,Black,144445.0,4.0,"$10,300"
BMW,White,21752.0,4.0,"$24,100"
,Black,111771.0,4.0,"$6,900"
,White,96489.0,4.0,"$10,700"
Honda,Silver,108047.0,4.0,"$7,900"
Nissan,Silver,65043.0,4.0,"$7,200"
Honda,White,81702.0,5.0,"$2,500"
Honda,Red,58338.0,4.0,"$8,300"
Honda,Silver,117573.0,4.0,"$5,900"
Toyota,Green,86814.0,4.0,"$15,000"
Toyota,Blue,149706.0,5.0,"$11,300"
Honda,Silver,68006.0,5.0,"$13,000"
Nissan,White,98901.0,4.0,"$6,900"
BMW,Blue,82206.0,5.0,"$21,200"
Nissan,Silver,195608.0,5.0,"$3,200"
Honda,Black,121681.0,4.0,"$12,600"
Honda,,141519.0,4.0,"$2,800"
Honda,Blue,113355.0,4.0,"$11,000"
Toyota,Black,144376.0,3.0,"$3,800"
Toyota,Black,63834.0,4.0,"$15,200"
Honda,White,55435.0,5.0,"$11,000"
Toyota,Blue,179945.0,3.0,"$5,200"
Toyota,Green,60207.0,3.0,"$7,600"
BMW,Silver,78974.0,4.0,
Toyota,White,85138.0,4.0,"$11,900"
Toyota,Green,165555.0,4.0,"$8,500"
Nissan,Silver,72012.0,4.0,"$11,800"
Honda,Black,77623.0,4.0,"$6,600"
Honda,Red,83742.0,4.0,"$14,000"
Honda,Silver,99931.0,4.0,"$9,200"
Honda,Silver,170586.0,4.0,"$2,500"
Honda,Red,30291.0,5.0,"$8,100"
BMW,Silver,80651.0,4.0,"$25,600"
Toyota,Red,178222.0,4.0,"$7,100"
Honda,Red,72600.0,4.0,"$10,200"
Honda,Black,97649.0,4.0,"$4,400"
Honda,Red,222095.0,4.0,"$4,800"
,Green,108920.0,4.0,"$10,900"
Toyota,Green,134889.0,4.0,"$7,300"
Toyota,Green,65175.0,5.0,"$13,700"
Nissan,White,133599.0,4.0,"$3,700"
Nissan,Silver,191465.0,4.0,"$3,900"
Toyota,Black,135950.0,4.0,"$13,100"
Honda,White,,4.0,"$10,400"
Toyota,,140121.0,4.0,"$5,200"
Nissan,Red,115026.0,5.0,"$7,600"
BMW,Black,24845.0,3.0,"$41,500"
Nissan,Red,33191.0,4.0,"$7,000"
Honda,Silver,155082.0,5.0,"$9,400"
Toyota,White,44649.0,4.0,"$14,600"
BMW,Grey,126649.0,4.0,"$22,100"
BMW,White,174150.0,5.0,"$9,600"
Toyota,Black,134078.0,4.0,"$12,400"
Toyota,Green,144349.0,3.0,"$5,800"
Toyota,Green,82897.0,4.0,"$11,600"
BMW,White,99261.0,5.0,"$28,300"
BMW,Silver,108682.0,4.0,"$16,600"
Nissan,Silver,99244.0,4.0,"$5,000"
Toyota,Black,77922.0,5.0,"$15,300"
Honda,Black,97183.0,4.0,"$17,300"
Toyota,Green,108057.0,5.0,"$9,900"
Toyota,Black,103521.0,3.0,"$7,200"
Toyota,Red,94992.0,4.0,"$13,800"
Honda,Black,97470.0,4.0,"$7,000"
Nissan,Black,60195.0,4.0,"$8,300"
Toyota,Black,101840.0,4.0,"$14,000"
Nissan,White,36932.0,4.0,"$9,500"
Honda,Red,98926.0,5.0,"$4,200"
Toyota,White,54652.0,3.0,"$9,200"
Nissan,Red,67425.0,4.0,"$9,300"
Nissan,Silver,103008.0,4.0,"$5,900"
Toyota,White,120254.0,3.0,"$13,800"
Toyota,Red,183241.0,3.0,"$2,500"
Nissan,Blue,144316.0,5.0,"$5,500"
Honda,Black,99447.0,4.0,"$8,100"
Nissan,Silver,118584.0,5.0,"$7,700"
Nissan,Red,79578.0,4.0,"$5,900"
Toyota,Blue,74667.0,4.0,"$12,000"
Honda,White,120751.0,4.0,"$10,700"
Nissan,Black,84325.0,4.0,
Toyota,Blue,148050.0,4.0,"$11,500"
Honda,Red,89176.0,4.0,"$8,800"
Toyota,White,107938.0,4.0,"$6,000"
Toyota,Red,87932.0,4.0,"$12,900"
Toyota,Blue,131381.0,3.0,"$6,800"
Toyota,Blue,109321.0,4.0,"$7,000"
Honda,Silver,125767.0,4.0,"$7,700"
Toyota,Red,83650.0,4.0,"$9,600"
Honda,Blue,88981.0,4.0,"$8,200"
Nissan,Black,148856.0,4.0,"$4,300"
Nissan,Black,201205.0,4.0,"$6,700"
Toyota,Green,51639.0,5.0,"$12,600"
Toyota,Red,64165.0,4.0,
Toyota,Green,202126.0,3.0,"$2,700"
BMW,Blue,80129.0,4.0,"$28,000"
Honda,Red,43969.0,4.0,"$9,000"
Honda,White,34110.0,4.0,"$9,500"
Honda,Red,3000.0,4.0,"$15,100"
Nissan,White,227034.0,4.0,"$2,500"
Toyota,Green,24354.0,4.0,"$10,900"
Toyota,White,74138.0,4.0,"$8,100"
Toyota,Green,142729.0,5.0,"$10,700"
Toyota,Red,37916.0,4.0,"$15,200"
Honda,Black,165287.0,4.0,"$11,900"
Toyota,Blue,246991.0,4.0,"$2,500"
BMW,White,183617.0,3.0,"$16,500"
Toyota,Blue,67191.0,4.0,"$12,600"
Honda,Red,64061.0,5.0,"$12,500"
BMW,White,9556.0,4.0,"$26,300"
Honda,Blue,153707.0,5.0,
Nissan,Black,119929.0,5.0,"$8,600"
Nissan,Blue,177557.0,4.0,"$2,500"
BMW,White,89550.0,4.0,"$22,300"
Toyota,Blue,106665.0,4.0,"$13,100"
Nissan,Silver,45125.0,4.0,"$7,400"
BMW,Grey,3000.0,4.0,"$24,500"
BMW,Grey,120878.0,4.0,"$21,800"
BMW,Silver,8714.0,4.0,"$24,800"
Toyota,Black,20631.0,4.0,"$10,400"
Nissan,Red,133773.0,4.0,"$2,600"
BMW,Grey,111730.0,4.0,"$22,500"
Toyota,White,102450.0,4.0,"$9,100"
Toyota,Green,138188.0,3.0,"$9,200"
Honda,White,108082.0,4.0,"$10,400"
Toyota,Black,86971.0,4.0,"$12,600"
Nissan,,93078.0,4.0,"$7,700"
Nissan,White,96619.0,4.0,"$6,400"
Toyota,Blue,62166.0,4.0,"$13,300"
,White,154909.0,4.0,"$10,000"
Nissan,Red,41632.0,5.0,"$14,000"
Honda,White,76728.0,4.0,"$12,000"
Honda,Silver,48501.0,5.0,"$12,700"
Honda,White,107058.0,4.0,"$4,300"
Honda,Black,121196.0,5.0,"$13,000"
Nissan,Red,102219.0,4.0,"$10,700"
Toyota,White,88135.0,4.0,"$13,400"
,Blue,3000.0,5.0,"$21,600"
Nissan,Silver,195745.0,5.0,"$2,900"
Toyota,Red,3000.0,5.0,"$16,100"
Toyota,Blue,22915.0,4.0,"$15,100"
Toyota,Green,119401.0,3.0,"$4,600"
Honda,Red,145806.0,4.0,"$9,200"
Honda,Black,138839.0,4.0,"$7,500"
BMW,Blue,5547.0,5.0,"$35,000"
Toyota,White,83940.0,5.0,"$7,100"
Toyota,Black,168306.0,4.0,"$13,800"
Nissan,White,109690.0,5.0,"$13,300"
BMW,Grey,68835.0,5.0,"$23,200"
Nissan,White,76694.0,4.0,"$12,800"
,White,68311.0,4.0,"$10,800"
Nissan,Red,80686.0,4.0,"$7,000"
Honda,Silver,141451.0,5.0,"$6,800"
Toyota,Green,76950.0,3.0,"$13,200"
Toyota,Black,181064.0,5.0,"$9,300"
Nissan,Red,75332.0,4.0,"$7,100"
Nissan,White,116475.0,4.0,"$7,500"
Honda,Black,44582.0,4.0,"$14,100"
Toyota,Red,102446.0,3.0,"$3,400"
Nissan,White,59980.0,4.0,"$8,000"
Honda,Black,88502.0,5.0,"$16,200"
Nissan,White,125337.0,4.0,"$4,000"
Honda,Blue,102590.0,4.0,"$7,900"
BMW,Black,78639.0,5.0,
BMW,Grey,115787.0,5.0,"$23,400"
Nissan,White,203781.0,4.0,"$4,900"
Nissan,Red,72383.0,5.0,"$15,000"
Honda,Red,107695.0,5.0,"$6,800"
Nissan,Red,204563.0,4.0,"$7,700"
Honda,Silver,90414.0,4.0,"$8,100"
Toyota,Green,89036.0,5.0,"$12,900"
BMW,Grey,118669.0,3.0,"$25,500"
BMW,Black,,4.0,"$35,000"
Honda,Silver,76983.0,4.0,"$13,300"
Toyota,Black,,5.0,"$13,200"
BMW,Blue,60230.0,4.0,"$25,100"
Honda,Red,73885.0,4.0,"$14,200"
Toyota,White,59887.0,4.0,"$9,600"
Toyota,White,208291.0,4.0,"$8,100"
BMW,Silver,3000.0,3.0,"$23,600"
Toyota,Blue,3776.0,4.0,"$11,500"
Honda,Black,3000.0,5.0,"$14,100"
Toyota,Red,38619.0,4.0,"$13,000"
Toyota,Blue,13493.0,5.0,"$15,100"
BMW,Grey,47573.0,4.0,"$35,800"
Nissan,White,191035.0,4.0,"$5,200"
Honda,Silver,76322.0,4.0,"$16,200"
Toyota,Red,17242.0,5.0,"$10,000"
Toyota,Black,93643.0,4.0,"$17,800"
Toyota,Green,87478.0,5.0,"$10,100"
Toyota,Red,23020.0,5.0,"$17,300"
Honda,Red,137752.0,4.0,"$9,500"
Honda,Blue,61797.0,4.0,"$8,700"
Toyota,Black,30757.0,4.0,"$13,800"
Nissan,Red,51497.0,4.0,"$6,500"
BMW,Black,47204.0,4.0,"$23,100"
Honda,Blue,66177.0,4.0,"$12,000"
Honda,Red,95794.0,4.0,"$8,300"
Toyota,Green,107516.0,3.0,"$5,000"
Nissan,Blue,117895.0,4.0,"$6,900"
BMW,Blue,3000.0,3.0,"$33,700"
Honda,Black,49691.0,4.0,"$11,900"
Honda,Black,147891.0,5.0,"$10,500"
Toyota,Black,99785.0,4.0,"$9,200"
Toyota,Red,147270.0,3.0,"$9,000"
Toyota,Green,65845.0,5.0,"$9,200"
Toyota,Green,3000.0,4.0,"$14,500"
Nissan,White,107368.0,4.0,"$10,000"
Toyota,Blue,116670.0,4.0,"$13,500"
Nissan,Blue,72947.0,4.0,"$11,600"
Nissan,Blue,82380.0,5.0,"$10,900"
Toyota,Red,22144.0,4.0,"$14,400"
Honda,Blue,3000.0,4.0,"$12,800"
Nissan,Blue,136659.0,4.0,"$4,300"
Nissan,Red,53175.0,4.0,"$11,700"
Toyota,Green,92619.0,5.0,"$8,900"
Toyota,Black,100178.0,3.0,"$17,800"
Honda,White,147368.0,4.0,"$10,400"
Honda,Red,112906.0,4.0,"$8,800"
Toyota,Red,3000.0,4.0,
Honda,Silver,68932.0,5.0,"$5,700"
Honda,White,36444.0,4.0,"$6,100"
Honda,Blue,90160.0,4.0,"$12,000"
Toyota,Black,155552.0,4.0,"$9,000"
BMW,Grey,24537.0,4.0,"$14,500"
Honda,Red,7670.0,5.0,"$10,200"
Nissan,,62223.0,5.0,"$9,500"
Toyota,Green,45263.0,3.0,"$12,200"
Honda,Blue,80850.0,4.0,"$10,000"
BMW,Blue,112890.0,5.0,"$16,000"
Toyota,White,119772.0,4.0,"$9,100"
Honda,White,75992.0,4.0,"$12,900"
Toyota,Black,143708.0,4.0,"$5,200"
Honda,Black,83256.0,5.0,"$11,600"
Nissan,Red,,4.0,"$8,900"
Nissan,Silver,127746.0,4.0,"$10,900"
Honda,Red,18546.0,5.0,"$13,100"
Honda,Silver,,4.0,"$13,400"
Honda,White,14375.0,4.0,"$14,200"
Nissan,Black,76717.0,5.0,"$7,500"
Toyota,Blue,22782.0,4.0,"$12,200"
Nissan,White,172732.0,4.0,"$3,900"
Honda,Black,122128.0,4.0,"$13,300"
Toyota,Blue,111715.0,4.0,"$7,700"
Nissan,Red,138166.0,5.0,"$4,700"
Nissan,Black,83752.0,5.0,
BMW,Silver,,3.0,"$20,100"
Toyota,Blue,107469.0,4.0,"$6,400"
Nissan,Blue,136413.0,4.0,"$3,700"
Toyota,Red,90631.0,4.0,"$13,200"
Honda,Black,129956.0,4.0,"$7,800"
Toyota,Blue,6057.0,4.0,"$24,000"
BMW,Blue,138326.0,5.0,"$27,100"
BMW,Blue,33365.0,4.0,"$25,900"
Toyota,Red,69742.0,,"$15,400"
Nissan,Red,,4.0,"$4,000"
Toyota,Red,73520.0,4.0,"$14,800"
Toyota,Red,181205.0,3.0,"$10,100"
Honda,Blue,128337.0,4.0,"$7,000"
Nissan,Silver,3000.0,4.0,"$12,800"
Honda,Black,91912.0,4.0,"$10,100"
Toyota,Red,100802.0,4.0,"$5,700"
Toyota,White,126985.0,3.0,"$10,000"
Honda,Red,124752.0,4.0,"$10,600"
Nissan,Blue,145826.0,4.0,"$4,100"
,Silver,62024.0,4.0,"$26,000"
Nissan,Black,118031.0,4.0,"$9,300"
Honda,Blue,122896.0,5.0,"$14,900"
Nissan,White,235562.0,4.0,
Nissan,,3000.0,4.0,"$15,200"
Nissan,Blue,81738.0,5.0,"$6,800"
Nissan,Silver,89687.0,5.0,"$7,500"
Honda,Blue,121388.0,5.0,"$4,100"
Nissan,Silver,51647.0,5.0,"$11,300"
Honda,Black,121901.0,4.0,"$10,200"
Nissan,Blue,67925.0,4.0,"$6,300"
Honda,Red,67681.0,4.0,"$11,200"
Nissan,Silver,195186.0,5.0,"$2,500"
Honda,Black,81405.0,4.0,"$6,200"
Nissan,Silver,19474.0,4.0,"$13,700"
Honda,White,118141.0,4.0,"$9,600"
Honda,Red,136209.0,5.0,"$6,500"
Honda,Silver,71233.0,4.0,"$17,100"
Honda,Silver,80164.0,4.0,"$12,300"
Nissan,Red,112357.0,4.0,"$2,500"
Honda,Red,3000.0,5.0,"$12,500"
Nissan,Silver,171141.0,4.0,"$6,200"
Toyota,Black,145532.0,4.0,"$5,000"
Nissan,Silver,202488.0,4.0,"$2,500"
Toyota,Red,109066.0,3.0,"$8,600"
Toyota,White,88958.0,4.0,"$14,900"
BMW,Black,35385.0,5.0,"$18,800"
Honda,White,92959.0,4.0,"$8,200"
Honda,Red,254114.0,5.0,"$4,400"
Honda,Black,72351.0,4.0,"$7,400"
Toyota,Black,3000.0,4.0,"$11,600"
Nissan,Silver,118436.0,5.0,"$11,000"
BMW,Black,112110.0,3.0,"$23,800"
BMW,Black,51426.0,5.0,"$28,500"
BMW,Blue,43217.0,5.0,"$38,100"
Nissan,White,101405.0,4.0,"$7,100"
Honda,Blue,3000.0,5.0,"$13,700"
Toyota,Blue,141497.0,4.0,"$4,700"
Toyota,Blue,58962.0,5.0,"$15,200"
Toyota,Red,21213.0,3.0,"$16,100"
BMW,Silver,42649.0,5.0,"$24,500"
Honda,White,38053.0,4.0,"$13,100"
,White,225913.0,4.0,"$6,700"
Toyota,Black,53057.0,4.0,"$16,100"
BMW,Blue,51699.0,4.0,"$34,800"
Toyota,Black,139947.0,4.0,"$2,500"
Nissan,Red,55771.0,4.0,"$11,800"
Honda,Red,99279.0,4.0,"$5,900"
Toyota,White,65053.0,4.0,"$5,600"
Toyota,White,93404.0,4.0,"$17,500"
Toyota,White,139856.0,4.0,"$15,200"
Nissan,White,161414.0,4.0,"$7,200"
Toyota,Red,200652.0,3.0,"$5,500"
Toyota,White,88264.0,5.0,"$14,700"
Honda,Red,161784.0,4.0,"$4,600"
BMW,Blue,34694.0,5.0,"$28,200"
Toyota,Black,141237.0,4.0,"$10,900"
Toyota,Blue,23943.0,4.0,"$19,700"
BMW,Blue,38071.0,4.0,"$24,700"
Toyota,Blue,51061.0,4.0,"$21,000"
Honda,White,103619.0,5.0,"$7,100"
Nissan,Silver,160379.0,5.0,"$7,300"
Toyota,Black,88238.0,3.0,"$12,600"
Toyota,White,55084.0,4.0,"$10,600"
Toyota,Black,3000.0,3.0,"$9,700"
Toyota,Green,191996.0,4.0,"$10,300"
Nissan,Silver,115684.0,4.0,"$11,000"
Toyota,Black,89676.0,4.0,"$10,000"
BMW,Grey,67373.0,5.0,"$25,000"
Honda,Black,81670.0,4.0,"$13,600"
Toyota,Green,105807.0,4.0,"$11,400"
Nissan,Silver,169757.0,4.0,"$5,200"
Toyota,White,,3.0,
Honda,Red,99141.0,4.0,"$8,500"
Honda,Silver,96194.0,5.0,"$10,000"
Nissan,Silver,256680.0,4.0,"$2,500"
Nissan,Blue,3000.0,4.0,"$12,800"
Toyota,Red,78426.0,5.0,"$12,700"
Toyota,White,128361.0,4.0,"$12,900"
Nissan,Black,27595.0,4.0,"$9,600"
Toyota,White,120295.0,3.0,"$10,700"
Honda,Black,197285.0,5.0,"$8,300"
Nissan,Blue,108819.0,4.0,"$4,600"
Honda,Silver,64914.0,4.0,"$9,000"
Toyota,Blue,132072.0,4.0,"$9,400"
Nissan,Black,37875.0,4.0,"$9,400"
Toyota,White,143632.0,5.0,"$9,900"
Toyota,Black,127569.0,4.0,"$10,200"
Nissan,Blue,203080.0,5.0,"$3,800"
Toyota,Black,77926.0,4.0,"$8,400"
Honda,Black,103981.0,4.0,"$2,500"
Toyota,White,88416.0,4.0,"$10,000"
Toyota,White,27047.0,4.0,"$10,600"
Toyota,White,140102.0,4.0,"$9,000"
Toyota,White,103292.0,4.0,"$10,900"
Honda,Blue,96446.0,4.0,"$12,900"
Toyota,Red,104418.0,3.0,"$4,200"
Nissan,White,203287.0,5.0,"$4,200"
Honda,Red,63715.0,4.0,"$6,900"
Honda,Silver,111003.0,4.0,"$8,300"
Toyota,Red,179855.0,4.0,"$5,100"
Nissan,White,65106.0,5.0,"$12,100"
Honda,Silver,136413.0,5.0,"$8,600"
Toyota,Green,133170.0,4.0,"$7,700"
Honda,Blue,103225.0,5.0,"$13,100"
Nissan,Silver,147017.0,4.0,"$4,800"
,Black,156913.0,5.0,"$2,500"
Toyota,Green,204707.0,5.0,"$2,500"
Toyota,Red,65391.0,4.0,"$11,400"
BMW,Grey,58847.0,3.0,"$31,100"
BMW,Grey,20570.0,5.0,"$29,700"
BMW,Black,,4.0,"$28,500"
Honda,Black,88890.0,4.0,"$10,100"
Nissan,Silver,81204.0,4.0,"$7,000"
Toyota,Green,112938.0,3.0,"$10,900"
Toyota,Red,66889.0,4.0,"$8,700"
Honda,White,121446.0,4.0,"$8,000"
Toyota,White,141185.0,4.0,"$5,300"
Nissan,Black,12351.0,5.0,"$11,000"
Honda,White,55215.0,4.0,"$11,000"
Honda,Silver,61431.0,4.0,"$13,200"
Honda,White,78168.0,4.0,"$10,600"
Toyota,Red,106196.0,4.0,"$10,300"
Honda,White,90841.0,5.0,"$11,800"
Nissan,Blue,67443.0,4.0,"$12,500"
BMW,Blue,55065.0,5.0,"$17,800"
Toyota,Red,107779.0,4.0,"$6,900"
Toyota,Green,132597.0,4.0,"$14,900"
Toyota,Blue,57098.0,4.0,"$13,100"
BMW,White,3000.0,4.0,"$31,100"
Toyota,Green,51942.0,4.0,"$9,700"
Toyota,Blue,40733.0,3.0,"$14,300"
Honda,Red,140350.0,4.0,"$7,100"
Toyota,Black,53049.0,5.0,"$18,300"
Toyota,Black,58978.0,4.0,"$5,300"
Nissan,Red,137669.0,4.0,"$2,600"
Nissan,Silver,167362.0,4.0,"$3,300"
Toyota,Red,129393.0,4.0,"$13,100"
Toyota,Red,35139.0,5.0,"$11,900"
Toyota,Green,94065.0,4.0,"$14,600"
Honda,Black,60397.0,4.0,"$9,400"
Nissan,Silver,138775.0,4.0,"$4,100"
Toyota,White,105931.0,4.0,"$4,900"
Toyota,Green,213145.0,4.0,"$2,500"
Nissan,Blue,93981.0,4.0,"$7,500"
BMW,Black,145332.0,4.0,"$13,100"
Toyota,Blue,201152.0,5.0,"$8,400"
Toyota,Blue,119688.0,3.0,"$5,100"
Nissan,Silver,143983.0,4.0,"$3,500"
Nissan,Red,182933.0,4.0,"$2,500"
Nissan,Black,105663.0,4.0,"$5,900"
Toyota,Blue,46648.0,4.0,"$14,900"
BMW,Silver,87489.0,4.0,"$32,100"
Toyota,White,5446.0,4.0,"$17,900"
Honda,Silver,212261.0,4.0,"$2,500"
Nissan,Silver,218128.0,4.0,"$2,500"
Toyota,Black,26634.0,4.0,"$12,800"
Toyota,Blue,152506.0,4.0,"$4,900"
Honda,Blue,63183.0,5.0,"$13,300"
Nissan,Red,,4.0,"$8,200"
Toyota,Red,110367.0,5.0,"$11,700"
Nissan,Blue,87791.0,5.0,"$9,200"
Toyota,Black,49776.0,5.0,"$17,500"
BMW,Black,38360.0,4.0,"$34,000"
Toyota,Blue,85852.0,5.0,"$12,100"
Honda,White,68241.0,4.0,"$7,500"
BMW,Black,,3.0,"$20,600"
Toyota,Black,81156.0,3.0,"$11,000"
BMW,Blue,107435.0,5.0,"$21,000"
Toyota,Blue,52138.0,4.0,"$7,700"
Honda,Red,115043.0,4.0,"$12,400"
Nissan,Silver,182914.0,4.0,"$5,400"
Toyota,Blue,131204.0,4.0,"$14,000"
Honda,Red,107939.0,5.0,"$11,200"
Honda,White,76602.0,4.0,"$6,100"
Honda,Silver,59175.0,4.0,"$11,000"
Honda,White,94917.0,4.0,"$15,100"
Honda,Red,95901.0,4.0,"$12,700"
Honda,Blue,71116.0,4.0,"$9,500"
Nissan,Black,37575.0,5.0,"$9,300"
Nissan,Silver,141510.0,4.0,"$5,500"
Honda,Black,137261.0,5.0,"$8,800"
Toyota,Black,79672.0,3.0,"$17,200"
Toyota,Black,93117.0,4.0,"$14,300"
Honda,Blue,72741.0,4.0,"$12,500"
Toyota,Green,146256.0,5.0,"$8,600"
Nissan,Blue,3000.0,5.0,"$12,700"
Nissan,Blue,180905.0,4.0,"$4,900"
Honda,Black,113400.0,4.0,"$3,500"
Honda,Silver,57418.0,4.0,"$12,400"
,Black,134981.0,,"$9,100"
BMW,Grey,58915.0,5.0,"$28,800"
BMW,Black,65687.0,5.0,"$19,700"
Honda,Silver,3000.0,4.0,"$15,000"
Honda,White,100349.0,5.0,"$7,900"
Nissan,Blue,21326.0,4.0,"$12,700"
Nissan,Black,97108.0,4.0,"$9,200"
Honda,Black,181474.0,4.0,"$2,500"
BMW,Silver,35616.0,4.0,"$25,300"
Honda,Silver,161831.0,4.0,"$2,500"
Honda,Blue,184921.0,4.0,"$5,500"
Toyota,Red,93007.0,5.0,"$10,300"
Honda,Silver,71059.0,4.0,"$13,700"
Toyota,Blue,42436.0,4.0,"$13,900"
Honda,Black,73559.0,4.0,"$8,300"
Nissan,Black,256814.0,4.0,"$2,500"
Toyota,Red,129889.0,4.0,"$12,200"
Nissan,Black,32404.0,4.0,"$15,300"
Honda,Silver,3000.0,4.0,"$11,400"
Honda,Red,69966.0,4.0,"$12,100"
Honda,Silver,102498.0,5.0,"$9,200"
Toyota,Red,97376.0,4.0,"$6,900"
Honda,Silver,20132.0,4.0,"$15,100"
Nissan,Red,150847.0,4.0,"$9,000"
Toyota,White,56919.0,4.0,"$14,300"
Nissan,Silver,96112.0,4.0,"$10,700"
Honda,White,141054.0,5.0,"$8,500"
Toyota,Red,80344.0,4.0,"$13,900"
Honda,Red,123051.0,4.0,"$5,800"
Honda,Silver,28265.0,4.0,"$11,700"
BMW,Silver,128647.0,3.0,"$28,900"
Nissan,Silver,49709.0,4.0,"$6,800"
Honda,Blue,153184.0,4.0,"$3,100"
Honda,White,116446.0,5.0,"$7,200"
Nissan,Blue,202554.0,4.0,"$2,500"
Nissan,White,176028.0,5.0,"$5,000"
BMW,,75592.0,5.0,"$12,800"
Nissan,Silver,3000.0,4.0,"$11,400"
Toyota,White,110839.0,4.0,"$6,000"
Nissan,Red,51033.0,4.0,"$11,000"
Nissan,Red,143519.0,5.0,"$5,500"
Honda,Blue,129449.0,4.0,"$4,100"
Honda,Red,74915.0,4.0,"$15,100"
Toyota,Black,101552.0,5.0,"$11,300"
Toyota,Red,217909.0,4.0,"$2,500"
Nissan,Blue,156600.0,4.0,"$9,000"
Honda,Black,76406.0,4.0,"$13,000"
BMW,Black,23755.0,4.0,"$22,900"
Toyota,Blue,118018.0,3.0,"$10,900"
Honda,Black,145804.0,4.0,"$11,900"
Toyota,Green,94492.0,4.0,"$13,500"
Honda,Silver,75569.0,4.0,"$13,000"
Toyota,White,108789.0,4.0,"$11,100"
Toyota,Black,120022.0,5.0,"$4,900"
Honda,Blue,38042.0,4.0,"$12,300"
Nissan,Blue,17512.0,5.0,"$14,100"
Toyota,Red,143320.0,4.0,"$9,000"
Nissan,Black,49216.0,4.0,"$13,600"
Nissan,Silver,226083.0,4.0,"$2,500"
Toyota,Red,124547.0,4.0,"$9,400"
Honda,Red,117457.0,,"$7,800"
Honda,Blue,90340.0,5.0,"$12,900"
Honda,Black,204589.0,4.0,"$2,500"
Honda,White,87017.0,4.0,"$6,200"
Toyota,Black,180785.0,3.0,"$3,700"
Honda,White,22726.0,5.0,"$15,300"
Toyota,Green,188704.0,4.0,"$7,400"
Nissan,Black,123468.0,4.0,"$7,600"
Toyota,Green,171571.0,4.0,"$3,200"
Honda,Black,86631.0,5.0,"$9,300"
Honda,Black,35942.0,4.0,"$11,300"
Toyota,Red,155601.0,4.0,"$9,100"
Toyota,Black,131504.0,4.0,"$9,300"
Honda,Silver,117119.0,4.0,"$5,900"
Toyota,White,81905.0,4.0,"$11,600"
Toyota,White,112430.0,4.0,
Nissan,Red,104253.0,4.0,"$6,100"
Honda,White,243573.0,4.0,"$5,100"
Nissan,Silver,135136.0,4.0,"$5,200"
BMW,Blue,46048.0,4.0,"$25,200"
Toyota,Red,113227.0,3.0,"$2,500"
BMW,Black,3000.0,3.0,"$23,300"
Toyota,White,108771.0,5.0,"$9,600"
Honda,Blue,162949.0,5.0,"$2,500"
Toyota,Blue,58930.0,3.0,"$15,900"
Nissan,Silver,119342.0,4.0,"$8,800"
Nissan,Blue,226869.0,4.0,"$2,500"
Toyota,Red,92835.0,5.0,"$10,100"
Honda,Silver,3000.0,5.0,"$13,500"
Honda,Blue,134290.0,4.0,"$9,100"
Nissan,Silver,146668.0,4.0,"$4,300"
Toyota,Red,63882.0,4.0,"$15,700"
Toyota,Blue,72139.0,5.0,"$13,000"
Toyota,Blue,106493.0,4.0,"$14,400"
Honda,White,138627.0,4.0,"$3,400"
Toyota,,36247.0,4.0,"$15,100"
Toyota,Blue,94654.0,4.0,"$8,800"
Nissan,Silver,168875.0,4.0,"$4,700"
Honda,Blue,94517.0,4.0,"$11,600"
Toyota,Green,78494.0,3.0,
Toyota,White,57021.0,5.0,"$14,900"
Nissan,Blue,192294.0,4.0,"$2,500"
Nissan,Black,92773.0,4.0,"$10,900"
Toyota,Green,158176.0,4.0,"$6,100"
BMW,Black,34143.0,4.0,"$33,100"
Nissan,Silver,178278.0,4.0,"$2,500"
Toyota,White,35396.0,4.0,"$13,900"
Honda,Blue,122209.0,4.0,"$7,100"
BMW,Black,93530.0,5.0,"$20,200"
BMW,White,3000.0,5.0,"$26,100"
Honda,White,95035.0,4.0,"$8,500"
Nissan,Silver,47118.0,4.0,"$5,200"
Toyota,Green,71267.0,4.0,"$13,600"
Nissan,Red,182347.0,4.0,"$6,500"
Toyota,Black,55572.0,4.0,"$8,700"
Toyota,Red,123824.0,5.0,"$11,600"
Nissan,Silver,134409.0,,"$2,500"
Toyota,White,52922.0,3.0,"$11,300"
Toyota,White,123335.0,4.0,"$11,500"
Toyota,Blue,105501.0,5.0,"$11,500"
Toyota,White,102413.0,4.0,"$12,200"
Nissan,Silver,129520.0,4.0,"$6,200"
Honda,White,79118.0,4.0,"$10,300"
Toyota,White,123198.0,3.0,"$9,000"
Honda,Silver,110279.0,5.0,"$13,400"
Toyota,White,111788.0,3.0,"$6,600"
BMW,Grey,102111.0,3.0,"$13,700"
Toyota,Red,41766.0,3.0,"$12,900"
Nissan,Blue,140918.0,4.0,"$2,500"
Toyota,Green,78093.0,4.0,"$8,500"
Toyota,Blue,72692.0,4.0,"$14,400"
Honda,Blue,125912.0,5.0,"$8,500"
BMW,Grey,42069.0,5.0,"$18,200"
Honda,Blue,160168.0,5.0,"$8,700"
Toyota,Green,61253.0,4.0,"$13,500"
Honda,Black,88629.0,4.0,"$9,000"
Toyota,Green,120630.0,4.0,"$6,100"
Toyota,Blue,80124.0,5.0,"$12,100"
BMW,Silver,44023.0,5.0,"$31,300"
Toyota,Green,195191.0,4.0,"$2,500"
Toyota,Blue,11413.0,4.0,"$7,800"
BMW,Silver,58680.0,5.0,"$22,000"
Toyota,Green,108808.0,4.0,"$9,400"
BMW,Blue,3000.0,5.0,"$17,000"
Toyota,Black,113388.0,4.0,"$10,100"
Toyota,Black,75857.0,5.0,"$6,800"
Toyota,Red,122512.0,4.0,"$13,000"
Nissan,Blue,127567.0,4.0,"$3,900"
Toyota,Green,100316.0,4.0,"$5,000"
Nissan,Silver,171245.0,4.0,"$4,300"
Honda,White,7128.0,4.0,"$12,600"
Toyota,Green,122091.0,5.0,"$8,000"
Toyota,Red,83653.0,3.0,"$5,900"
Nissan,Black,143726.0,4.0,"$3,900"
Honda,White,3000.0,5.0,"$13,200"
Nissan,Black,166944.0,4.0,"$3,400"
Nissan,White,209327.0,5.0,"$4,100"
Nissan,Red,130970.0,5.0,"$6,200"
Toyota,,94449.0,4.0,"$9,500"
Honda,Silver,77491.0,5.0,"$12,500"
BMW,Black,25695.0,3.0,"$19,400"
Honda,Black,38086.0,5.0,"$19,000"
Nissan,Blue,141699.0,4.0,"$6,200"
Toyota,White,43009.0,3.0,"$13,900"
Toyota,Red,91938.0,5.0,"$11,700"
Nissan,Red,57309.0,5.0,"$10,400"
Honda,Silver,71655.0,4.0,"$8,200"
Nissan,Silver,153109.0,4.0,"$2,500"
Honda,Blue,119109.0,4.0,"$10,200"
Toyota,White,52258.0,4.0,"$9,700"
Nissan,,99510.0,5.0,"$9,100"
Honda,Black,84662.0,4.0,"$11,300"
Honda,Blue,176623.0,5.0,"$4,600"
Honda,Blue,9671.0,4.0,"$15,800"
Toyota,Green,185532.0,4.0,"$6,600"
Nissan,Silver,51086.0,4.0,"$9,400"
Nissan,Red,49362.0,5.0,"$12,000"
Nissan,Blue,36327.0,4.0,"$9,600"
Toyota,Green,45774.0,5.0,"$13,100"
Nissan,Black,91484.0,4.0,"$8,500"
Toyota,Black,99162.0,3.0,"$6,300"
Toyota,Blue,,5.0,"$9,200"
Toyota,White,46596.0,4.0,"$19,800"
Nissan,Silver,138680.0,4.0,"$5,200"
Nissan,Red,191251.0,4.0,"$7,700"
Toyota,White,90441.0,5.0,"$12,400"
Toyota,Black,46623.0,5.0,"$13,000"
BMW,Grey,56639.0,5.0,"$27,500"
Toyota,White,115303.0,3.0,"$10,300"
Toyota,Red,110357.0,4.0,"$5,600"
Honda,Blue,46953.0,4.0,"$9,900"
Toyota,Blue,83323.0,4.0,"$14,200"
Honda,Black,36178.0,5.0,"$11,900"
Toyota,Red,147556.0,4.0,"$6,800"
Toyota,Red,121941.0,4.0,"$8,500"
Honda,Silver,104325.0,4.0,"$8,300"
Toyota,Blue,132687.0,4.0,"$3,600"
Toyota,Black,79107.0,4.0,"$12,200"
Honda,Black,117617.0,4.0,"$13,000"
Nissan,Red,90102.0,5.0,"$12,300"
Honda,Blue,60366.0,4.0,"$14,900"
Toyota,Black,140508.0,4.0,"$5,500"
Nissan,Blue,129194.0,4.0,"$5,800"
Nissan,Blue,147032.0,4.0,"$4,600"
Toyota,Black,82023.0,4.0,"$15,500"
Honda,Silver,87261.0,4.0,"$12,200"
Toyota,Red,86281.0,4.0,"$15,900"
Toyota,Blue,62726.0,5.0,
Toyota,Black,177274.0,3.0,"$4,300"
Toyota,Green,181255.0,4.0,"$8,400"
Nissan,Red,103339.0,4.0,"$2,500"
Nissan,Black,110918.0,5.0,"$8,100"
Honda,Blue,148026.0,4.0,"$11,600"
Toyota,White,62380.0,3.0,"$13,500"
Nissan,Silver,154862.0,4.0,"$7,700"
Toyota,White,123931.0,4.0,"$2,800"
Toyota,Green,89918.0,4.0,"$6,200"
Honda,Silver,82274.0,4.0,"$12,900"
Honda,White,106647.0,4.0,"$12,200"
Toyota,Blue,115771.0,5.0,"$5,900"
Toyota,Blue,3000.0,4.0,"$15,100"
Nissan,Silver,100020.0,5.0,"$5,600"
Honda,Silver,10369.0,4.0,"$11,200"
Nissan,White,101108.0,5.0,"$9,800"
Toyota,Black,107808.0,4.0,"$15,100"
Toyota,White,44148.0,4.0,"$15,500"
Honda,White,94270.0,4.0,"$11,500"
Toyota,Black,75301.0,4.0,"$14,900"
Toyota,Green,113351.0,4.0,"$6,600"
Honda,Red,91422.0,,"$8,600"
Toyota,White,123437.0,4.0,"$5,200"
Nissan,Blue,110356.0,5.0,"$8,600"
Nissan,Blue,113849.0,4.0,"$10,200"
BMW,Grey,97508.0,5.0,"$24,300"
Honda,Black,102401.0,4.0,"$10,100"
Toyota,White,118971.0,4.0,"$3,400"
Toyota,Blue,82320.0,3.0,"$5,200"
Honda,Silver,153357.0,4.0,"$6,500"
Toyota,Blue,87946.0,4.0,"$13,500"
Toyota,White,119960.0,4.0,"$5,600"
Nissan,Blue,108029.0,4.0,"$6,100"
Honda,White,8262.0,4.0,"$11,300"
Honda,Silver,83190.0,4.0,"$9,600"
Toyota,Black,20923.0,4.0,"$17,700"
BMW,White,,3.0,"$24,800"
Toyota,Green,118833.0,3.0,"$5,100"
Nissan,Black,137555.0,5.0,"$5,600"
BMW,Silver,27343.0,5.0,"$31,500"
Nissan,Blue,195533.0,4.0,"$4,700"
Nissan,Red,163686.0,5.0,"$3,600"
Toyota,Black,14923.0,5.0,"$19,800"
BMW,Grey,151289.0,5.0,"$31,900"
Toyota,Blue,80539.0,5.0,"$8,000"
Honda,Blue,40847.0,5.0,"$7,500"
Honda,Black,86845.0,5.0,"$15,400"
Honda,White,85200.0,5.0,"$11,400"
Honda,Blue,158028.0,4.0,"$5,100"
Nissan,Black,225989.0,4.0,"$6,900"
Toyota,Blue,91182.0,3.0,"$7,700"
Toyota,Green,134256.0,4.0,"$6,700"
Honda,Red,36485.0,4.0,"$15,800"
Honda,Silver,150389.0,4.0,"$7,200"
Toyota,White,32331.0,4.0,"$9,300"
Toyota,White,103575.0,4.0,"$8,300"
Toyota,Green,80263.0,5.0,"$14,300"
Nissan,Red,153058.0,5.0,
Toyota,Black,46487.0,4.0,"$11,700"
Toyota,Green,137467.0,4.0,"$9,100"
Toyota,Black,177683.0,4.0,"$8,000"
Honda,Black,180709.0,4.0,"$7,100"
BMW,Grey,109611.0,4.0,"$21,000"
BMW,Black,65600.0,5.0,"$32,000"
Nissan,Red,202326.0,4.0,"$4,300"
Toyota,Blue,93675.0,4.0,"$14,800"
Nissan,White,3000.0,5.0,"$9,000"
Nissan,Blue,150171.0,4.0,"$5,000"
Honda,Red,,4.0,"$8,200"
Toyota,Black,127689.0,4.0,"$6,400"
Nissan,Blue,143947.0,4.0,"$7,900"
Toyota,Blue,161468.0,4.0,"$13,600"
Honda,Black,103716.0,5.0,"$10,600"
Nissan,Silver,26702.0,4.0,"$9,500"
BMW,Blue,56890.0,4.0,"$32,400"
Nissan,Blue,77783.0,5.0,"$11,200"
Toyota,Black,97915.0,3.0,"$8,900"
Toyota,Green,110942.0,4.0,"$7,600"
Nissan,Red,87973.0,4.0,"$3,400"
Toyota,Black,85106.0,5.0,"$10,200"
Honda,White,67232.0,4.0,"$11,900"
Toyota,Green,132248.0,3.0,"$7,700"
Honda,Black,139779.0,5.0,"$9,900"
BMW,Black,52607.0,3.0,"$22,100"
Toyota,Red,114266.0,4.0,"$11,100"
Honda,Red,159096.0,5.0,"$10,400"
Toyota,Red,69843.0,4.0,"$11,000"
Nissan,Black,,4.0,"$8,000"
BMW,White,104436.0,4.0,"$23,000"
Nissan,Silver,41774.0,5.0,"$8,300"
Toyota,Blue,112176.0,3.0,"$9,700"
Nissan,Blue,50473.0,5.0,"$10,500"
Toyota,Black,130823.0,4.0,"$5,200"
Toyota,White,155459.0,3.0,"$5,400"
Honda,Red,152365.0,4.0,"$4,900"
Honda,,42721.0,4.0,"$10,400"
Toyota,Blue,93052.0,5.0,"$9,800"
Toyota,Green,86767.0,5.0,"$11,800"
Nissan,Silver,102413.0,5.0,"$7,900"
Honda,Blue,9957.0,5.0,"$15,200"
Honda,Silver,87718.0,4.0,"$14,600"
Honda,Red,46900.0,5.0,"$6,700"
Toyota,Black,130139.0,4.0,"$10,000"
Honda,White,43595.0,4.0,"$7,200"
Nissan,Black,198094.0,4.0,"$6,700"
Nissan,Blue,3000.0,4.0,"$10,700"
Toyota,Green,184537.0,3.0,"$3,000"
Toyota,Red,72488.0,4.0,"$10,300"
Toyota,Black,39713.0,4.0,"$7,700"
Toyota,Green,152732.0,3.0,"$2,500"
Toyota,Green,110858.0,5.0,"$12,400"
Nissan,Silver,30731.0,4.0,"$8,300"
Toyota,White,161085.0,3.0,"$8,000"
BMW,White,39074.0,5.0,"$35,000"
Toyota,Black,160739.0,5.0,"$9,000"
Nissan,White,61591.0,5.0,"$8,800"
Toyota,Red,112892.0,4.0,"$8,700"
Toyota,Blue,146825.0,4.0,"$3,000"
Nissan,White,28321.0,4.0,"$11,200"
Honda,Blue,68405.0,4.0,"$8,700"
Nissan,Blue,12988.0,4.0,"$11,500"
Nissan,Silver,109045.0,4.0,"$8,700"
Toyota,Red,101583.0,4.0,"$9,500"
Toyota,Black,159204.0,4.0,"$3,300"
Nissan,Blue,142037.0,5.0,"$2,500"
Honda,Red,51758.0,4.0,"$7,600"
Honda,Black,129533.0,4.0,"$7,700"
Nissan,Silver,111243.0,4.0,"$4,000"
Toyota,Green,82415.0,4.0,"$7,800"
BMW,Blue,81105.0,3.0,"$17,100"
Honda,Blue,155830.0,5.0,"$2,500"
Honda,Blue,53287.0,4.0,"$16,300"
Toyota,Red,75372.0,4.0,"$6,900"
Honda,Black,102515.0,4.0,"$7,800"
Honda,Blue,51878.0,5.0,"$8,700"
Toyota,,241955.0,5.0,"$3,300"
Toyota,Blue,3000.0,5.0,"$20,100"
Nissan,White,146219.0,5.0,"$3,900"
Honda,Black,47210.0,5.0,"$14,500"
Honda,Black,80147.0,5.0,"$5,200"
Toyota,Blue,190936.0,3.0,"$3,500"
Nissan,Blue,195752.0,4.0,"$6,200"
Nissan,Black,55943.0,4.0,"$12,400"
Nissan,Blue,75519.0,4.0,"$3,600"
Nissan,Red,88222.0,5.0,"$9,500"
Nissan,White,86086.0,4.0,"$7,300"
Toyota,Red,157465.0,4.0,"$7,600"
Toyota,Green,54148.0,4.0,"$13,800"
Honda,Black,101488.0,4.0,"$2,500"
Nissan,Red,135987.0,5.0,"$7,300"
Toyota,White,99046.0,5.0,"$13,700"
Honda,Silver,59725.0,4.0,"$12,100"
Toyota,White,16518.0,4.0,"$15,300"
BMW,Black,147028.0,5.0,"$15,800"
BMW,Grey,33088.0,5.0,"$22,800"
Honda,Blue,98239.0,4.0,"$5,900"
Honda,White,112219.0,4.0,"$11,100"
Toyota,Red,125786.0,4.0,"$3,100"
BMW,Black,106797.0,4.0,"$29,600"
BMW,,99866.0,4.0,"$26,200"
Honda,Black,102569.0,4.0,"$12,300"
BMW,Black,145787.0,4.0,"$15,500"
Toyota,Black,154062.0,5.0,"$8,200"
Nissan,Red,104738.0,5.0,"$3,700"
Nissan,Silver,96051.0,5.0,"$5,700"
Toyota,Red,73879.0,5.0,"$8,400"
Nissan,Black,86861.0,4.0,"$7,200"
Toyota,Black,103031.0,4.0,"$5,000"
Nissan,White,31050.0,4.0,"$11,600"
Toyota,Green,56533.0,4.0,"$14,900"
Honda,Red,102812.0,4.0,"$10,600"
Honda,Black,159713.0,,"$5,600"
Nissan,Blue,79828.0,5.0,"$11,300"
Honda,White,116456.0,5.0,"$8,500"
BMW,Black,123441.0,5.0,"$22,000"
Toyota,White,99704.0,4.0,"$10,200"
Toyota,Red,49401.0,3.0,"$11,700"
Toyota,Black,170631.0,4.0,"$8,400"
Nissan,Blue,113739.0,5.0,"$7,000"
Toyota,Blue,115205.0,4.0,"$11,700"
Honda,Red,121243.0,4.0,"$7,000"
BMW,Black,78640.0,4.0,"$27,900"
Honda,Black,43654.0,4.0,"$12,500"
BMW,Black,3000.0,4.0,"$31,500"
Honda,Silver,123696.0,5.0,"$11,000"
Toyota,White,,4.0,"$12,100"
BMW,Black,124806.0,3.0,"$30,900"
Toyota,Black,96483.0,5.0,"$11,600"
BMW,Grey,111658.0,4.0,"$13,200"
Nissan,Red,93907.0,4.0,"$11,000"
Honda,Red,138809.0,4.0,"$8,200"
Toyota,Blue,19696.0,3.0,"$12,800"
Nissan,White,78964.0,5.0,"$9,900"
Honda,Black,53151.0,4.0,"$8,400"
Toyota,Blue,3000.0,4.0,"$18,500"
Nissan,White,89612.0,4.0,"$8,300"
Honda,Silver,91892.0,4.0,"$6,300"
Honda,Red,31564.0,4.0,"$9,200"
Toyota,White,60395.0,5.0,"$13,800"
Toyota,Black,56622.0,4.0,"$17,900"
Toyota,White,151411.0,5.0,"$11,000"
BMW,White,59974.0,4.0,"$35,300"
Honda,Blue,81535.0,4.0,"$9,800"
Honda,Blue,100158.0,4.0,"$11,100"
Honda,Red,122571.0,4.0,"$6,500"
Nissan,Black,82152.0,4.0,"$10,100"
Nissan,Silver,152053.0,4.0,"$4,000"
Toyota,White,15466.0,4.0,"$13,400"
Nissan,Black,146917.0,5.0,"$10,800"
Toyota,Black,35706.0,5.0,"$12,700"
Honda,White,73308.0,5.0,"$15,100"
Honda,Red,90322.0,4.0,"$6,700"
Toyota,Red,127052.0,5.0,"$8,100"
Toyota,Black,34331.0,4.0,"$10,500"
Toyota,White,188170.0,4.0,"$7,200"
Toyota,Red,103603.0,4.0,"$9,000"
BMW,Black,77270.0,3.0,"$25,800"
Honda,Silver,106024.0,5.0,"$9,900"
Honda,White,133702.0,4.0,"$7,600"
Honda,Red,45058.0,4.0,"$9,700"
Toyota,Blue,3000.0,5.0,"$21,800"
Toyota,,142863.0,4.0,"$5,300"
Toyota,Blue,83344.0,4.0,"$8,800"
Toyota,White,178212.0,4.0,"$2,500"
Honda,Black,97494.0,5.0,"$9,800"
Nissan,Black,158302.0,5.0,"$5,300"
Nissan,Red,13540.0,4.0,"$10,700"
Honda,White,45336.0,5.0,"$12,600"
Nissan,Red,192313.0,4.0,"$2,500"
Toyota,Green,56388.0,3.0,"$8,800"
Toyota,White,78155.0,5.0,"$14,200"
Toyota,White,88975.0,4.0,"$11,900"
Honda,Silver,61962.0,4.0,"$11,600"
Toyota,Black,138445.0,5.0,"$6,800"
Toyota,Green,138630.0,5.0,"$8,500"
Toyota,White,152363.0,4.0,"$7,000"
Nissan,Black,133349.0,4.0,"$5,900"
Honda,Silver,87381.0,5.0,"$11,200"
Toyota,Red,125913.0,4.0,"$4,700"
Toyota,Green,172548.0,4.0,"$2,500"
Honda,Black,59129.0,5.0,"$11,600"
Honda,Red,111793.0,4.0,"$13,100"
Toyota,Green,3000.0,5.0,"$13,000"
Nissan,White,3000.0,4.0,"$12,000"
Honda,White,105040.0,5.0,"$14,300"
Nissan,White,118755.0,5.0,
Honda,White,120024.0,4.0,"$6,900"
Nissan,Black,33098.0,4.0,"$11,500"
Nissan,Silver,28442.0,4.0,"$14,200"
Toyota,Green,89572.0,4.0,"$13,700"
Nissan,Blue,85107.0,4.0,"$8,700"
Honda,Red,102048.0,4.0,"$8,700"
Toyota,White,75501.0,4.0,
BMW,Black,26101.0,5.0,"$20,100"
Honda,White,151655.0,5.0,"$9,600"
Nissan,Red,115689.0,5.0,"$11,500"
BMW,Blue,53753.0,5.0,"$35,000"
Toyota,Blue,107129.0,4.0,"$6,400"
Toyota,Red,194098.0,4.0,"$8,700"
Toyota,Black,91706.0,4.0,"$13,000"
Toyota,Green,77007.0,3.0,"$12,200"
Nissan,White,3000.0,4.0,"$9,300"
Toyota,Black,148921.0,3.0,"$6,300"
Toyota,White,108792.0,5.0,"$6,100"
Toyota,White,194089.0,4.0,"$9,500"
Toyota,White,87564.0,3.0,"$8,500"
Nissan,White,169657.0,4.0,"$9,300"
Nissan,Blue,165410.0,5.0,"$10,600"
Toyota,Blue,50037.0,5.0,"$10,500"
Toyota,Red,36175.0,5.0,"$15,100"
Honda,Silver,100428.0,5.0,"$9,400"
BMW,Silver,98988.0,5.0,"$32,400"
Toyota,Blue,18665.0,3.0,"$11,100"
Toyota,Black,140647.0,5.0,"$7,600"
BMW,Grey,31475.0,4.0,"$33,400"
Honda,White,30103.0,5.0,"$12,200"
Toyota,Red,115089.0,4.0,"$7,400"
,Silver,97892.0,5.0,"$20,800"
Toyota,Blue,171248.0,4.0,"$6,300"
Honda,Blue,124220.0,4.0,"$10,100"
Honda,Red,61878.0,5.0,"$5,300"
BMW,White,80151.0,5.0,"$25,700"
Nissan,Silver,143126.0,4.0,"$4,800"
Toyota,White,75617.0,4.0,
BMW,Grey,3161.0,4.0,"$32,900"
Honda,Black,64419.0,5.0,"$10,700"
Toyota,Blue,81510.0,4.0,"$8,300"
Toyota,Green,127703.0,5.0,"$13,200"
BMW,Grey,,5.0,"$25,600"
Honda,Black,44650.0,4.0,"$13,500"
Toyota,White,210130.0,4.0,"$3,700"
Honda,Blue,73952.0,4.0,"$8,600"
Honda,Silver,68508.0,4.0,"$2,500"
Nissan,Black,134681.0,5.0,"$4,500"
Nissan,Silver,21825.0,4.0,"$13,100"
Honda,Red,40063.0,4.0,"$10,800"
Toyota,Black,174255.0,4.0,"$2,500"
Nissan,White,26174.0,4.0,"$11,600"
Toyota,Black,157773.0,4.0,"$2,500"
Honda,Silver,111569.0,4.0,"$10,300"
Toyota,Black,3000.0,4.0,"$17,400"
Honda,White,134077.0,4.0,"$6,600"
Honda,Black,152112.0,4.0,"$10,300"
Nissan,Black,117774.0,4.0,"$5,600"
BMW,Blue,24141.0,3.0,"$26,000"
Nissan,White,143906.0,5.0,"$5,200"
Honda,Silver,3000.0,4.0,"$17,500"
Toyota,Black,107891.0,3.0,"$7,800"
Nissan,Black,160000.0,4.0,"$8,700"
Toyota,White,3000.0,4.0,"$16,000"
Toyota,Green,23814.0,4.0,"$14,600"
Nissan,White,119163.0,5.0,"$8,900"
Honda,Blue,68036.0,4.0,"$4,900"
Toyota,Green,74580.0,4.0,"$11,900"
Nissan,Black,168861.0,4.0,"$2,500"
Nissan,Silver,169515.0,5.0,"$3,200"
Nissan,Blue,132297.0,4.0,"$4,500"
Honda,Silver,100744.0,4.0,"$11,800"
Toyota,White,34195.0,3.0,"$10,100"
Honda,Blue,100878.0,5.0,"$16,900"
Toyota,Green,53114.0,5.0,"$18,800"
Honda,Red,188212.0,4.0,"$4,500"
Toyota,White,82496.0,5.0,"$9,400"
Toyota,Green,94453.0,5.0,"$5,900"
Nissan,White,107730.0,5.0,"$11,600"
Toyota,,66223.0,4.0,"$10,800"
Honda,Blue,10345.0,4.0,"$14,400"
Honda,Silver,104695.0,4.0,"$9,100"
Toyota,Green,86724.0,5.0,"$9,800"
Toyota,White,124098.0,4.0,"$8,900"
Nissan,Silver,129638.0,4.0,"$6,600"
Nissan,White,174911.0,4.0,"$5,600"
Toyota,Red,108028.0,3.0,"$13,500"
Honda,White,112172.0,4.0,"$12,400"
Toyota,Green,129561.0,4.0,"$2,500"
Nissan,Silver,185070.0,4.0,"$3,800"
Toyota,Blue,95298.0,4.0,"$11,200"
Honda,Blue,75440.0,4.0,"$10,900"
Toyota,Black,67222.0,3.0,"$15,000"
Toyota,Blue,,5.0,"$9,900"
Nissan,Silver,60204.0,5.0,"$10,700"
Honda,Black,100981.0,4.0,"$10,400"
BMW,Grey,21855.0,5.0,"$17,500"
BMW,White,91274.0,3.0,"$32,800"
Toyota,Red,44629.0,4.0,"$17,600"
Toyota,Red,112763.0,4.0,"$9,300"
Nissan,Blue,89737.0,4.0,"$4,200"
Honda,Silver,139410.0,4.0,"$5,000"
Toyota,Blue,57450.0,4.0,"$15,200"
Toyota,White,3000.0,4.0,"$9,800"
Nissan,Red,110984.0,4.0,"$7,500"
Nissan,Blue,139145.0,5.0,"$5,400"
Nissan,White,253700.0,4.0,"$2,500"
Nissan,Blue,99075.0,4.0,"$5,300"
BMW,White,70204.0,,"$29,000"
Toyota,White,160586.0,,"$2,500"
Nissan,Blue,98224.0,4.0,"$8,600"
Toyota,Green,128526.0,4.0,"$8,100"
Toyota,White,126206.0,5.0,"$7,000"
,Green,179011.0,4.0,"$8,900"
Toyota,Black,28063.0,4.0,"$10,200"
Toyota,Blue,43560.0,5.0,"$15,600"
Honda,Black,30333.0,4.0,"$11,600"
Honda,Black,113825.0,4.0,"$8,500"
Nissan,Silver,126497.0,5.0,"$4,100"
Toyota,Black,128932.0,5.0,"$7,700"
Toyota,Green,81119.0,3.0,"$10,100"
Toyota,Green,103360.0,3.0,"$8,400"
Honda,Blue,55969.0,4.0,"$10,200"
Honda,Silver,92104.0,4.0,"$5,400"
Nissan,Silver,86098.0,4.0,"$9,100"
Toyota,White,31573.0,4.0,"$17,000"
Nissan,Red,183098.0,4.0,"$2,500"
Honda,White,157165.0,4.0,"$6,000"
Toyota,Green,119762.0,3.0,"$6,000"
Toyota,White,145998.0,4.0,"$9,200"
Honda,Silver,52920.0,4.0,"$7,900"
Nissan,Black,30223.0,4.0,"$11,400"
Toyota,Red,127768.0,4.0,"$10,700"
Nissan,Black,105393.0,4.0,"$4,300"
Nissan,Blue,73803.0,5.0,"$12,300"
Honda,Black,68737.0,4.0,"$11,200"
Honda,Black,40368.0,4.0,
BMW,White,45777.0,5.0,"$33,700"
Nissan,Black,155319.0,4.0,"$3,700"
Toyota,Green,91413.0,5.0,"$8,700"
Honda,Silver,23867.0,4.0,"$10,200"
Toyota,Green,108307.0,4.0,"$10,100"
Nissan,Silver,120318.0,4.0,"$5,700"
Honda,Red,136787.0,4.0,"$7,400"
Nissan,Blue,151382.0,4.0,"$2,500"
Honda,Red,3000.0,4.0,"$14,400"
Honda,,23611.0,5.0,"$12,800"
Honda,White,77499.0,4.0,"$14,900"
Nissan,Silver,134399.0,4.0,"$6,300"
Honda,Red,132175.0,4.0,"$8,500"
Toyota,Blue,74200.0,4.0,"$14,700"
Honda,Silver,38731.0,4.0,"$13,000"
BMW,White,3000.0,5.0,"$30,200"
Toyota,Green,108035.0,4.0,"$14,400"
Nissan,White,24361.0,4.0,"$9,400"
Honda,White,131488.0,4.0,"$8,600"
Toyota,Red,107375.0,4.0,"$6,500"
Honda,Red,63640.0,4.0,"$14,400"
BMW,Grey,62836.0,4.0,"$27,700"
Toyota,Black,92010.0,4.0,"$6,900"
Toyota,White,146558.0,4.0,"$9,500"
Nissan,Silver,241115.0,5.0,"$2,500"
Honda,Silver,131483.0,4.0,"$3,700"
Toyota,White,106182.0,4.0,"$12,900"
Honda,Red,3000.0,4.0,"$12,900"
Toyota,Green,,4.0,"$8,600"
Toyota,Red,118031.0,4.0,
Toyota,White,91069.0,3.0,"$10,300"
Nissan,White,118401.0,4.0,"$6,500"
Honda,White,39711.0,5.0,"$16,000"
BMW,Silver,77398.0,4.0,"$27,300"
Nissan,Red,66835.0,4.0,"$7,600"
Honda,Blue,83545.0,4.0,"$5,200"
Toyota,White,10222.0,4.0,"$12,400"
Honda,Red,117080.0,4.0,"$6,200"
Toyota,White,45022.0,4.0,"$10,100"
BMW,Blue,45875.0,5.0,"$24,500"
Honda,Blue,195945.0,4.0,"$7,700"
Toyota,Green,151288.0,4.0,"$10,700"
Toyota,White,46061.0,4.0,"$8,700"
Toyota,Green,,4.0,"$16,500"
Nissan,Black,81357.0,5.0,"$5,900"
Honda,Silver,71312.0,4.0,"$9,800"
Toyota,Red,111957.0,3.0,"$9,300"
Nissan,Silver,65621.0,5.0,"$11,500"
Nissan,Blue,76205.0,4.0,"$8,100"
Toyota,Red,,4.0,"$6,300"
Toyota,Green,68393.0,5.0,"$13,500"
Honda,Red,50828.0,4.0,"$10,100"
Toyota,Blue,126898.0,3.0,"$14,500"
Honda,Blue,121059.0,4.0,"$9,500"
Toyota,Green,125601.0,4.0,"$4,800"
Honda,White,97548.0,5.0,"$9,800"
Toyota,Black,114722.0,4.0,"$10,000"
Toyota,White,117744.0,,"$8,300"
Nissan,Silver,115282.0,4.0,"$3,500"
Toyota,Red,81364.0,4.0,"$15,300"
Toyota,Green,114578.0,4.0,"$8,600"
Toyota,Blue,196598.0,4.0,"$2,500"
Toyota,Black,40308.0,3.0,"$17,700"
Nissan,Silver,114573.0,4.0,"$6,100"
Nissan,White,44844.0,4.0,"$11,200"
BMW,Grey,87867.0,5.0,"$17,700"
Honda,Blue,85266.0,4.0,"$8,700"
Toyota,White,111310.0,4.0,"$6,000"
Honda,Blue,152093.0,4.0,"$9,300"
Toyota,Black,79114.0,4.0,"$10,600"
Toyota,Blue,90906.0,4.0,"$8,000"
Nissan,White,87167.0,4.0,"$7,300"
BMW,Grey,132740.0,4.0,"$28,200"
Toyota,Black,146602.0,4.0,"$9,300"
Toyota,White,39898.0,4.0,"$12,800"
Nissan,Silver,166347.0,4.0,"$2,500"
Nissan,Blue,147646.0,4.0,"$11,100"
Honda,Red,142967.0,4.0,
Toyota,Blue,109353.0,4.0,"$12,700"
Honda,White,57543.0,4.0,"$13,500"
Toyota,Red,132028.0,4.0,"$9,400"
BMW,White,120272.0,4.0,"$19,100"
Nissan,White,101524.0,4.0,"$7,600"
Toyota,Green,44460.0,3.0,"$11,800"
Nissan,Blue,15739.0,4.0,"$14,000"
Toyota,Black,100425.0,4.0,"$8,600"
Nissan,Red,65275.0,4.0,"$8,300"
Toyota,Black,133789.0,4.0,"$10,500"
Toyota,Red,61312.0,5.0,"$9,800"
Honda,Red,123531.0,4.0,"$5,700"
Nissan,Red,115354.0,4.0,"$6,900"
Toyota,Blue,114227.0,3.0,"$11,200"
Honda,Blue,31377.0,4.0,"$6,500"
Toyota,Red,68492.0,4.0,"$17,200"
Nissan,Silver,225241.0,4.0,"$6,300"
Nissan,Silver,101193.0,4.0,"$2,800"
Toyota,Red,3000.0,4.0,"$12,500"
Nissan,Red,100907.0,4.0,"$10,600"
Toyota,Black,143125.0,4.0,"$9,000"
Toyota,White,51728.0,4.0,"$9,300"
Nissan,Red,,5.0,"$8,500"
Toyota,White,118377.0,4.0,"$5,900"
Nissan,Red,,5.0,"$6,800"
Honda,Red,40608.0,5.0,"$10,100"
Toyota,Green,133801.0,5.0,"$7,800"
Toyota,Green,180635.0,4.0,"$7,200"
Toyota,White,,4.0,"$11,400"
Toyota,Green,101295.0,4.0,"$7,000"
Nissan,Black,60895.0,4.0,"$11,300"
Toyota,Blue,141954.0,4.0,"$10,000"
Honda,Black,164735.0,4.0,"$4,600"
Nissan,Silver,205759.0,4.0,"$2,500"
BMW,Black,22467.0,5.0,"$16,700"
Nissan,Red,87035.0,5.0,"$7,200"
Nissan,Silver,141452.0,4.0,"$6,100"
Honda,Red,34737.0,4.0,"$10,800"
Honda,Black,74169.0,4.0,"$5,200"
Nissan,Silver,57066.0,5.0,"$8,200"
Honda,Black,160814.0,5.0,"$7,700"
Toyota,Red,132432.0,4.0,"$3,600"
Nissan,Silver,178876.0,5.0,"$7,800"
Nissan,Silver,3000.0,4.0,"$10,200"
Toyota,Black,123779.0,5.0,"$11,900"
Toyota,Red,62718.0,3.0,"$9,800"
Nissan,Blue,78546.0,5.0,"$9,300"
Honda,White,149464.0,4.0,"$4,500"
Toyota,Red,150042.0,4.0,"$5,100"
Honda,Silver,51313.0,4.0,"$13,900"
Toyota,Red,145940.0,5.0,"$11,200"
BMW,Silver,9736.0,5.0,"$25,600"
BMW,Black,99565.0,3.0,"$23,200"
BMW,Silver,19904.0,5.0,"$31,100"
Nissan,Silver,71970.0,5.0,"$14,100"
Toyota,Green,178331.0,3.0,"$6,800"
Honda,Black,157328.0,5.0,"$7,500"
BMW,Blue,97148.0,5.0,"$34,000"
Toyota,Red,110765.0,4.0,"$8,600"
Honda,Black,10178.0,4.0,"$13,300"
Honda,White,131524.0,5.0,"$11,200"
Toyota,Green,124226.0,5.0,"$7,200"
Nissan,White,3000.0,4.0,"$10,700"
Toyota,Green,82174.0,4.0,"$9,200"
Nissan,,146639.0,4.0,"$10,400"
BMW,Grey,70188.0,5.0,"$24,200"
Toyota,White,84520.0,4.0,"$11,200"
BMW,Grey,30211.0,4.0,"$27,600"
Honda,White,113638.0,4.0,"$9,100"
Toyota,Black,121792.0,4.0,"$10,700"
Nissan,Red,12773.0,4.0,"$13,000"
Honda,,59791.0,4.0,"$7,600"
Nissan,White,50150.0,5.0,"$11,600"
Toyota,Blue,86426.0,4.0,"$5,300"
Toyota,Black,122857.0,4.0,"$4,600"
Honda,Blue,98711.0,4.0,"$9,800"
Toyota,Green,144050.0,3.0,"$12,100"
Toyota,Green,27036.0,4.0,"$12,700"
Nissan,White,96525.0,4.0,"$8,700"
Toyota,White,109214.0,3.0,"$7,600"
Nissan,Blue,87309.0,5.0,"$5,700"
Toyota,Green,149368.0,4.0,"$8,500"
Toyota,White,145723.0,4.0,"$7,000"
Toyota,White,63844.0,4.0,"$8,300"
Nissan,Red,132099.0,4.0,"$3,000"
BMW,Black,142643.0,5.0,"$14,000"
Toyota,Blue,112230.0,4.0,"$14,500"
Nissan,White,145549.0,4.0,"$5,700"
Nissan,,57764.0,4.0,"$5,700"
Nissan,Silver,155122.0,5.0,"$9,500"
BMW,White,46568.0,4.0,"$18,700"
Honda,White,3000.0,4.0,"$10,700"
Toyota,White,92089.0,5.0,"$16,300"
Honda,Blue,124310.0,5.0,"$9,500"
BMW,Silver,48194.0,4.0,"$22,300"
BMW,Silver,124037.0,5.0,"$24,500"
Nissan,White,3000.0,5.0,"$10,900"
Nissan,Black,63939.0,4.0,"$7,900"
Toyota,White,127271.0,4.0,"$8,500"
Toyota,White,94002.0,5.0,"$15,300"
Toyota,Green,61784.0,5.0,"$17,900"
Toyota,Red,63092.0,4.0,"$12,000"
Honda,White,78502.0,4.0,"$10,500"
Nissan,Black,136897.0,4.0,"$7,000"
Toyota,White,58837.0,3.0,"$7,500"
Toyota,Green,228164.0,5.0,"$2,500"
Toyota,Red,134359.0,5.0,"$3,900"
Honda,White,78578.0,4.0,"$9,700"
Nissan,Black,138477.0,4.0,"$2,500"
Nissan,White,121303.0,4.0,"$3,400"
Honda,Black,107568.0,5.0,"$6,500"
Honda,Blue,50936.0,4.0,"$10,500"
Honda,White,41488.0,4.0,"$10,400"
Honda,Blue,34717.0,4.0,"$6,600"
BMW,Black,107754.0,3.0,"$14,100"
Nissan,Red,101993.0,5.0,"$9,800"
Honda,White,62482.0,4.0,"$8,400"
Toyota,White,109764.0,4.0,"$13,200"
Nissan,Black,46518.0,4.0,"$9,700"
BMW,Blue,3000.0,3.0,"$24,700"
Honda,White,93641.0,5.0,"$7,500"
Honda,Black,70064.0,4.0,"$6,500"
Honda,Black,95699.0,4.0,"$12,700"
Toyota,Black,40948.0,4.0,"$11,100"
Nissan,Silver,140142.0,5.0,"$9,400"
BMW,Black,3000.0,5.0,"$28,000"
BMW,White,,3.0,"$23,100"
Nissan,Black,3000.0,4.0,"$13,500"
Honda,Silver,,4.0,"$6,400"
BMW,Blue,21693.0,3.0,"$23,000"
Honda,Blue,176955.0,,"$8,900"
Toyota,White,131281.0,4.0,"$9,800"
Honda,Silver,60265.0,4.0,"$10,400"
Honda,White,88259.0,5.0,"$12,000"
Honda,White,164428.0,4.0,"$9,400"
Toyota,Green,24192.0,5.0,"$14,400"
Toyota,Black,136311.0,4.0,"$10,600"
Nissan,White,76762.0,4.0,"$16,100"
Toyota,Red,31591.0,4.0,"$9,700"
Nissan,Black,125081.0,5.0,"$12,600"
Honda,Black,51862.0,4.0,"$10,800"
Honda,Blue,143710.0,4.0,"$6,900"
Toyota,Red,80600.0,4.0,"$12,700"
Toyota,White,112170.0,5.0,"$13,500"
Toyota,Green,165156.0,4.0,"$7,300"
Nissan,Silver,128337.0,4.0,"$6,700"
Honda,White,115478.0,4.0,"$8,500"
Honda,Silver,91970.0,5.0,"$13,800"
Toyota,Red,176838.0,4.0,"$2,500"
,White,112561.0,5.0,"$5,700"
Honda,Red,77073.0,4.0,"$11,200"
Honda,Silver,124133.0,4.0,"$7,700"
Honda,Black,3000.0,5.0,"$11,700"
Honda,Silver,135031.0,4.0,"$2,500"
Nissan,Silver,178495.0,5.0,"$5,800"
Honda,Black,155176.0,4.0,"$6,100"
Nissan,Black,3000.0,4.0,"$13,300"
Toyota,Green,,5.0,"$10,000"
Nissan,Silver,74889.0,4.0,"$8,900"
Honda,Silver,66423.0,4.0,"$8,300"
Honda,Blue,137858.0,4.0,"$3,700"
Honda,Blue,49096.0,4.0,
Honda,Red,20468.0,4.0,"$13,100"
Nissan,Red,177044.0,4.0,"$3,100"
Honda,Blue,19724.0,5.0,"$16,000"
Honda,Black,172913.0,5.0,"$4,600"
Nissan,Blue,,4.0,"$9,400"
Toyota,Red,182337.0,4.0,"$4,400"
Toyota,White,28712.0,4.0,"$15,500"
Nissan,Blue,156747.0,4.0,"$4,700"
Honda,Blue,65209.0,4.0,"$13,700"
Toyota,Black,125457.0,4.0,"$6,600"
Honda,Blue,94356.0,4.0,"$5,300"
BMW,Blue,93807.0,5.0,"$22,800"
Toyota,Black,75343.0,3.0,"$10,500"
Toyota,Red,100096.0,4.0,"$12,800"
Honda,White,120372.0,5.0,"$8,400"
Nissan,White,154765.0,4.0,"$5,900"
BMW,Grey,47082.0,4.0,"$25,200"
Nissan,Silver,103699.0,5.0,"$9,300"
Honda,Silver,74382.0,5.0,"$9,900"
Toyota,Black,200375.0,4.0,"$8,600"
Nissan,Silver,69406.0,,"$10,400"
Toyota,White,104154.0,4.0,"$11,200"
Honda,Black,98592.0,4.0,
Honda,Black,108589.0,5.0,"$9,400"
BMW,White,108772.0,5.0,"$25,400"
Nissan,Black,118802.0,4.0,"$7,500"
Toyota,Blue,93132.0,4.0,"$10,400"
Nissan,White,79145.0,5.0,"$7,100"
Nissan,Black,56080.0,4.0,"$6,000"
BMW,Black,28051.0,4.0,"$26,000"
BMW,Silver,69330.0,4.0,"$23,300"
Toyota,Black,3000.0,4.0,"$19,900"
Toyota,Red,154496.0,4.0,"$8,800"
Honda,Blue,183559.0,4.0,"$2,500"
Honda,Black,182606.0,4.0,"$2,500"
Nissan,White,125369.0,4.0,"$2,900"
Honda,Blue,92705.0,4.0,"$10,600"
Toyota,Blue,89956.0,4.0,"$12,800"
Toyota,Blue,103148.0,5.0,"$8,900"
Honda,Red,64792.0,4.0,"$13,000"
Honda,Black,60620.0,4.0,"$13,900"
Toyota,,161581.0,4.0,"$2,500"
Toyota,White,156912.0,5.0,"$14,700"
Honda,Blue,104096.0,4.0,"$10,700"
Honda,Silver,141776.0,5.0,"$7,100"
Honda,White,100749.0,4.0,"$5,100"
Nissan,Red,119763.0,4.0,"$7,600"
Toyota,Blue,124840.0,4.0,"$12,300"
Honda,White,54809.0,5.0,"$10,300"
Nissan,Blue,218148.0,4.0,"$2,500"
Honda,Black,101601.0,4.0,"$9,000"
Toyota,White,55272.0,4.0,"$17,400"
Toyota,Green,70559.0,5.0,"$7,900"
Toyota,White,74561.0,3.0,"$4,000"
Toyota,Blue,64133.0,4.0,"$8,600"
BMW,White,90932.0,4.0,"$19,600"
Toyota,Green,144165.0,4.0,"$11,800"
Honda,Silver,129496.0,5.0,"$7,800"
Honda,Blue,98773.0,5.0,"$5,200"
Nissan,Silver,104508.0,4.0,"$5,000"
Honda,,125327.0,4.0,"$15,800"
Honda,Silver,115991.0,4.0,"$2,500"
BMW,Black,49828.0,4.0,"$27,000"
Honda,Blue,96193.0,4.0,"$7,000"
Nissan,Silver,125736.0,5.0,"$3,700"
Nissan,White,59085.0,4.0,"$11,000"
BMW,,22342.0,4.0,"$30,700"
Honda,White,,5.0,"$18,600"
Nissan,Black,68640.0,4.0,"$8,500"
Nissan,Black,130514.0,4.0,"$4,700"
Nissan,Black,120030.0,4.0,"$8,200"
Nissan,Silver,165794.0,5.0,"$7,100"
Toyota,Red,89065.0,4.0,"$10,000"
Honda,Red,204757.0,4.0,"$6,900"
,Blue,47752.0,4.0,"$11,800"
Honda,White,75913.0,4.0,"$9,800"
Nissan,White,43148.0,4.0,"$9,000"
Nissan,Blue,213447.0,4.0,"$3,500"
Toyota,Red,3000.0,4.0,"$18,400"
Honda,Black,144302.0,4.0,"$6,100"
Toyota,White,135297.0,4.0,"$5,700"
Honda,Black,69427.0,5.0,"$15,900"
Honda,Red,78956.0,4.0,"$4,300"
Nissan,Blue,108455.0,4.0,"$6,700"
Toyota,Red,160315.0,3.0,"$6,300"
Toyota,Green,76077.0,4.0,"$13,900"
Toyota,Black,104281.0,4.0,"$7,700"
Honda,White,147439.0,5.0,"$8,200"
Honda,Black,92140.0,4.0,"$10,200"
Toyota,Green,42325.0,5.0,"$11,100"
Honda,Red,92171.0,5.0,"$9,400"
Toyota,Green,164166.0,4.0,
Nissan,Black,159874.0,4.0,"$4,800"
Toyota,Blue,152927.0,3.0,"$7,900"
BMW,Silver,65563.0,4.0,"$25,200"
Toyota,Green,48369.0,4.0,"$13,400"
Toyota,Blue,95909.0,4.0,"$8,600"
Honda,Silver,145110.0,4.0,"$3,300"
Nissan,Red,88340.0,4.0,"$10,500"
Nissan,Blue,129669.0,4.0,"$5,800"
Honda,Blue,104048.0,4.0,"$9,400"
Nissan,Black,27066.0,4.0,"$10,100"
Toyota,Red,182059.0,4.0,"$4,000"
Toyota,Red,81448.0,4.0,"$9,100"
Toyota,Blue,93475.0,3.0,"$7,600"
Honda,White,115363.0,5.0,"$9,700"
Toyota,Green,138224.0,3.0,"$3,300"
Toyota,White,80302.0,3.0,"$9,400"
Nissan,Red,137516.0,4.0,"$3,400"
Nissan,Red,163276.0,5.0,"$8,100"
Toyota,Black,46578.0,3.0,"$10,300"
Nissan,Silver,82211.0,4.0,"$15,100"
Honda,Red,71364.0,4.0,
Nissan,Black,41068.0,4.0,"$7,800"
Nissan,Black,73550.0,4.0,"$6,600"
Toyota,Red,84069.0,4.0,"$8,400"
Honda,White,52671.0,4.0,"$14,800"
Toyota,Red,161637.0,4.0,"$10,100"
Toyota,Blue,125247.0,3.0,"$8,300"
Toyota,Blue,72154.0,4.0,"$8,300"
Toyota,Blue,116875.0,5.0,"$6,200"
Honda,Silver,44291.0,4.0,"$15,200"
Nissan,Red,218436.0,4.0,"$2,700"
BMW,Black,111471.0,4.0,"$21,700"
Honda,Blue,27791.0,4.0,"$14,300"
Honda,Red,119325.0,5.0,"$9,000"
Nissan,Blue,98426.0,5.0,"$10,600"
Honda,White,44684.0,4.0,"$9,400"
BMW,White,22659.0,4.0,"$27,800"
BMW,Silver,19308.0,3.0,"$22,100"
,Silver,58123.0,5.0,"$11,000"
Honda,Silver,20606.0,4.0,"$13,100"
Nissan,Black,181849.0,4.0,"$4,100"
Nissan,Red,198313.0,4.0,"$6,100"
Toyota,Black,138442.0,4.0,"$8,700"
Toyota,Black,99170.0,3.0,"$11,900"
Honda,Black,73199.0,4.0,"$4,900"
Honda,Silver,115616.0,4.0,"$5,000"
Honda,Red,45817.0,4.0,"$11,500"
Toyota,Blue,93053.0,4.0,"$5,900"
Toyota,White,106605.0,5.0,"$13,600"
Honda,Silver,37839.0,4.0,"$15,900"
Honda,White,17111.0,4.0,"$19,300"
BMW,White,47727.0,4.0,"$27,000"
BMW,Grey,3000.0,4.0,"$27,700"
Toyota,Blue,109881.0,4.0,"$9,300"
Toyota,Black,68719.0,4.0,"$8,700"
Nissan,Blue,175309.0,4.0,"$3,900"
Toyota,Green,178119.0,5.0,"$4,700"
Toyota,Black,75390.0,3.0,"$13,200"
Toyota,Blue,13605.0,,"$9,300"
Nissan,White,173459.0,4.0,"$2,500"
Nissan,Blue,10133.0,5.0,"$17,100"
Honda,Blue,25096.0,4.0,"$13,100"
Honda,Black,,4.0,"$2,500"
Toyota,White,84099.0,3.0,"$11,400"
Honda,Blue,109006.0,4.0,"$11,300"
Toyota,Black,77850.0,,"$14,300"
Nissan,Black,73397.0,5.0,"$5,900"
Toyota,Green,30518.0,4.0,"$8,000"
Honda,Black,140460.0,4.0,"$2,900"
Toyota,Green,112250.0,4.0,"$8,000"
Toyota,White,92662.0,3.0,"$13,900"
Toyota,Blue,75201.0,4.0,"$13,200"
BMW,White,66577.0,4.0,"$24,200"
Honda,Black,202398.0,5.0,"$2,500"
BMW,Blue,119143.0,4.0,"$26,900"
Nissan,White,85146.0,4.0,"$12,300"
Toyota,Black,3000.0,4.0,"$13,200"
Toyota,Red,35158.0,4.0,"$14,300"
Honda,Red,38572.0,4.0,"$13,100"
Toyota,White,88305.0,4.0,"$9,100"
Honda,White,110655.0,4.0,"$7,800"
BMW,Grey,19277.0,5.0,"$46,300"
Honda,Black,68615.0,4.0,"$4,100"
Toyota,Black,54210.0,3.0,"$7,500"
Honda,,131654.0,4.0,"$8,500"
Toyota,White,118733.0,4.0,"$8,000"
Toyota,Red,83473.0,4.0,"$9,500"
BMW,Blue,61589.0,4.0,
Honda,White,,4.0,"$10,200"
Toyota,Blue,123977.0,4.0,"$11,800"
Toyota,Green,112983.0,4.0,"$9,900"
Toyota,Black,159817.0,4.0,"$5,400"
Honda,Black,50924.0,4.0,"$8,000"
Toyota,Blue,107511.0,4.0,"$3,800"
Toyota,Black,122032.0,4.0,"$8,900"
Toyota,Green,157001.0,5.0,"$5,300"
Toyota,Blue,87427.0,4.0,"$14,200"
Nissan,Silver,189455.0,4.0,"$2,500"
Toyota,White,107452.0,3.0,"$9,800"
Toyota,Black,117429.0,4.0,"$8,600"
Nissan,White,183757.0,4.0,"$2,500"
Honda,White,71785.0,4.0,"$11,800"
Nissan,Red,137604.0,4.0,
Toyota,Black,160307.0,3.0,"$5,700"
Honda,Silver,154393.0,4.0,"$4,500"
BMW,Blue,104097.0,5.0,"$35,800"
Toyota,White,,4.0,"$7,600"
Honda,Black,76074.0,4.0,"$5,800"
Toyota,Green,114148.0,4.0,"$5,200"
Nissan,Red,67584.0,4.0,"$5,700"
Toyota,Green,74059.0,3.0,"$9,600"
Honda,Red,105133.0,5.0,"$7,600"
Honda,Black,143325.0,4.0,"$6,600"
Nissan,Blue,67887.0,4.0,"$9,400"
Nissan,White,221958.0,4.0,"$2,500"
Nissan,Blue,91680.0,4.0,"$3,800"
Nissan,Black,99712.0,4.0,"$8,200"
Toyota,Red,77845.0,4.0,"$5,700"
Honda,Silver,51172.0,4.0,"$15,800"
Toyota,Green,172568.0,4.0,"$3,200"
BMW,Silver,93255.0,4.0,"$16,300"
BMW,White,123981.0,4.0,"$24,100"
Honda,Red,137582.0,5.0,"$2,700"
Honda,Silver,124526.0,4.0,"$8,000"
Nissan,Silver,159708.0,4.0,"$7,000"
Honda,White,95157.0,5.0,"$8,200"
Nissan,Red,155662.0,4.0,"$4,500"
BMW,White,28343.0,3.0,"$20,100"
Toyota,Black,21187.0,3.0,"$11,500"
Nissan,Silver,173750.0,4.0,"$4,400"
Nissan,White,,4.0,"$10,300"
Nissan,Red,65381.0,4.0,"$9,100"
Honda,Silver,83377.0,5.0,"$13,000"
Toyota,Blue,15984.0,3.0,"$10,400"
Toyota,Black,12811.0,4.0,"$13,600"
Honda,White,150148.0,5.0,"$5,900"
Nissan,Black,83401.0,5.0,"$11,300"
,Red,143290.0,4.0,"$6,600"
Toyota,Black,133605.0,5.0,"$6,000"
BMW,Grey,122874.0,5.0,"$37,100"
Nissan,Black,141188.0,4.0,"$2,500"
Honda,Silver,65204.0,4.0,"$12,600"
Nissan,Black,88396.0,4.0,"$11,500"
Nissan,Blue,144936.0,4.0,"$3,400"
Honda,Black,93548.0,5.0,"$7,600"
BMW,Black,57331.0,4.0,"$22,200"
Honda,Black,148388.0,4.0,"$13,400"
Honda,Silver,23302.0,5.0,"$7,700"
Honda,Black,80231.0,4.0,"$5,700"
Nissan,Blue,114587.0,5.0,"$9,300"
Toyota,Green,175695.0,5.0,"$7,200"
Toyota,Blue,87955.0,3.0,"$3,400"
Toyota,Blue,99361.0,4.0,"$10,300"
Nissan,Red,147781.0,4.0,"$3,200"
BMW,White,46727.0,4.0,"$16,500"
BMW,Silver,3000.0,5.0,"$21,700"
Honda,White,16624.0,4.0,"$14,000"
Honda,Silver,67129.0,4.0,"$9,100"
,Blue,44748.0,4.0,"$2,500"
Toyota,Green,176432.0,4.0,"$2,600"
Honda,Black,72203.0,4.0,"$6,200"
Nissan,Black,166428.0,4.0,"$4,900"
Nissan,Blue,65723.0,4.0,"$7,900"
Toyota,White,185265.0,4.0,"$5,900"
Honda,Blue,83276.0,4.0,"$7,000"
Nissan,Red,5903.0,5.0,"$12,000"
Honda,Red,107623.0,4.0,"$11,900"
Nissan,Black,3000.0,4.0,"$9,200"
Nissan,Red,79478.0,4.0,"$8,200"
Toyota,Blue,90458.0,3.0,"$9,200"
Toyota,White,119220.0,3.0,"$5,400"
Toyota,Black,146575.0,5.0,"$10,200"
Honda,White,76648.0,4.0,"$15,000"
Honda,Blue,166707.0,5.0,"$9,400"
Nissan,Black,3000.0,4.0,"$16,300"
Toyota,Black,139327.0,4.0,"$14,900"
Toyota,Blue,162348.0,4.0,"$12,200"
Honda,Silver,134175.0,4.0,"$11,600"
Nissan,Black,223670.0,4.0,"$2,500"
Nissan,Blue,23955.0,5.0,"$10,800"
Toyota,Green,118277.0,3.0,"$7,900"
Nissan,Blue,42192.0,4.0,"$5,800"
Toyota,Green,59459.0,3.0,"$13,000"
Nissan,Red,200499.0,4.0,"$4,900"
Toyota,Red,152986.0,4.0,"$7,200"
Honda,White,8380.0,4.0,"$12,000"
Honda,,79579.0,5.0,"$9,300"
BMW,Blue,67297.0,5.0,"$28,700"
Toyota,White,142356.0,4.0,"$7,200"
Honda,Red,3000.0,4.0,"$12,100"
Honda,Blue,94098.0,5.0,"$13,700"
Honda,Red,64745.0,5.0,"$12,800"
Toyota,Red,113084.0,3.0,
Nissan,,164109.0,5.0,"$3,200"
Honda,Silver,64391.0,4.0,"$10,800"
Honda,Silver,61272.0,5.0,"$13,200"
Nissan,Black,72061.0,5.0,"$10,200"
Nissan,Black,106390.0,4.0,"$7,900"
Honda,Blue,69932.0,4.0,"$9,400"
Honda,Black,96608.0,4.0,"$10,100"
Honda,White,91798.0,4.0,"$14,600"
BMW,Blue,23389.0,4.0,"$26,700"
Nissan,White,23876.0,4.0,"$11,900"
Toyota,White,40007.0,5.0,"$12,700"
Honda,Black,74140.0,5.0,"$12,100"
Toyota,White,69254.0,4.0,"$9,600"
Toyota,Green,172664.0,4.0,"$6,900"
BMW,Black,41435.0,5.0,"$25,600"
Toyota,Blue,183558.0,4.0,"$5,400"
Toyota,Black,62157.0,4.0,"$9,900"
Nissan,Blue,81248.0,4.0,"$6,700"
Toyota,Green,31458.0,4.0,"$9,000"
BMW,Blue,30168.0,4.0,"$30,700"
Nissan,Silver,90650.0,4.0,"$7,400"
Toyota,Black,164044.0,5.0,"$12,100"
Nissan,Red,96201.0,4.0,"$5,800"
BMW,Silver,28693.0,5.0,"$32,200"
Honda,Silver,82174.0,4.0,"$8,800"
Honda,Red,52944.0,4.0,"$8,900"
Toyota,Red,114643.0,4.0,"$5,100"
Nissan,Red,167712.0,4.0,"$2,700"
Honda,Black,84817.0,4.0,"$6,000"
Honda,,91406.0,4.0,"$8,500"
Toyota,Black,95395.0,4.0,"$15,200"
Nissan,White,121951.0,4.0,"$4,300"
Toyota,,61011.0,5.0,"$13,800"
Nissan,Blue,184726.0,4.0,"$4,100"
Nissan,Blue,150567.0,4.0,"$6,600"
BMW,Silver,124600.0,5.0,"$10,500"
BMW,Grey,93023.0,5.0,"$31,000"
Toyota,White,28386.0,5.0,"$11,300"
Honda,Silver,51162.0,4.0,"$9,300"
Honda,Silver,,4.0,"$11,300"
Honda,Red,133552.0,4.0,"$10,600"
Toyota,Green,54433.0,4.0,"$8,800"
BMW,Silver,120264.0,5.0,"$27,600"
Toyota,Black,102308.0,5.0,"$12,400"
BMW,Black,63748.0,4.0,"$28,900"
Toyota,White,80524.0,3.0,"$11,000"
Toyota,Blue,19451.0,4.0,"$11,600"
Toyota,White,62795.0,5.0,
Toyota,White,49821.0,4.0,"$10,800"
Nissan,Silver,27192.0,4.0,"$12,300"
Honda,Black,88039.0,4.0,"$4,700"
Honda,Black,51928.0,4.0,"$12,600"
BMW,White,42193.0,5.0,"$22,500"
Toyota,Red,94121.0,4.0,"$11,300"
Nissan,Black,31564.0,5.0,"$12,900"
Toyota,Black,56384.0,4.0,"$12,300"
Nissan,Red,110016.0,4.0,"$5,400"
BMW,White,22006.0,4.0,"$25,400"
Honda,White,170015.0,4.0,"$2,500"
Nissan,Silver,206769.0,4.0,"$2,500"
Toyota,Green,99839.0,4.0,"$5,900"
Toyota,Blue,57893.0,3.0,"$9,500"
Toyota,Green,,5.0,"$12,100"
Honda,Blue,72463.0,5.0,"$16,600"
Toyota,White,37369.0,4.0,"$13,400"
Nissan,Blue,,4.0,"$3,400"
Honda,Red,124967.0,4.0,"$6,600"
Nissan,White,3000.0,5.0,"$14,400"
Nissan,Blue,49451.0,4.0,"$7,000"
Toyota,Green,133770.0,4.0,"$6,700"
Nissan,Red,163395.0,4.0,"$7,400"
Toyota,Red,64463.0,5.0,"$14,900"
Nissan,Black,69694.0,5.0,"$15,500"
Toyota,Black,61966.0,4.0,"$15,400"
BMW,Blue,100439.0,5.0,"$26,300"
Toyota,White,63131.0,3.0,"$10,400"
Honda,Red,3000.0,4.0,"$14,200"
Honda,Red,108781.0,4.0,"$8,900"
BMW,Grey,3000.0,3.0,"$19,000"
Nissan,Silver,70106.0,4.0,"$9,600"
Nissan,Blue,128202.0,5.0,"$6,300"
Toyota,White,131032.0,3.0,"$4,500"
Honda,Black,121291.0,4.0,"$9,700"
Nissan,Black,133143.0,4.0,"$5,600"
Nissan,Blue,214521.0,4.0,"$3,200"
BMW,Grey,24329.0,5.0,"$29,400"
Nissan,Black,154139.0,4.0,"$3,500"
Toyota,White,154642.0,5.0,"$9,500"
Toyota,Black,3000.0,4.0,"$15,800"
BMW,White,47946.0,4.0,"$29,500"
Honda,White,137322.0,5.0,"$8,600"
Honda,Blue,171932.0,4.0,"$5,100"
BMW,White,91242.0,3.0,"$28,300"
Honda,Red,87327.0,4.0,"$11,900"
Toyota,Blue,67077.0,4.0,"$10,200"
Honda,Black,29000.0,4.0,"$13,400"
Toyota,Green,114913.0,3.0,"$11,600"
Honda,Red,129974.0,4.0,"$6,700"
Honda,Blue,35447.0,4.0,"$13,400"
Honda,Red,145316.0,5.0,"$9,800"
Toyota,Green,154392.0,5.0,"$6,900"
Toyota,Black,73735.0,4.0,"$9,200"
Toyota,Red,95093.0,4.0,"$9,900"
Nissan,Blue,123573.0,4.0,"$5,900"
Honda,Red,85585.0,4.0,"$7,300"
Nissan,Black,164730.0,4.0,"$4,800"
Honda,Blue,83626.0,4.0,"$7,600"
Toyota,Green,28740.0,4.0,"$16,900"
Nissan,Red,143059.0,4.0,"$2,500"
Toyota,Black,137683.0,4.0,"$11,500"
Nissan,Silver,118965.0,4.0,"$10,700"
Honda,Black,102402.0,4.0,"$4,900"
Toyota,Blue,116988.0,3.0,"$9,100"
Toyota,Green,66628.0,4.0,
Honda,White,11952.0,,"$16,200"
Toyota,Blue,52337.0,3.0,"$8,200"
Toyota,Blue,,4.0,"$11,800"
Honda,Black,99868.0,4.0,"$7,100"
Honda,White,67707.0,4.0,"$7,200"
Honda,Black,81215.0,4.0,"$13,400"
Toyota,Black,97778.0,4.0,"$13,200"
Nissan,Blue,193502.0,4.0,"$2,500"
Honda,Silver,83044.0,5.0,"$17,200"
Toyota,Blue,173105.0,4.0,"$2,500"
BMW,White,81260.0,4.0,"$24,500"
Toyota,Black,140975.0,4.0,
Honda,Silver,51698.0,5.0,"$10,100"
Nissan,Silver,79972.0,4.0,"$10,500"
Toyota,Black,36577.0,5.0,"$12,000"
Honda,White,6127.0,4.0,"$16,500"
Nissan,Red,183177.0,4.0,"$2,500"
Nissan,Black,95314.0,4.0,"$9,000"
Toyota,White,174673.0,5.0,"$8,600"
Honda,Blue,58517.0,4.0,"$6,100"
BMW,Blue,18164.0,4.0,"$27,900"
Toyota,White,63922.0,4.0,"$12,400"
Toyota,Blue,69247.0,4.0,"$8,100"
Toyota,Red,36794.0,4.0,"$17,900"
Nissan,Black,161783.0,4.0,"$9,200"
Nissan,Silver,142237.0,5.0,"$5,000"
Nissan,Blue,186107.0,4.0,"$3,200"
Nissan,White,124367.0,4.0,"$6,100"
Nissan,White,3000.0,4.0,"$16,100"
Toyota,Black,123532.0,3.0,"$9,300"
Honda,Blue,89034.0,5.0,"$10,800"
Honda,Silver,63330.0,4.0,"$12,700"
Honda,Silver,29259.0,5.0,"$13,700"
Toyota,White,127201.0,4.0,"$8,200"
Toyota,Green,117285.0,5.0,"$6,100"
Toyota,White,47777.0,4.0,"$13,300"
Honda,Blue,124570.0,5.0,"$3,000"
Toyota,Green,125145.0,4.0,"$6,500"
Toyota,Red,87974.0,4.0,"$6,200"
Nissan,Red,64309.0,4.0,"$11,400"
Toyota,White,99708.0,4.0,"$8,900"
Toyota,White,91942.0,4.0,"$12,000"
Honda,Red,113143.0,4.0,"$8,100"
BMW,Blue,110904.0,4.0,"$29,300"
Toyota,White,119495.0,5.0,"$10,100"
Nissan,Silver,148809.0,4.0,"$6,000"
BMW,Silver,109553.0,3.0,"$28,100"
Toyota,Green,45050.0,4.0,"$8,500"
BMW,Grey,35547.0,4.0,"$32,900"
Honda,Red,16337.0,4.0,"$14,100"
Honda,Blue,109402.0,4.0,"$12,100"
Toyota,Blue,107377.0,4.0,"$5,400"
Toyota,Blue,48113.0,4.0,"$8,700"
Toyota,Green,70026.0,4.0,"$10,200"
Nissan,Blue,46735.0,4.0,"$13,700"
BMW,White,9338.0,3.0,"$35,700"
Honda,Red,148887.0,4.0,"$9,300"
BMW,Silver,35861.0,5.0,"$29,600"
Honda,Silver,30686.0,5.0,"$15,800"
Toyota,Blue,94152.0,4.0,"$9,000"
Honda,White,33260.0,4.0,"$4,800"
Honda,Blue,42150.0,4.0,"$15,100"
Toyota,Red,77052.0,4.0,"$10,500"
Toyota,Red,132088.0,4.0,"$14,200"
Toyota,White,166900.0,5.0,"$4,500"
Nissan,Blue,3216.0,4.0,"$18,000"
Honda,Blue,200911.0,4.0,"$4,900"
Honda,White,31016.0,4.0,"$15,200"
Nissan,Silver,105952.0,4.0,"$6,900"
Honda,Red,134934.0,4.0,"$8,300"
Toyota,Red,36337.0,3.0,"$11,000"
Honda,White,123735.0,5.0,"$10,200"
Nissan,Blue,126672.0,4.0,"$8,500"
Toyota,White,79190.0,5.0,"$12,300"
Toyota,Blue,3000.0,3.0,"$12,300"
Nissan,Blue,154778.0,4.0,"$3,800"
Toyota,Green,73756.0,4.0,"$7,300"
Toyota,Red,150175.0,5.0,"$10,000"
Nissan,White,158223.0,4.0,"$2,500"
Nissan,Red,103014.0,4.0,"$6,400"
Toyota,Blue,83410.0,4.0,"$8,900"
Toyota,Red,80002.0,5.0,"$14,300"
Honda,Silver,3000.0,5.0,"$19,700"
Honda,White,115224.0,5.0,"$9,000"
Toyota,Blue,145155.0,4.0,"$3,300"
Honda,Blue,60094.0,5.0,"$11,300"
Honda,Black,157546.0,5.0,"$7,200"
Toyota,Red,121402.0,3.0,"$6,200"
Toyota,Black,123315.0,4.0,"$14,600"
Honda,White,139785.0,5.0,"$7,700"
BMW,Black,93370.0,5.0,"$28,600"
Honda,Blue,116316.0,4.0,"$11,600"
Honda,Silver,145014.0,4.0,"$6,700"
Nissan,Silver,147945.0,4.0,"$4,200"
Toyota,Blue,50000.0,4.0,"$11,500"
Toyota,Black,94033.0,4.0,"$5,300"
Honda,Silver,133295.0,4.0,"$2,500"
,,239170.0,4.0,"$8,300"
Honda,Red,79471.0,4.0,"$9,900"
Nissan,White,128966.0,4.0,"$4,500"
Honda,Black,101245.0,4.0,"$8,800"
Nissan,Red,106720.0,4.0,"$7,400"
Honda,White,28950.0,4.0,"$12,600"
BMW,White,71864.0,4.0,"$25,800"
BMW,Blue,55935.0,5.0,"$33,700"
Nissan,Blue,92195.0,4.0,"$8,300"
Toyota,Blue,165459.0,4.0,"$6,700"
Nissan,Blue,124009.0,5.0,"$6,700"
Toyota,White,162343.0,4.0,"$6,300"
BMW,Blue,118900.0,5.0,"$22,700"
Toyota,Green,53308.0,4.0,"$13,800"
Honda,Black,77375.0,4.0,"$12,200"
BMW,Black,3000.0,4.0,"$28,400"
Toyota,Red,74100.0,5.0,"$8,500"
Toyota,Black,,3.0,"$9,000"
Nissan,White,109312.0,5.0,"$4,100"
Honda,White,107181.0,4.0,"$12,900"
Toyota,Blue,112608.0,4.0,"$12,000"
Toyota,Red,154917.0,4.0,"$11,300"
Toyota,Green,195247.0,3.0,"$2,500"
Toyota,Black,60638.0,4.0,"$14,700"
Nissan,Black,151662.0,5.0,"$7,900"
Toyota,Red,196242.0,4.0,"$5,500"
Toyota,Blue,120160.0,4.0,"$6,000"
BMW,Black,154683.0,4.0,"$19,000"
Nissan,White,94739.0,,"$7,400"
Nissan,Silver,75885.0,4.0,"$6,700"
Honda,White,66862.0,5.0,"$7,300"
Toyota,White,57163.0,5.0,"$19,100"
BMW,Blue,95897.0,5.0,"$30,500"
Nissan,Black,177923.0,4.0,"$8,700"
Honda,Black,6971.0,4.0,"$10,000"
Nissan,Red,66991.0,4.0,"$7,600"
Toyota,Blue,82370.0,5.0,"$10,100"
Toyota,White,109404.0,4.0,"$9,800"
Nissan,Black,71521.0,4.0,"$3,300"
Honda,Black,44342.0,5.0,"$11,000"
Toyota,White,85151.0,5.0,"$7,900"
Toyota,White,72478.0,4.0,"$7,800"
Honda,Black,85960.0,4.0,"$6,700"
Toyota,White,53856.0,4.0,"$8,100"
Nissan,Silver,103403.0,5.0,"$5,700"
Nissan,Silver,162779.0,4.0,"$5,600"
BMW,White,62066.0,4.0,"$20,200"
Honda,Red,110264.0,4.0,
Nissan,Red,119990.0,4.0,"$10,500"
Honda,Silver,114062.0,4.0,"$11,200"
Nissan,White,119479.0,4.0,"$8,200"
Toyota,Black,56567.0,4.0,"$10,900"
Honda,Blue,108769.0,4.0,"$9,700"
BMW,Blue,86319.0,3.0,
Toyota,White,23901.0,3.0,"$9,700"
Honda,Black,103019.0,4.0,"$7,000"
Nissan,Red,260000.0,4.0,"$2,500"
Nissan,Blue,107613.0,4.0,"$5,700"
BMW,Black,44833.0,5.0,"$27,300"
Honda,Red,97375.0,4.0,"$7,700"
Nissan,Black,96703.0,4.0,"$11,300"
Honda,White,158456.0,4.0,"$7,100"
Toyota,White,28254.0,5.0,"$15,900"
Honda,Silver,166605.0,4.0,"$10,100"
Toyota,Green,136190.0,3.0,"$11,400"
Honda,Red,94562.0,4.0,"$11,100"
Toyota,Blue,62599.0,4.0,"$12,700"
Toyota,Red,167135.0,4.0,"$4,900"
Nissan,Blue,63759.0,4.0,"$9,300"
Nissan,Silver,99306.0,4.0,"$9,200"
Honda,Blue,70243.0,4.0,"$15,600"
Toyota,White,30936.0,4.0,"$17,400"
Toyota,Blue,58227.0,4.0,"$6,300"
Toyota,White,110369.0,5.0,"$9,500"
Honda,Blue,38738.0,4.0,
Toyota,Black,97565.0,4.0,"$13,500"
Honda,White,120077.0,4.0,"$8,300"
Honda,White,114984.0,5.0,"$9,000"
BMW,Silver,4951.0,3.0,"$18,000"
Honda,Silver,82247.0,4.0,"$9,500"
Toyota,Red,142251.0,4.0,"$10,400"
BMW,Blue,90415.0,4.0,"$22,200"
Toyota,Black,26206.0,5.0,"$15,800"
Toyota,Black,125308.0,4.0,
BMW,Black,29957.0,3.0,"$21,700"
Toyota,Red,104154.0,4.0,"$7,200"
BMW,Blue,63398.0,5.0,"$24,600"
Toyota,White,89724.0,5.0,"$9,000"
Nissan,Red,76216.0,4.0,"$5,600"
Toyota,Blue,117763.0,5.0,"$11,700"
Honda,Black,55010.0,4.0,"$16,000"
Nissan,Black,94382.0,4.0,"$11,800"
Toyota,Red,64609.0,3.0,"$4,200"
Toyota,Black,118914.0,4.0,"$10,200"
Nissan,Blue,113926.0,4.0,"$5,000"
Nissan,Red,110063.0,5.0,"$6,100"
Toyota,Green,82277.0,4.0,"$12,900"
Nissan,Silver,122316.0,4.0,"$8,000"
BMW,Silver,55261.0,5.0,"$24,200"
Honda,Red,36632.0,4.0,"$10,800"
Toyota,Blue,3000.0,3.0,"$11,800"
Honda,Red,88070.0,5.0,"$11,900"
Honda,Black,79103.0,4.0,"$11,300"
Honda,Silver,3000.0,4.0,"$13,500"
Honda,Blue,11383.0,4.0,"$9,600"
Toyota,Green,88267.0,4.0,"$14,000"
Nissan,White,132787.0,4.0,"$5,900"
Toyota,Green,96984.0,4.0,"$7,300"
Nissan,Black,81536.0,4.0,"$9,600"
Nissan,Red,34419.0,4.0,"$11,900"
Toyota,Red,77797.0,4.0,"$13,600"
BMW,Blue,105365.0,3.0,"$11,500"
BMW,Grey,40573.0,3.0,"$19,900"
Nissan,Blue,10487.0,5.0,"$9,600"
Honda,Black,209180.0,4.0,"$6,000"
Honda,Black,184029.0,5.0,"$8,500"
Toyota,Blue,59424.0,4.0,"$10,700"
Toyota,Blue,128598.0,4.0,"$10,100"
Nissan,Black,79668.0,5.0,"$5,300"
Toyota,Black,260000.0,4.0,"$2,500"
Honda,Black,76364.0,4.0,"$10,800"
Honda,Blue,80349.0,4.0,"$10,300"
Honda,White,153773.0,4.0,"$6,200"
Toyota,Red,37539.0,4.0,"$12,400"
Toyota,Red,73851.0,5.0,"$16,400"
Toyota,Green,158898.0,4.0,"$7,000"
Nissan,Silver,40390.0,4.0,"$7,100"
Toyota,Blue,98786.0,5.0,"$11,900"
Nissan,Red,91021.0,4.0,"$6,400"
Toyota,White,67174.0,4.0,"$11,600"
Toyota,Black,3000.0,5.0,"$12,000"
,White,65393.0,3.0,"$14,700"
Toyota,White,55681.0,4.0,"$12,800"
Toyota,Green,109780.0,3.0,"$12,200"
Honda,Black,152603.0,4.0,"$6,700"
Toyota,Green,73274.0,4.0,"$8,500"
Honda,Black,80428.0,4.0,"$8,900"
Toyota,White,126788.0,4.0,"$10,200"
Nissan,Red,145140.0,4.0,"$8,400"
Nissan,Silver,216320.0,5.0,"$3,000"
Nissan,Silver,173569.0,4.0,"$3,100"
Honda,White,148880.0,4.0,"$10,000"
BMW,Black,107353.0,4.0,"$24,100"
Toyota,Red,63245.0,4.0,"$7,200"
Nissan,Red,109757.0,4.0,"$10,800"
Toyota,White,81888.0,4.0,"$13,500"
Nissan,Blue,159261.0,4.0,"$3,800"
BMW,Grey,120286.0,5.0,"$4,400"
Toyota,Black,34416.0,4.0,"$10,500"
Toyota,Green,55374.0,4.0,"$12,600"
Honda,White,105921.0,4.0,"$10,000"
Honda,Red,120611.0,4.0,"$5,100"
Honda,Blue,33527.0,4.0,"$13,400"
Toyota,White,65227.0,4.0,"$6,700"
Toyota,Black,148509.0,5.0,"$13,200"
Nissan,Red,199201.0,5.0,"$3,800"
BMW,Black,91289.0,4.0,"$33,100"
Nissan,Black,76080.0,4.0,"$11,600"
Honda,Blue,105219.0,4.0,"$11,500"
Nissan,Red,122421.0,4.0,"$9,600"
Honda,White,102729.0,4.0,"$4,500"
Nissan,Silver,193307.0,4.0,"$2,500"
Nissan,Silver,182171.0,4.0,"$3,400"
Toyota,Black,159152.0,5.0,"$11,900"
Honda,Silver,112646.0,5.0,"$10,800"
Toyota,White,119976.0,4.0,"$2,700"
Nissan,,118626.0,5.0,"$4,300"
Nissan,White,121586.0,4.0,"$3,400"
Honda,Red,35122.0,4.0,"$16,800"
Honda,White,143333.0,4.0,"$7,100"
Nissan,Silver,122347.0,5.0,"$6,500"
Toyota,Black,127633.0,4.0,"$6,800"
Honda,Blue,139699.0,4.0,"$6,400"
Toyota,Green,76167.0,4.0,"$10,600"
Honda,White,63624.0,4.0,"$11,800"
Honda,Silver,66206.0,5.0,"$12,800"
Toyota,Black,161232.0,4.0,"$5,100"
Toyota,Black,91210.0,4.0,"$12,200"
Honda,Silver,,4.0,"$11,900"
BMW,White,88326.0,3.0,"$30,300"
Honda,White,62912.0,4.0,"$8,000"
Toyota,Red,82005.0,5.0,"$8,400"
Honda,White,119095.0,4.0,"$4,700"
Honda,Silver,203984.0,5.0,"$8,900"
Honda,Blue,92603.0,4.0,"$12,000"
Nissan,White,20339.0,4.0,"$17,700"
Toyota,Blue,67308.0,4.0,"$11,200"
BMW,White,3000.0,5.0,"$32,000"
Toyota,White,,4.0,"$13,200"
Toyota,Red,69697.0,4.0,"$7,900"
Nissan,Red,66955.0,4.0,"$9,400"
Toyota,Blue,31362.0,3.0,"$10,000"
Honda,Silver,123837.0,5.0,"$16,500"
Toyota,Blue,122834.0,4.0,"$6,000"
Honda,Black,74378.0,5.0,"$11,300"
BMW,Grey,50324.0,4.0,"$31,800"
Toyota,White,109308.0,4.0,
Toyota,Blue,81648.0,4.0,"$15,200"
Nissan,White,102676.0,4.0,"$4,700"
Honda,Silver,196511.0,5.0,"$2,500"
Toyota,Black,59585.0,5.0,"$10,900"
Honda,Black,212398.0,4.0,"$9,400"
,Grey,127744.0,4.0,"$20,100"
Nissan,Red,247865.0,4.0,"$2,500"
Honda,Silver,138908.0,5.0,"$8,600"
Honda,White,89625.0,5.0,"$9,500"
Nissan,Silver,100260.0,4.0,"$9,000"
Honda,White,109625.0,4.0,"$8,600"
Honda,White,164457.0,5.0,"$2,500"
Nissan,Black,140553.0,4.0,"$7,600"
Honda,Blue,147054.0,4.0,"$6,600"
Toyota,Green,108811.0,3.0,"$11,200"
Nissan,Red,195505.0,4.0,"$2,500"
Nissan,White,126950.0,5.0,"$11,200"
BMW,Black,3000.0,5.0,"$24,600"
Toyota,Red,174223.0,5.0,"$10,700"
Nissan,Red,141256.0,4.0,"$4,100"
Nissan,Black,62618.0,5.0,"$8,500"
Toyota,Blue,178496.0,4.0,"$4,300"
Toyota,White,103273.0,4.0,"$7,500"
Honda,Blue,132453.0,4.0,"$5,900"
Toyota,Green,92925.0,3.0,"$3,400"
Toyota,White,14104.0,5.0,"$14,900"
Honda,White,28392.0,5.0,"$19,500"
Nissan,Red,3000.0,4.0,"$9,700"
Toyota,White,98868.0,4.0,"$9,000"
Nissan,Red,50167.0,4.0,"$7,100"
Toyota,Green,46485.0,4.0,"$11,000"
Toyota,Black,199500.0,3.0,"$5,000"
Toyota,White,159510.0,3.0,"$8,000"
Honda,Blue,145465.0,4.0,"$2,500"
BMW,Grey,52212.0,5.0,"$35,000"
Toyota,Green,68269.0,3.0,"$15,600"
Honda,White,163226.0,4.0,"$4,700"
Toyota,Blue,71835.0,5.0,"$8,800"
Toyota,Red,65261.0,5.0,"$8,300"
Nissan,Black,136013.0,4.0,"$2,500"
Toyota,Red,129394.0,4.0,"$10,600"
Honda,Blue,12262.0,4.0,"$17,800"
Nissan,White,140762.0,4.0,"$7,400"
Nissan,Red,69514.0,4.0,"$10,300"
Honda,White,146066.0,4.0,
Toyota,Blue,202099.0,4.0,"$5,400"
Nissan,Black,175884.0,4.0,"$4,800"
Honda,Black,120105.0,4.0,"$3,300"
Honda,White,109810.0,4.0,"$6,400"
Nissan,Blue,64601.0,4.0,"$13,500"
Honda,Red,81739.0,4.0,"$6,800"
BMW,Black,49916.0,4.0,"$17,700"
BMW,Grey,125223.0,3.0,"$16,900"
Toyota,Red,125523.0,4.0,"$13,100"
Nissan,White,83991.0,4.0,"$9,500"
Nissan,White,54315.0,4.0,"$15,900"
Nissan,Black,164437.0,4.0,"$4,100"
Nissan,Silver,68721.0,4.0,"$8,600"
Nissan,Blue,92960.0,5.0,"$13,500"
Honda,Black,33174.0,4.0,"$12,800"
Toyota,Blue,97046.0,4.0,"$9,800"
Toyota,Green,92351.0,4.0,"$9,400"
Honda,Black,133907.0,4.0,"$9,500"
Honda,White,112107.0,4.0,"$2,500"
Toyota,Red,113589.0,4.0,"$4,000"
Toyota,Blue,131608.0,3.0,"$12,400"
Toyota,White,49835.0,4.0,"$11,600"
BMW,Blue,39827.0,4.0,"$34,400"
Nissan,Black,117321.0,4.0,"$11,300"
Nissan,Blue,135170.0,4.0,"$6,300"
Nissan,Red,115819.0,4.0,"$8,600"
BMW,Black,3000.0,,"$28,000"
Nissan,White,108077.0,4.0,"$8,900"
Honda,Blue,82990.0,5.0,"$7,400"
BMW,Silver,65308.0,4.0,"$18,200"
BMW,Grey,3000.0,4.0,"$32,800"
Toyota,Red,128111.0,4.0,"$10,100"
Toyota,White,165752.0,4.0,"$4,900"
Honda,Black,23306.0,4.0,"$12,700"
Toyota,White,79929.0,4.0,"$8,300"
Nissan,Blue,107528.0,4.0,"$5,400"
Honda,White,3871.0,5.0,"$13,000"
Nissan,Red,48362.0,4.0,"$10,300"
Toyota,Red,63886.0,4.0,"$15,200"
Toyota,Blue,181401.0,4.0,"$8,400"
BMW,Silver,3000.0,5.0,"$38,700"
Toyota,Red,179937.0,4.0,"$6,300"
Toyota,Green,166792.0,5.0,"$5,200"
Toyota,Black,3000.0,4.0,"$12,400"
Toyota,White,187923.0,5.0,"$2,500"
Honda,White,91977.0,5.0,"$10,300"
Toyota,Blue,71325.0,3.0,"$9,100"
Toyota,Green,101756.0,4.0,"$7,500"
Toyota,Green,24052.0,4.0,"$13,700"
,Red,153815.0,3.0,"$9,300"
Toyota,White,55893.0,3.0,"$7,300"
Honda,Black,78358.0,4.0,"$15,000"
Honda,Blue,122988.0,4.0,"$10,100"
BMW,Silver,102373.0,4.0,"$26,300"
Toyota,White,104271.0,5.0,"$12,700"
Toyota,White,69599.0,4.0,"$7,000"
Nissan,Red,152487.0,4.0,"$8,000"
Toyota,Green,39851.0,5.0,"$15,600"
Nissan,Silver,206122.0,4.0,"$2,500"
Toyota,Black,55463.0,5.0,"$13,500"
Honda,Blue,65574.0,4.0,"$8,800"
Toyota,Black,120525.0,3.0,"$3,300"
Nissan,Silver,31139.0,4.0,"$10,700"
Honda,Black,90929.0,5.0,"$11,500"
Honda,Blue,182010.0,4.0,"$5,500"
Nissan,Black,145497.0,4.0,"$2,900"
Nissan,Silver,155004.0,5.0,"$4,200"
Honda,Silver,95428.0,4.0,"$9,000"
BMW,Blue,108384.0,4.0,"$14,600"
Honda,Red,3000.0,4.0,"$12,900"
Nissan,Blue,138237.0,5.0,"$6,600"
BMW,Silver,116752.0,4.0,"$25,700"
Nissan,Black,,5.0,"$3,200"
Toyota,White,85659.0,5.0,"$14,800"
BMW,Silver,48533.0,5.0,"$27,000"
Honda,Silver,112225.0,4.0,"$5,500"
Honda,White,121915.0,4.0,"$13,000"
Toyota,Green,89013.0,4.0,"$6,300"
Honda,Blue,88803.0,4.0,"$2,900"
Toyota,Black,115518.0,4.0,"$11,000"
Nissan,Silver,205835.0,4.0,"$2,500"
Nissan,Silver,134875.0,4.0,"$3,600"
Nissan,Black,92040.0,4.0,"$4,000"
Nissan,Blue,101091.0,4.0,"$6,500"
BMW,White,77566.0,4.0,"$20,600"
Nissan,Black,116667.0,4.0,"$5,900"
Toyota,Green,80762.0,4.0,"$10,600"
BMW,Silver,66701.0,3.0,"$29,300"
BMW,White,59932.0,5.0,"$23,900"
BMW,White,57406.0,4.0,"$21,000"
Nissan,White,91844.0,4.0,"$13,100"
Honda,Silver,48191.0,5.0,"$11,400"
BMW,White,48725.0,5.0,"$25,100"
Honda,Silver,76100.0,4.0,"$11,100"
Honda,Blue,9911.0,4.0,"$16,400"
Honda,Black,122363.0,4.0,"$4,500"
Nissan,Red,3000.0,4.0,"$9,300"
Nissan,Blue,98410.0,4.0,
BMW,Blue,87816.0,4.0,"$12,400"
Honda,White,58896.0,4.0,"$10,900"
BMW,White,75654.0,5.0,"$16,900"
Toyota,Red,90980.0,5.0,"$8,800"
Toyota,Red,40604.0,4.0,"$13,600"
BMW,Grey,97502.0,4.0,"$29,100"
BMW,White,89124.0,4.0,"$20,900"
BMW,White,95011.0,5.0,"$26,500"
Honda,Silver,98429.0,4.0,"$7,400"
Toyota,Red,72162.0,5.0,"$12,200"
Honda,Red,209113.0,5.0,"$5,400"
Honda,Silver,62662.0,4.0,"$8,400"
Honda,Blue,68395.0,5.0,"$17,800"
BMW,Grey,48231.0,4.0,"$31,900"
BMW,,49211.0,4.0,"$27,600"
Nissan,Black,156337.0,5.0,"$4,200"
Toyota,Black,64662.0,4.0,"$17,300"
Toyota,Blue,149198.0,3.0,"$9,400"
Honda,,129789.0,5.0,"$9,600"
Nissan,Blue,224995.0,4.0,"$2,500"
Nissan,Blue,144326.0,4.0,"$2,500"
Nissan,Silver,65802.0,4.0,"$5,900"
BMW,White,118510.0,4.0,"$6,100"
Honda,Silver,72689.0,5.0,"$2,500"
Toyota,Black,54773.0,5.0,"$11,600"
Toyota,Black,170013.0,4.0,"$8,300"
Honda,Red,52009.0,4.0,"$14,400"
Toyota,Green,98927.0,4.0,"$9,600"
Honda,Red,34271.0,5.0,"$9,800"
Toyota,White,55094.0,5.0,"$13,100"
Toyota,Red,102050.0,5.0,"$15,500"
BMW,Black,81172.0,5.0,"$7,800"
BMW,Blue,76030.0,4.0,"$15,300"
Nissan,Red,57905.0,4.0,"$7,100"
Honda,Black,60159.0,5.0,"$7,700"
BMW,Grey,73546.0,5.0,"$16,300"
BMW,Silver,79980.0,3.0,"$38,200"
BMW,Silver,9166.0,3.0,"$25,200"
Toyota,Black,3000.0,4.0,"$13,900"
Honda,Blue,122850.0,5.0,"$10,800"
Toyota,Black,102022.0,4.0,"$13,100"
Honda,White,,4.0,"$8,900"
Toyota,Blue,70828.0,4.0,"$6,800"
Honda,White,72504.0,4.0,"$7,600"
Honda,Black,113664.0,4.0,"$5,100"
Nissan,Blue,107921.0,5.0,"$9,900"
Honda,White,87166.0,4.0,"$6,900"
Toyota,Blue,159090.0,4.0,
Honda,White,76265.0,4.0,"$10,100"
Honda,Silver,92763.0,4.0,"$10,000"
Toyota,Black,129742.0,4.0,"$8,800"
Toyota,Red,78860.0,4.0,"$9,600"
Toyota,Red,66201.0,3.0,"$13,200"
Toyota,Black,64380.0,5.0,"$15,400"
Toyota,White,98987.0,3.0,"$7,600"
Toyota,White,130157.0,4.0,"$6,400"
BMW,Blue,91803.0,4.0,"$25,300"
Toyota,Red,66991.0,5.0,"$13,900"
Nissan,Blue,142609.0,5.0,"$9,100"
Honda,Black,138375.0,4.0,"$9,000"
Toyota,White,39365.0,3.0,"$19,900"
Nissan,Blue,33397.0,5.0,"$13,600"
Toyota,White,120426.0,4.0,"$5,400"
BMW,Grey,59779.0,4.0,"$24,900"
Honda,Silver,154667.0,4.0,"$4,400"
Toyota,Red,84378.0,3.0,"$2,500"
Nissan,Blue,209146.0,4.0,
Toyota,Green,114999.0,4.0,"$8,400"
Honda,Silver,87295.0,4.0,"$12,200"
Nissan,Silver,,5.0,"$3,800"
Toyota,Blue,132064.0,4.0,"$9,600"
Toyota,Green,150911.0,5.0,"$6,200"
Honda,Blue,143618.0,5.0,"$11,000"
Toyota,Red,154291.0,4.0,"$5,300"
Toyota,Blue,89246.0,4.0,"$11,300"
BMW,Grey,7424.0,4.0,"$38,300"
Toyota,Blue,97361.0,5.0,"$11,800"
Honda,Blue,64303.0,4.0,"$6,700"
Nissan,Red,78174.0,4.0,"$8,800"
Toyota,White,133018.0,5.0,"$9,800"
Toyota,Black,116029.0,4.0,"$8,500"
Toyota,White,123804.0,4.0,"$13,700"
BMW,Grey,,5.0,"$29,800"
BMW,Blue,77348.0,4.0,"$14,800"
Toyota,,43677.0,3.0,"$13,500"
BMW,White,64540.0,4.0,"$28,100"
Toyota,White,185174.0,5.0,"$9,100"
Toyota,,163462.0,4.0,"$7,400"
BMW,Blue,31096.0,4.0,"$26,400"
BMW,Black,31200.0,5.0,"$37,900"
BMW,Black,98196.0,5.0,"$28,000"
Honda,Blue,151325.0,4.0,"$2,500"
Honda,White,120230.0,4.0,"$4,200"
Honda,Silver,91651.0,4.0,"$8,600"
Honda,White,123763.0,4.0,"$8,700"
Toyota,Blue,167946.0,4.0,"$4,900"
Toyota,Blue,134873.0,3.0,"$8,000"
Nissan,Black,20423.0,4.0,"$9,000"
Nissan,Silver,103606.0,4.0,"$10,200"
BMW,Black,84476.0,5.0,"$17,600"
Honda,Blue,85264.0,4.0,"$15,800"
Nissan,White,118228.0,4.0,"$5,700"
Honda,Red,115603.0,4.0,"$10,500"
Nissan,Black,86454.0,4.0,"$9,500"
Toyota,Black,80897.0,4.0,"$13,500"
Toyota,Red,106824.0,4.0,"$11,200"
Honda,Black,55559.0,4.0,"$8,900"
Honda,White,137383.0,4.0,"$7,100"
Nissan,Blue,127961.0,4.0,"$5,200"
Honda,Silver,135138.0,4.0,"$5,700"
BMW,Black,59304.0,5.0,"$31,500"
Toyota,Green,158994.0,4.0,"$5,000"
Honda,White,186064.0,4.0,"$6,000"
Toyota,White,43767.0,4.0,"$13,900"
Nissan,Silver,90552.0,5.0,"$9,700"
Nissan,Red,109600.0,4.0,"$7,000"
Honda,Silver,48243.0,5.0,"$15,300"
BMW,Blue,16442.0,5.0,"$21,000"
BMW,Grey,80429.0,4.0,"$34,900"
Honda,Black,75075.0,4.0,"$12,600"
Honda,Black,143520.0,5.0,"$10,400"
Nissan,Silver,94572.0,4.0,"$4,900"
Nissan,Silver,3000.0,4.0,"$11,300"
Nissan,Silver,177972.0,4.0,"$2,500"
Nissan,Red,151211.0,5.0,"$3,100"
Toyota,White,103515.0,4.0,"$12,200"
Honda,Silver,60344.0,4.0,"$11,500"
Honda,Blue,72075.0,4.0,"$12,500"
Toyota,White,110236.0,3.0,"$8,900"
Toyota,Green,179034.0,4.0,"$7,800"
Nissan,Blue,73340.0,5.0,"$9,100"
Honda,Silver,88356.0,4.0,"$9,900"
Honda,,213176.0,5.0,"$5,800"
Toyota,Green,,3.0,"$11,300"
Toyota,Blue,3000.0,3.0,"$12,700"
Nissan,Blue,3000.0,4.0,"$9,600"
Toyota,White,18922.0,4.0,"$15,100"
Toyota,Green,98028.0,,"$11,200"
Honda,Silver,86981.0,5.0,"$6,300"
Toyota,Green,124703.0,4.0,"$14,400"
Toyota,Blue,119279.0,5.0,"$8,500"
Toyota,Green,23740.0,4.0,"$10,100"
Honda,Red,113745.0,4.0,"$11,500"
Toyota,Black,111565.0,4.0,"$12,300"
,Red,125968.0,4.0,"$9,200"
Toyota,Blue,63759.0,4.0,"$12,300"
Honda,Black,51277.0,4.0,"$11,600"
Nissan,Silver,130528.0,4.0,"$10,400"
Nissan,Black,38655.0,4.0,"$11,700"
Honda,Blue,163099.0,4.0,"$8,400"
Honda,Black,131981.0,5.0,"$10,300"
Honda,Silver,154320.0,5.0,"$4,000"
Toyota,Green,25931.0,4.0,"$12,900"
Nissan,Red,3000.0,4.0,"$15,000"
Toyota,Green,161477.0,4.0,"$5,100"
Nissan,Silver,91236.0,5.0,"$8,400"
Honda,Red,94496.0,4.0,"$9,600"
Honda,Red,118795.0,5.0,"$8,200"
Toyota,White,147046.0,4.0,"$9,300"
BMW,Grey,39507.0,4.0,"$35,100"
Toyota,Blue,27370.0,4.0,"$13,200"
Nissan,Blue,166147.0,5.0,"$3,100"
Toyota,White,,4.0,"$11,200"
Honda,Black,50694.0,4.0,"$11,400"
Toyota,Red,89861.0,4.0,"$8,700"
Nissan,Blue,240893.0,4.0,"$2,500"
Honda,Black,140236.0,4.0,"$6,200"
Honda,White,39841.0,4.0,"$12,200"
Nissan,Red,148349.0,4.0,"$7,400"
Honda,Red,166988.0,4.0,"$14,600"
Nissan,Red,126028.0,5.0,"$5,000"
Nissan,Silver,137360.0,4.0,"$5,000"
Nissan,White,163854.0,4.0,"$2,500"
Honda,Black,205680.0,4.0,"$6,900"
Toyota,Black,10431.0,4.0,"$12,200"
Toyota,Blue,140436.0,5.0,"$12,600"
Honda,Blue,30932.0,4.0,"$14,400"
Toyota,Black,3000.0,4.0,"$14,600"
Nissan,Red,174274.0,4.0,"$2,500"
Toyota,Red,19640.0,4.0,"$14,200"
Toyota,White,66554.0,4.0,"$13,700"
Honda,Red,49504.0,4.0,"$9,000"
Nissan,Silver,3000.0,5.0,"$13,200"
Toyota,Black,89632.0,,"$7,000"
Honda,Blue,101302.0,4.0,"$12,100"
Honda,Black,81652.0,4.0,"$11,000"
Toyota,Red,112212.0,4.0,"$5,500"
Nissan,White,227168.0,4.0,"$2,500"
Honda,Red,123493.0,4.0,"$10,200"
Honda,Silver,85299.0,5.0,"$12,400"
Toyota,Black,110782.0,5.0,"$6,000"
Nissan,Blue,93392.0,4.0,"$6,100"
Toyota,Blue,,4.0,"$7,100"
Honda,Silver,146068.0,5.0,"$12,500"
Toyota,Green,148856.0,4.0,"$11,200"
Nissan,Black,92700.0,4.0,"$6,300"
Nissan,Silver,68399.0,4.0,"$10,600"
Toyota,White,109807.0,4.0,"$9,400"
Toyota,Blue,165347.0,4.0,"$8,300"
Nissan,Black,65035.0,4.0,"$7,500"
Toyota,White,133463.0,3.0,"$11,000"
Nissan,Blue,142894.0,5.0,"$11,000"
,Blue,183020.0,4.0,"$7,600"
BMW,Silver,29779.0,4.0,"$18,400"
Nissan,Red,90306.0,4.0,"$9,700"
Toyota,Blue,192985.0,3.0,"$6,100"
Honda,White,148098.0,5.0,"$6,800"
BMW,Silver,91156.0,4.0,"$29,400"
Honda,Blue,3000.0,5.0,"$13,100"
Nissan,Blue,165183.0,4.0,"$5,000"
Toyota,Blue,35781.0,4.0,"$5,300"
Honda,Blue,74442.0,,"$10,000"
Nissan,Blue,62500.0,4.0,"$9,500"
Toyota,Blue,124332.0,5.0,"$11,800"
Nissan,Silver,3000.0,4.0,"$8,600"
Toyota,Black,82159.0,,"$13,000"
BMW,Silver,85547.0,4.0,"$27,400"
Nissan,Red,90528.0,4.0,"$6,800"
Nissan,Black,71213.0,4.0,"$11,000"
Nissan,Black,60452.0,4.0,"$11,700"
Honda,Black,101976.0,4.0,"$9,100"
Honda,White,60477.0,4.0,"$6,900"
Toyota,White,64322.0,3.0,"$9,800"
Toyota,White,3000.0,4.0,"$14,000"
Toyota,Green,146066.0,4.0,"$9,000"
Toyota,Red,72197.0,3.0,"$10,500"
BMW,Silver,41641.0,5.0,"$28,100"
BMW,Grey,129684.0,3.0,"$27,600"
Toyota,White,125081.0,4.0,"$7,300"
Nissan,Red,153996.0,5.0,"$2,500"
Toyota,Green,84877.0,3.0,"$11,100"
Honda,Blue,127540.0,4.0,"$9,800"
Toyota,Black,113331.0,3.0,"$8,100"
Toyota,Green,125974.0,3.0,"$4,200"
Honda,Black,51455.0,5.0,"$12,500"
Honda,Blue,100313.0,5.0,"$4,300"
Toyota,White,121667.0,4.0,"$11,600"
Nissan,Blue,107672.0,5.0,"$13,900"
Toyota,,62487.0,4.0,"$10,700"
Toyota,Black,77456.0,4.0,"$11,100"
Honda,Silver,76221.0,4.0,"$6,000"
Toyota,Black,69579.0,3.0,"$10,500"
Nissan,Black,180800.0,4.0,"$9,500"
Toyota,Blue,167444.0,5.0,"$5,100"
Nissan,Blue,73034.0,4.0,"$8,200"
Honda,Silver,177658.0,4.0,"$5,000"
Toyota,Blue,28969.0,4.0,"$11,800"
Toyota,Green,137366.0,3.0,"$9,000"
Honda,Silver,82389.0,4.0,"$12,000"
Nissan,White,3000.0,4.0,"$12,200"
Nissan,Black,160198.0,4.0,"$2,600"
Toyota,Black,54510.0,3.0,"$5,600"
Toyota,Red,180674.0,3.0,"$3,000"
Nissan,Silver,125498.0,4.0,"$7,800"
Nissan,Red,196675.0,4.0,"$2,500"
Nissan,Silver,81791.0,4.0,"$8,800"
Nissan,White,183908.0,4.0,"$3,000"
Toyota,Blue,48346.0,4.0,"$7,500"
Nissan,Silver,43607.0,5.0,"$13,000"
Honda,Red,76610.0,4.0,"$8,200"
Toyota,Red,60769.0,5.0,"$12,800"
Toyota,White,85548.0,3.0,"$9,000"
Nissan,Red,187562.0,5.0,"$7,800"
Toyota,Green,14278.0,3.0,"$13,600"
BMW,Grey,32371.0,4.0,"$25,100"
Honda,Black,106845.0,5.0,"$9,000"
Honda,Blue,103062.0,4.0,"$10,900"
Honda,White,106139.0,4.0,"$6,900"
Toyota,Red,65281.0,4.0,"$7,000"
Toyota,Black,53596.0,5.0,"$19,500"
Honda,Red,53983.0,4.0,"$7,500"
Nissan,Red,129915.0,5.0,"$6,300"
Honda,Blue,82611.0,5.0,"$14,800"
Honda,Red,118358.0,5.0,"$7,200"
,Red,71625.0,4.0,"$8,800"
BMW,Black,101739.0,5.0,"$22,400"
Toyota,Green,4756.0,3.0,
Toyota,Red,18074.0,4.0,"$20,800"
Toyota,Green,47785.0,3.0,
BMW,White,75844.0,3.0,"$22,000"
Nissan,Silver,95758.0,5.0,"$9,400"
Honda,Black,165258.0,4.0,"$8,500"
Nissan,Blue,194796.0,4.0,"$2,500"
Nissan,Black,129772.0,4.0,"$6,600"
BMW,Black,79745.0,4.0,"$33,700"
Honda,Silver,81402.0,4.0,"$8,800"
Honda,Silver,117631.0,4.0,"$3,000"
Toyota,Blue,85683.0,4.0,"$10,300"
Honda,Blue,47822.0,4.0,"$14,700"
Honda,Black,41012.0,5.0,"$12,400"
Nissan,Black,128416.0,4.0,"$9,800"
Toyota,Green,97451.0,5.0,"$13,200"
Nissan,Red,151233.0,4.0,"$5,200"
Toyota,Blue,41345.0,4.0,"$8,200"
Honda,Silver,97112.0,4.0,"$7,700"
Toyota,Green,145801.0,4.0,"$9,600"
Honda,Red,83138.0,5.0,"$7,000"
Honda,Silver,116515.0,4.0,"$5,300"
Nissan,White,69526.0,5.0,"$7,000"
Toyota,Red,90797.0,4.0,"$14,100"
Honda,Blue,91758.0,4.0,"$8,100"
Toyota,Green,18668.0,4.0,"$15,000"
Honda,Black,54540.0,5.0,"$12,500"
Nissan,White,92163.0,4.0,
Honda,Red,84452.0,4.0,"$9,500"
Honda,Black,115315.0,4.0,"$14,900"
Nissan,Black,161753.0,4.0,"$4,500"
BMW,Silver,65134.0,4.0,"$21,900"
Nissan,Red,58800.0,4.0,"$7,700"
Nissan,Blue,68759.0,4.0,"$10,500"
Toyota,Black,42297.0,5.0,"$18,000"
Honda,White,128098.0,5.0,"$8,500"
Toyota,Black,,4.0,"$8,600"
Honda,Red,104964.0,4.0,"$12,000"
Nissan,Blue,72623.0,5.0,"$5,300"
Toyota,White,134567.0,3.0,"$8,600"
Toyota,Green,39749.0,5.0,"$10,600"
BMW,White,28917.0,5.0,"$22,900"
Toyota,Red,81168.0,3.0,"$9,100"
Nissan,White,75555.0,4.0,"$6,600"
Toyota,Black,86103.0,4.0,"$11,500"
BMW,Silver,51715.0,4.0,"$33,500"
Nissan,White,140452.0,4.0,"$2,500"
Toyota,White,,4.0,"$10,900"
,White,71132.0,4.0,"$6,000"
Nissan,Red,112451.0,4.0,"$6,600"
BMW,Blue,17890.0,5.0,"$18,700"
Nissan,Black,107097.0,4.0,"$6,700"
BMW,Grey,47474.0,5.0,"$26,200"
Nissan,White,50244.0,4.0,"$8,600"
BMW,Silver,87399.0,5.0,"$22,700"
Toyota,Red,11057.0,4.0,"$12,600"
Honda,Blue,40632.0,5.0,"$13,300"
Honda,Silver,107304.0,,"$3,800"
Honda,White,128432.0,4.0,"$4,400"
Toyota,Green,179077.0,4.0,"$5,500"
Nissan,Black,42201.0,4.0,"$7,300"
Nissan,Red,131493.0,4.0,"$4,800"
BMW,White,60940.0,3.0,"$35,000"
Nissan,Red,72842.0,4.0,"$8,700"
Toyota,White,171831.0,3.0,"$6,700"
BMW,Blue,3000.0,3.0,"$30,500"
BMW,Black,16153.0,4.0,"$36,900"
,White,55210.0,4.0,"$21,700"
Honda,Black,162434.0,4.0,"$4,000"
Nissan,Blue,113120.0,5.0,"$9,400"
Honda,White,129615.0,4.0,"$9,000"
Nissan,White,182120.0,5.0,"$3,900"
Nissan,Silver,91463.0,5.0,"$7,600"
Nissan,Silver,160068.0,4.0,"$5,600"
Toyota,Blue,113146.0,4.0,"$12,000"
Honda,Black,3000.0,4.0,"$14,800"
Nissan,Blue,124239.0,4.0,"$10,500"
Toyota,Blue,18513.0,4.0,"$18,900"
Toyota,Blue,101921.0,4.0,"$11,500"
Toyota,Green,185147.0,4.0,"$7,200"
Honda,White,111217.0,5.0,"$10,000"
Honda,Silver,68793.0,4.0,"$10,500"
Toyota,Red,60793.0,4.0,"$11,700"
Toyota,Green,3000.0,4.0,"$15,300"
Nissan,White,105182.0,5.0,"$7,000"
Honda,Red,102548.0,4.0,"$4,500"
Nissan,Black,220039.0,4.0,"$2,500"
BMW,Blue,58874.0,5.0,"$19,900"
Toyota,White,99245.0,3.0,"$13,700"
Toyota,Red,151867.0,5.0,"$10,900"
Nissan,Silver,142598.0,5.0,"$5,200"
Honda,White,22392.0,4.0,"$12,100"
Honda,Silver,80678.0,4.0,"$13,200"
Honda,White,106850.0,5.0,"$14,300"
Toyota,,160269.0,4.0,"$5,800"
Honda,Silver,5833.0,4.0,"$17,700"
Nissan,Blue,188125.0,4.0,"$2,500"
Honda,Red,164443.0,4.0,"$7,100"
Honda,Red,99712.0,5.0,"$14,500"
Nissan,Red,187302.0,4.0,"$4,800"
BMW,Grey,84875.0,4.0,"$28,300"
Toyota,Black,77197.0,5.0,"$11,900"
Toyota,Black,51079.0,5.0,"$12,200"
Toyota,Blue,78935.0,4.0,"$9,000"
Toyota,Blue,105110.0,3.0,"$7,900"
Nissan,Red,140125.0,4.0,"$2,500"
Toyota,Blue,92105.0,5.0,"$11,500"
Nissan,Red,94604.0,4.0,"$7,100"
Honda,Black,15908.0,4.0,"$14,300"
Toyota,Black,131675.0,5.0,"$11,100"
Honda,Black,141858.0,5.0,"$8,600"
Toyota,White,122891.0,4.0,"$9,500"
Toyota,Red,133752.0,4.0,"$3,300"
Nissan,Red,61959.0,5.0,"$13,900"
Honda,Blue,3000.0,4.0,"$13,200"
BMW,White,114235.0,4.0,"$22,300"
Nissan,Black,89319.0,4.0,"$8,400"
Nissan,Blue,92225.0,4.0,"$7,800"
Toyota,White,,4.0,"$15,400"
Toyota,Black,172009.0,4.0,"$6,500"
Toyota,Blue,25902.0,4.0,"$11,900"
Honda,Blue,83168.0,4.0,"$11,400"
BMW,Black,22663.0,4.0,"$22,400"
Nissan,Black,140597.0,4.0,"$8,100"
Toyota,Blue,65677.0,3.0,"$6,500"
Toyota,Red,260000.0,3.0,"$4,000"
Nissan,White,97047.0,4.0,"$9,800"
Toyota,Black,91528.0,4.0,"$13,500"
Nissan,,120926.0,4.0,"$6,900"
Toyota,Black,92093.0,4.0,"$6,000"
Toyota,Red,198780.0,4.0,"$2,500"
Honda,Silver,26718.0,4.0,"$12,000"
BMW,Grey,24618.0,4.0,"$26,800"
Toyota,,133763.0,5.0,"$12,400"
Honda,Red,131107.0,5.0,"$7,300"
Toyota,Green,100578.0,4.0,"$10,700"
Honda,Silver,7626.0,4.0,"$15,200"
BMW,Black,3793.0,4.0,"$41,600"
Honda,Silver,72583.0,5.0,
Toyota,Green,57975.0,4.0,"$9,400"
Honda,Silver,201156.0,5.0,"$7,900"
Honda,Black,17638.0,4.0,"$17,700"
Toyota,Black,160048.0,4.0,"$6,600"
BMW,Silver,77881.0,5.0,"$25,300"
Toyota,White,200574.0,4.0,"$2,800"
Honda,Red,99008.0,,"$7,700"
Honda,White,23214.0,4.0,"$19,300"
Honda,Black,35284.0,4.0,"$13,000"
Honda,Red,8446.0,4.0,"$12,100"
Honda,Black,112254.0,4.0,"$6,200"
Nissan,Red,144860.0,4.0,"$4,400"
Nissan,Silver,176964.0,4.0,"$7,400"
Nissan,White,79142.0,4.0,"$8,600"
Honda,White,100805.0,4.0,"$10,900"
Toyota,,98747.0,3.0,"$10,100"
Toyota,Red,85342.0,5.0,"$11,700"
Toyota,Red,,4.0,"$8,900"
Nissan,Black,151270.0,5.0,"$7,800"
Honda,White,84617.0,4.0,"$10,800"
Toyota,Green,41570.0,5.0,"$16,900"
Toyota,Blue,3000.0,4.0,"$14,300"
BMW,Blue,112917.0,5.0,"$14,800"
Toyota,Black,118788.0,4.0,"$7,200"
Toyota,Red,78822.0,3.0,"$13,100"
Toyota,Red,108298.0,3.0,"$2,500"
Toyota,Black,47225.0,4.0,"$15,900"
Toyota,Blue,121345.0,5.0,"$15,300"
Toyota,Green,185497.0,3.0,"$3,400"
Honda,White,212155.0,5.0,"$4,600"
BMW,Black,24567.0,4.0,"$23,200"
BMW,Silver,3000.0,4.0,"$38,700"
Nissan,Silver,201306.0,4.0,"$2,500"
Honda,Blue,81061.0,5.0,"$10,900"
Nissan,Red,58220.0,4.0,"$4,700"
Honda,Black,81902.0,5.0,"$9,900"
Honda,Blue,73356.0,4.0,"$11,000"
Nissan,Silver,,4.0,"$2,500"
Nissan,White,121544.0,5.0,"$9,000"
Toyota,Green,126815.0,4.0,"$6,200"
Toyota,Red,103011.0,4.0,"$11,600"
Honda,Silver,37839.0,4.0,"$15,900"
Honda,White,160716.0,4.0,"$4,100"
Honda,Silver,101296.0,4.0,"$11,000"
Toyota,Blue,69628.0,4.0,"$13,000"
Nissan,White,121142.0,4.0,"$2,600"
Toyota,Black,121876.0,4.0,"$5,800"
Toyota,Blue,146838.0,4.0,"$5,700"
Honda,Blue,84258.0,4.0,"$13,900"
Toyota,Black,123811.0,5.0,"$6,400"
Honda,Blue,43284.0,5.0,"$10,600"
Toyota,White,118521.0,5.0,"$11,100"
Nissan,Black,64786.0,4.0,"$6,200"
Toyota,White,112642.0,3.0,"$8,000"
Nissan,Red,232804.0,4.0,"$2,500"
Toyota,Blue,192341.0,4.0,"$2,500"
BMW,Black,3000.0,3.0,"$20,200"
Honda,Blue,,4.0,"$12,000"
Honda,Red,54455.0,4.0,"$9,700"
Nissan,Blue,46537.0,4.0,"$5,200"
Toyota,Green,135357.0,4.0,"$8,500"
Toyota,White,98545.0,5.0,"$6,400"
Nissan,Blue,203837.0,4.0,"$2,500"
Honda,Red,117614.0,4.0,"$3,800"
Toyota,Red,88092.0,4.0,"$11,400"
Toyota,Green,115007.0,4.0,"$9,200"
Nissan,Black,139693.0,5.0,"$3,500"
BMW,Black,73289.0,5.0,"$26,500"
Honda,Red,103120.0,4.0,"$9,000"
Toyota,Red,31792.0,3.0,"$8,000"
Nissan,,3000.0,4.0,"$14,300"
Nissan,Blue,158348.0,4.0,"$6,800"
Toyota,White,113953.0,3.0,"$2,500"
Nissan,Silver,54504.0,5.0,"$10,700"
Toyota,Green,105046.0,3.0,"$7,600"
Nissan,Black,132659.0,4.0,"$6,100"
BMW,White,70072.0,5.0,"$21,600"
Nissan,Red,166992.0,4.0,"$3,000"
Honda,Blue,28128.0,4.0,
Toyota,White,79879.0,5.0,"$14,900"
Toyota,Red,95802.0,4.0,"$9,600"
Honda,,32064.0,5.0,"$15,500"
Honda,Red,60706.0,5.0,"$11,200"
Toyota,Black,174969.0,5.0,"$9,100"
Honda,Silver,13843.0,5.0,"$8,600"
Toyota,Red,94655.0,3.0,"$5,400"
Toyota,Black,131724.0,3.0,"$8,000"
Toyota,White,106600.0,4.0,"$7,500"
Nissan,White,209517.0,4.0,"$9,600"
BMW,White,53299.0,4.0,"$28,100"
Nissan,Silver,117455.0,4.0,"$6,000"
Toyota,Red,54732.0,3.0,"$7,700"
Toyota,Red,38948.0,4.0,"$14,100"
Nissan,White,82898.0,4.0,"$2,500"
Nissan,Red,136912.0,4.0,"$5,400"
BMW,Silver,121560.0,5.0,"$25,800"
Toyota,Blue,21108.0,4.0,"$6,600"
Toyota,Black,60587.0,3.0,"$9,300"
BMW,Black,104612.0,4.0,"$23,500"
Honda,Red,146417.0,,"$2,800"
Toyota,Black,148193.0,5.0,"$11,000"
Honda,Black,3000.0,4.0,"$17,800"
Toyota,Red,102859.0,4.0,"$11,100"
Honda,White,50484.0,4.0,"$15,300"
Honda,Red,35079.0,5.0,"$15,200"
Toyota,Blue,140671.0,5.0,"$5,700"
Honda,Black,187201.0,4.0,"$5,900"
Toyota,Green,132002.0,4.0,"$3,000"
Nissan,Blue,230592.0,5.0,"$2,500"
BMW,Grey,108045.0,5.0,"$17,400"
Nissan,Black,77336.0,4.0,"$10,700"
Toyota,Green,151432.0,4.0,"$2,900"
Nissan,Silver,173066.0,5.0,"$7,400"
BMW,Black,25605.0,3.0,"$36,800"
Toyota,Blue,22243.0,4.0,"$11,700"
Toyota,Black,122908.0,4.0,
Honda,Red,104663.0,5.0,"$10,200"
Nissan,Blue,101523.0,5.0,"$10,100"
Toyota,Red,86125.0,4.0,"$11,300"
BMW,White,113151.0,5.0,"$28,800"
BMW,Silver,98012.0,3.0,"$15,400"
BMW,Grey,87041.0,5.0,"$19,100"
BMW,Grey,11180.0,4.0,"$27,300"
Toyota,White,50976.0,4.0,"$14,900"
Honda,White,131097.0,4.0,"$2,500"
Honda,Silver,52241.0,4.0,"$7,000"
Toyota,Green,73943.0,4.0,"$12,100"
Honda,Blue,80370.0,4.0,"$8,200"
Toyota,White,165609.0,4.0,"$2,500"
Nissan,White,181264.0,5.0,"$2,900"
BMW,White,61719.0,5.0,"$22,700"
Honda,Red,166058.0,5.0,"$2,900"
Nissan,Silver,112657.0,4.0,"$8,200"
Toyota,Green,14227.0,3.0,"$9,600"
Toyota,Green,90294.0,5.0,"$7,700"
Toyota,Green,55589.0,5.0,"$11,100"
Honda,Red,123179.0,4.0,"$6,800"
Toyota,White,154078.0,5.0,"$5,100"
Toyota,Green,32900.0,3.0,"$17,800"
Nissan,White,75154.0,4.0,"$5,200"
Toyota,Green,7413.0,5.0,"$17,900"
Honda,Black,75617.0,5.0,
Nissan,White,103084.0,4.0,"$9,900"
Toyota,Green,88664.0,4.0,"$17,400"
Toyota,White,104955.0,4.0,"$13,300"
Honda,Black,130651.0,4.0,"$7,800"
Toyota,Red,67477.0,3.0,
Nissan,Red,140565.0,4.0,"$3,900"
Honda,Blue,99984.0,4.0,"$12,800"
Honda,Blue,191357.0,4.0,"$7,300"
Toyota,,194863.0,5.0,"$3,600"
Nissan,White,151305.0,4.0,"$8,500"
Honda,White,48976.0,4.0,"$10,000"
Honda,Red,175419.0,4.0,"$2,500"
Nissan,White,36896.0,4.0,"$14,300"
Toyota,Black,160231.0,4.0,"$8,900"
Honda,Black,89805.0,4.0,"$8,500"
Toyota,White,112661.0,4.0,"$14,600"
Honda,Silver,103451.0,4.0,"$15,500"
Honda,White,48898.0,5.0,"$12,100"
BMW,Grey,49331.0,3.0,"$18,000"
BMW,White,58570.0,5.0,"$29,000"
Honda,Blue,117163.0,5.0,"$15,500"
Nissan,Blue,138010.0,4.0,"$8,600"
Nissan,Silver,115701.0,4.0,"$11,100"
Nissan,Red,,4.0,"$2,500"
Honda,Red,44352.0,4.0,"$9,900"
Toyota,Blue,112660.0,4.0,"$10,900"
BMW,Grey,94333.0,4.0,"$26,800"
BMW,White,65293.0,5.0,"$21,800"
Honda,Black,111254.0,5.0,"$15,000"
Honda,Red,140956.0,4.0,"$8,600"
BMW,Black,108241.0,5.0,"$21,700"
Nissan,Blue,83537.0,4.0,"$6,200"
Toyota,White,91485.0,3.0,"$8,200"
BMW,White,115747.0,4.0,"$19,800"
Toyota,Black,56258.0,3.0,"$17,700"
Honda,Silver,70333.0,5.0,"$11,700"
Toyota,Green,121468.0,4.0,"$4,800"
Nissan,White,181187.0,4.0,"$5,200"
Honda,Blue,166802.0,5.0,"$4,600"
Toyota,White,103154.0,4.0,"$10,100"
BMW,Grey,76083.0,5.0,"$15,900"
Honda,Silver,97320.0,5.0,"$5,700"
Nissan,White,132066.0,5.0,"$2,500"
Toyota,Blue,3000.0,4.0,"$17,200"
,Grey,,4.0,"$19,900"
Toyota,White,164083.0,4.0,"$8,100"
Toyota,White,143348.0,5.0,"$8,200"
Nissan,White,260000.0,4.0,"$2,500"
BMW,Grey,138268.0,5.0,"$22,100"
Toyota,Green,11965.0,5.0,"$15,800"
Toyota,Blue,114367.0,4.0,"$6,000"
BMW,Blue,26266.0,5.0,"$27,600"
BMW,Blue,79689.0,5.0,"$9,100"
Nissan,Red,170974.0,5.0,"$3,300"
BMW,Blue,9066.0,4.0,"$33,900"
Toyota,White,96771.0,4.0,"$14,100"
Honda,White,113021.0,4.0,"$8,500"
Toyota,Black,90058.0,4.0,"$12,300"
Nissan,Blue,88842.0,4.0,"$5,700"
Honda,Silver,121275.0,5.0,"$8,400"
BMW,Grey,66409.0,5.0,"$32,900"
Honda,Blue,86533.0,4.0,"$9,700"
Toyota,Green,66818.0,5.0,"$13,000"
BMW,Blue,,4.0,"$30,400"
Toyota,Red,67885.0,4.0,"$10,000"
Honda,Blue,130022.0,5.0,"$9,100"
Honda,White,48501.0,4.0,"$15,400"
BMW,Blue,3000.0,5.0,"$33,900"
Toyota,Red,32208.0,3.0,"$18,300"
Toyota,Green,17680.0,4.0,"$17,000"
Nissan,Silver,107428.0,5.0,"$6,800"
Nissan,Blue,122382.0,5.0,"$8,600"
Honda,White,48588.0,5.0,"$9,800"
Honda,Red,123181.0,5.0,"$3,400"
Honda,Blue,63957.0,4.0,"$19,900"
Honda,Blue,45535.0,4.0,"$15,100"
BMW,Grey,40390.0,5.0,"$30,400"
Toyota,Green,132026.0,4.0,"$11,500"
Nissan,Black,100785.0,4.0,"$12,700"
BMW,Grey,40247.0,5.0,"$28,600"
Nissan,Silver,125735.0,4.0,"$3,300"
BMW,Blue,52993.0,4.0,"$26,800"
Toyota,Black,75529.0,5.0,"$20,000"
Nissan,Blue,65037.0,5.0,"$12,800"
Honda,Blue,133110.0,4.0,"$7,500"
Toyota,Green,53009.0,3.0,"$8,300"
BMW,White,43245.0,4.0,"$14,700"
Honda,,43833.0,4.0,
Nissan,Blue,187369.0,4.0,"$4,900"
Honda,White,129726.0,4.0,"$9,500"
Nissan,Silver,121350.0,4.0,"$10,200"
Toyota,Green,66240.0,4.0,"$11,300"
Honda,Silver,127858.0,4.0,"$3,900"
Nissan,Blue,260000.0,4.0,"$2,500"
Toyota,Black,105383.0,4.0,"$14,100"
Nissan,White,163237.0,4.0,"$4,500"
Toyota,Green,104766.0,5.0,"$5,100"
Honda,Silver,65289.0,4.0,"$12,300"
BMW,Silver,83643.0,5.0,"$33,100"
Honda,Red,86215.0,5.0,"$6,100"
BMW,Silver,109382.0,4.0,
BMW,Blue,102726.0,5.0,"$23,100"
Honda,Blue,142130.0,4.0,"$17,400"
Honda,Silver,97527.0,5.0,"$6,000"
,Blue,40376.0,4.0,"$30,400"
Nissan,Blue,22130.0,4.0,"$11,500"
Honda,Blue,110256.0,4.0,"$13,200"
Nissan,Red,185370.0,5.0,"$6,200"
Nissan,White,3000.0,5.0,"$15,100"
Nissan,Black,151508.0,4.0,"$5,800"
Toyota,Black,8028.0,4.0,"$12,100"
BMW,Blue,15993.0,3.0,"$13,500"
Toyota,Black,97848.0,4.0,"$7,800"
BMW,Black,175262.0,3.0,"$18,300"
Honda,Black,154100.0,4.0,"$2,500"
Toyota,Blue,70435.0,4.0,"$11,700"
Nissan,Silver,61143.0,4.0,"$8,200"
Honda,Silver,81538.0,4.0,"$9,300"
Honda,White,181045.0,4.0,"$6,400"
Toyota,Blue,122934.0,4.0,"$10,700"
BMW,Silver,90730.0,4.0,"$23,500"
Toyota,Blue,81321.0,4.0,"$11,500"
BMW,Blue,113585.0,3.0,"$29,300"
Toyota,Black,85499.0,3.0,"$12,500"
Toyota,Red,87881.0,4.0,"$10,600"
Honda,Blue,69270.0,5.0,"$10,600"
Nissan,Black,187114.0,5.0,"$4,400"
Toyota,Red,105034.0,4.0,"$5,100"
Toyota,White,81919.0,5.0,"$10,900"
Honda,White,52201.0,5.0,"$12,100"
Honda,Blue,71399.0,4.0,"$10,600"
Nissan,Black,118804.0,4.0,"$4,200"
Nissan,Silver,,4.0,"$8,100"
BMW,White,114740.0,5.0,"$25,300"
Honda,Red,60227.0,4.0,"$12,000"
BMW,Grey,136717.0,5.0,"$28,500"
BMW,White,87996.0,5.0,"$29,600"
Toyota,Black,172877.0,4.0,"$10,300"
,Black,127471.0,3.0,"$11,500"
BMW,White,19570.0,5.0,"$18,300"
Honda,White,99540.0,4.0,"$9,300"
Toyota,Red,69716.0,4.0,"$14,000"
Nissan,Silver,7679.0,4.0,"$10,400"
Honda,Silver,68722.0,4.0,"$5,700"
BMW,Silver,,5.0,"$14,200"
Toyota,Green,67406.0,4.0,"$13,800"
Toyota,Green,131594.0,4.0,"$4,400"
Toyota,Red,133489.0,4.0,"$9,300"
Honda,Black,203985.0,4.0,"$5,600"
Toyota,Red,90655.0,4.0,"$7,600"
Nissan,Blue,70322.0,4.0,"$6,600"
Nissan,Blue,188781.0,4.0,"$3,200"
Nissan,Silver,143653.0,5.0,"$10,000"
Toyota,Red,3000.0,3.0,
Nissan,Blue,115102.0,4.0,"$7,800"
Honda,Red,52236.0,5.0,"$9,600"
,Black,123419.0,4.0,"$16,800"
Honda,White,140159.0,,"$11,000"
BMW,White,56935.0,5.0,"$22,400"
Nissan,Red,68274.0,4.0,"$7,500"
Nissan,Black,,4.0,"$10,300"
Nissan,Blue,80620.0,4.0,"$7,800"
Honda,Silver,98324.0,4.0,"$10,300"
Toyota,White,97223.0,,"$8,400"
Honda,White,3000.0,4.0,"$11,900"
BMW,Grey,24157.0,4.0,"$30,100"
Honda,Silver,135645.0,4.0,"$10,300"
Toyota,Black,,3.0,"$7,200"
Honda,Red,66946.0,4.0,"$8,300"
Toyota,Green,19610.0,4.0,"$16,400"
Honda,White,83613.0,4.0,"$6,100"
Toyota,Blue,55022.0,4.0,"$9,400"
Honda,White,94065.0,4.0,"$12,600"
Nissan,Red,92512.0,4.0,"$2,500"
Honda,White,82919.0,5.0,"$10,100"
Toyota,Red,86304.0,4.0,"$8,600"
BMW,White,74132.0,5.0,"$25,900"
BMW,Grey,63957.0,4.0,"$27,900"
Toyota,Green,75648.0,4.0,"$9,000"
Toyota,Black,169766.0,5.0,"$9,500"
Toyota,Green,141001.0,4.0,"$11,400"
Honda,Silver,117245.0,4.0,"$11,100"
Nissan,White,23556.0,4.0,"$11,500"
Toyota,Blue,88498.0,4.0,"$16,000"
BMW,Blue,103961.0,5.0,"$20,000"
Honda,Red,109894.0,4.0,"$9,000"
Honda,White,113807.0,4.0,"$5,400"
BMW,Blue,80120.0,3.0,"$22,100"
Honda,Red,105557.0,5.0,"$7,200"
BMW,White,40427.0,5.0,"$34,700"
Toyota,,43319.0,4.0,"$9,600"
BMW,Blue,62833.0,5.0,"$21,000"
Honda,Red,49518.0,4.0,"$11,600"
Honda,Red,19756.0,4.0,"$9,700"
Toyota,Blue,204812.0,4.0,"$6,600"
Toyota,Black,59178.0,4.0,"$13,600"
,Silver,119231.0,4.0,"$11,200"
BMW,White,59659.0,5.0,"$32,500"
Honda,Silver,3000.0,4.0,"$10,500"
BMW,Grey,71882.0,5.0,"$27,700"
Honda,Black,48234.0,4.0,"$12,500"
Toyota,Blue,65560.0,4.0,"$10,800"
Nissan,Blue,169387.0,4.0,"$6,500"
Toyota,Red,46152.0,5.0,"$9,800"
Honda,White,,4.0,"$10,300"
Nissan,Red,,4.0,"$11,100"
Toyota,Black,116064.0,3.0,"$9,900"
Toyota,Black,32139.0,3.0,"$16,300"
Nissan,White,3000.0,5.0,"$14,800"
Toyota,Red,146584.0,4.0,"$6,400"
Honda,Black,153099.0,4.0,"$6,600"
Toyota,White,101246.0,3.0,"$10,200"
Honda,Silver,244955.0,4.0,"$6,400"
Honda,Blue,125654.0,4.0,"$5,100"
Toyota,Green,105466.0,4.0,"$6,500"
Nissan,Black,158038.0,4.0,"$5,200"
Nissan,White,49026.0,4.0,"$10,000"
Nissan,Blue,64432.0,4.0,"$9,400"
BMW,,28918.0,4.0,"$27,200"
Nissan,Red,154026.0,4.0,"$4,600"
Toyota,Green,77673.0,4.0,"$11,100"
Toyota,Black,134253.0,4.0,"$5,100"
Toyota,Blue,111554.0,5.0,"$14,400"
Toyota,Black,127830.0,4.0,"$9,200"
Honda,Silver,122707.0,4.0,"$9,400"
Nissan,Red,154201.0,4.0,"$2,500"
Nissan,Red,25006.0,4.0,"$13,400"
Toyota,White,19725.0,3.0,"$14,300"
Toyota,Red,79693.0,3.0,"$6,800"
Toyota,Green,116181.0,3.0,"$8,400"
BMW,Silver,153634.0,4.0,"$17,100"
Nissan,Blue,192646.0,4.0,"$3,900"
Toyota,Green,63626.0,4.0,"$13,700"
Nissan,Red,143681.0,4.0,"$5,300"
Toyota,Red,111847.0,4.0,"$7,500"
BMW,Grey,30316.0,5.0,"$32,500"
Honda,White,81250.0,4.0,"$9,700"
Toyota,Black,112550.0,4.0,"$10,600"
Toyota,White,23675.0,4.0,"$17,800"
Toyota,White,104301.0,4.0,"$9,200"
Honda,Silver,112680.0,,"$9,300"
Toyota,Red,137887.0,4.0,"$9,900"
Honda,Black,126456.0,4.0,"$12,100"
Honda,Blue,134413.0,4.0,"$7,000"
Toyota,Blue,39609.0,4.0,"$18,200"
Toyota,White,85638.0,5.0,"$10,000"
Toyota,Blue,7690.0,4.0,"$15,500"
Nissan,Red,120337.0,4.0,"$2,500"
Toyota,Red,121570.0,4.0,"$7,300"
Honda,Red,221135.0,4.0,"$2,500"
Toyota,Black,75369.0,4.0,"$8,700"
Toyota,Black,164449.0,4.0,"$6,100"
Toyota,Black,60304.0,4.0,"$14,400"
Honda,Blue,25743.0,4.0,"$14,400"
Honda,Blue,177507.0,4.0,"$7,100"
BMW,Grey,91791.0,5.0,"$30,300"
Honda,Blue,174065.0,4.0,
Toyota,Black,120862.0,4.0,"$12,200"
Toyota,White,51931.0,4.0,"$14,800"
Honda,Blue,43733.0,4.0,"$10,600"
Nissan,Blue,3000.0,4.0,"$13,000"
Honda,Red,61094.0,4.0,"$14,100"
Toyota,Red,118290.0,4.0,"$12,700"
Nissan,White,51318.0,4.0,"$12,400"
Nissan,Silver,229927.0,4.0,"$3,300"
Honda,White,129936.0,4.0,"$8,200"
Toyota,Red,70717.0,4.0,"$13,800"
Nissan,Black,27659.0,4.0,"$9,900"
Toyota,White,5905.0,4.0,"$12,300"
Toyota,Green,131386.0,4.0,"$9,500"
Toyota,Red,100647.0,4.0,"$10,500"
Toyota,Red,3000.0,3.0,"$12,400"
Honda,Red,59295.0,4.0,"$8,900"
Nissan,Red,145576.0,5.0,"$3,600"
Toyota,Black,,4.0,"$5,200"
Toyota,Red,82705.0,4.0,"$7,300"
Toyota,Black,102118.0,5.0,"$7,900"
Nissan,Silver,117854.0,5.0,"$6,900"
Nissan,Blue,205634.0,4.0,"$3,700"
Nissan,Black,8980.0,4.0,"$8,600"
BMW,Silver,67318.0,5.0,"$19,800"
Toyota,Red,3000.0,,"$18,800"
Honda,Blue,126570.0,5.0,"$10,100"
Honda,White,62848.0,4.0,"$12,100"
Toyota,Green,61373.0,5.0,"$12,600"
Toyota,Black,50129.0,5.0,"$18,200"
Nissan,Black,24066.0,4.0,"$14,400"
Toyota,White,,3.0,"$7,600"
Nissan,Blue,121352.0,4.0,"$8,300"
Honda,Red,157603.0,4.0,"$7,200"
Honda,Blue,49246.0,5.0,"$12,300"
Honda,Blue,179206.0,5.0,"$10,100"
Nissan,Blue,162890.0,5.0,"$7,200"
Toyota,Green,134371.0,5.0,"$12,200"
Honda,Black,70081.0,5.0,"$7,300"
Nissan,Blue,115864.0,4.0,"$4,500"
BMW,Grey,20689.0,5.0,"$23,300"
Toyota,White,227236.0,4.0,"$4,600"
Honda,Red,109371.0,5.0,"$5,500"
Toyota,Black,3000.0,4.0,"$12,200"
Toyota,Green,172786.0,4.0,"$7,000"
Nissan,Red,145521.0,5.0,"$7,700"
Nissan,Black,78884.0,4.0,"$12,200"
Nissan,Black,76562.0,,"$13,100"
Toyota,Green,120999.0,4.0,"$2,700"
Nissan,White,70111.0,5.0,"$4,900"
Toyota,Black,158490.0,3.0,"$6,600"
Toyota,Blue,3000.0,5.0,"$16,500"
,Red,70067.0,4.0,"$6,600"
Nissan,Silver,205966.0,4.0,"$2,700"
BMW,Grey,52675.0,5.0,"$23,900"
Honda,Black,19362.0,4.0,"$9,200"
,Black,,4.0,"$5,700"
Honda,Black,93059.0,5.0,"$4,200"
Toyota,Black,29459.0,4.0,"$15,600"
Honda,Blue,110130.0,4.0,"$13,800"
Toyota,Blue,167833.0,3.0,"$5,200"
Honda,White,114701.0,4.0,"$7,500"
Nissan,Red,227069.0,4.0,"$4,300"
BMW,Blue,72126.0,4.0,"$26,200"
Toyota,White,173132.0,5.0,"$9,200"
Honda,Red,166814.0,4.0,"$2,500"
Toyota,Green,121983.0,4.0,"$6,700"
Honda,Black,176306.0,4.0,"$10,400"
Honda,White,93576.0,4.0,"$14,000"
Nissan,Black,211854.0,4.0,"$2,500"
Toyota,White,226540.0,5.0,"$4,800"
Nissan,Black,99986.0,4.0,"$9,900"
Nissan,Red,92187.0,5.0,"$8,500"
Nissan,Silver,190928.0,4.0,"$3,200"
Toyota,White,9859.0,4.0,"$15,500"
BMW,White,35755.0,4.0,"$32,200"
Honda,Black,125417.0,4.0,"$12,500"
Toyota,Blue,145191.0,3.0,"$10,500"
Toyota,White,63206.0,3.0,"$13,500"
Honda,Red,186485.0,5.0,"$3,500"
Honda,Red,178387.0,4.0,"$3,600"
Nissan,Black,64289.0,4.0,"$10,000"
Honda,Blue,126363.0,4.0,"$10,500"
Nissan,White,58141.0,4.0,"$10,500"
Toyota,Red,62351.0,4.0,"$7,000"
Nissan,Blue,59990.0,4.0,"$7,300"
Nissan,White,141209.0,4.0,"$8,500"
Honda,Silver,21286.0,4.0,"$13,900"
Honda,Blue,35518.0,4.0,"$14,000"
Toyota,Black,65618.0,4.0,"$8,600"
Honda,White,130383.0,5.0,"$6,600"
Toyota,White,81569.0,4.0,"$3,900"
Honda,Black,137434.0,4.0,"$10,000"
Nissan,Red,112305.0,4.0,"$2,700"
Toyota,Blue,160887.0,3.0,
Toyota,Black,74425.0,4.0,"$18,900"
Toyota,Green,61410.0,4.0,"$13,600"
BMW,Silver,88607.0,5.0,"$27,400"
Honda,Blue,105536.0,4.0,"$9,900"
Honda,White,105053.0,4.0,"$8,700"
Nissan,Black,196631.0,4.0,"$2,500"
Nissan,Silver,169201.0,5.0,"$7,000"
BMW,White,94332.0,3.0,"$30,200"
,Blue,93184.0,5.0,"$5,100"
Toyota,Green,94240.0,3.0,"$5,600"
Toyota,Green,59943.0,4.0,"$7,300"
Toyota,Blue,73178.0,4.0,"$9,400"
Toyota,Green,3000.0,4.0,"$16,200"
Toyota,Red,213456.0,3.0,"$5,700"
Toyota,Green,87447.0,3.0,"$8,900"
Honda,,71792.0,4.0,"$10,700"
Honda,Silver,90223.0,4.0,"$7,100"
Honda,Blue,172778.0,4.0,"$2,500"
Toyota,White,135353.0,4.0,"$8,100"
BMW,Grey,144834.0,5.0,"$24,400"
Toyota,Red,79284.0,4.0,"$10,100"
Nissan,Red,114234.0,4.0,"$3,600"
Toyota,White,58122.0,4.0,"$6,400"
Honda,White,47697.0,4.0,"$11,800"
Nissan,Black,128809.0,5.0,"$2,500"
Toyota,Black,90864.0,5.0,"$13,200"
BMW,Grey,58157.0,4.0,"$21,400"
Honda,Silver,72216.0,4.0,"$8,800"
BMW,Grey,38257.0,4.0,"$27,600"
Honda,Black,202769.0,4.0,"$2,500"
Toyota,White,81456.0,4.0,"$10,800"
Honda,Black,59006.0,4.0,"$14,500"
Toyota,Blue,3000.0,4.0,"$12,900"
Nissan,Black,157825.0,4.0,"$4,100"
Toyota,White,55316.0,4.0,"$13,600"
Honda,Black,135504.0,4.0,"$8,300"
BMW,Blue,31348.0,5.0,"$30,400"
Honda,Red,72701.0,4.0,"$12,500"
Nissan,Blue,,4.0,"$2,500"
Nissan,Red,118219.0,4.0,"$2,500"
Honda,Red,209205.0,4.0,"$2,500"
Honda,Silver,127825.0,4.0,"$7,700"
Toyota,Black,56239.0,4.0,"$9,400"
BMW,Grey,131598.0,4.0,"$28,300"
,White,199066.0,3.0,"$4,700"
Toyota,Red,112971.0,5.0,"$9,200"
Toyota,Red,83071.0,4.0,"$7,400"
Honda,Black,96032.0,4.0,"$7,100"
Honda,Red,113211.0,4.0,"$8,800"
Honda,White,105808.0,5.0,"$14,600"
Honda,Silver,90189.0,5.0,"$12,600"
Nissan,Silver,226884.0,4.0,"$4,900"
Honda,Silver,147352.0,4.0,"$6,000"
Honda,Black,103022.0,4.0,"$5,200"
Toyota,White,123943.0,4.0,"$9,900"
Toyota,Green,99216.0,4.0,"$12,700"
Nissan,Blue,44364.0,5.0,"$14,900"
Toyota,White,144891.0,3.0,"$6,900"
BMW,Silver,58753.0,4.0,"$28,700"
Nissan,Blue,197167.0,4.0,"$3,000"
Toyota,Red,105489.0,5.0,"$10,400"
Toyota,White,190665.0,3.0,"$3,800"
Nissan,White,110347.0,,
BMW,Silver,71174.0,4.0,"$32,400"
Honda,Red,48258.0,4.0,"$10,800"
Toyota,Green,175190.0,3.0,"$2,800"
BMW,White,58645.0,4.0,"$27,200"
BMW,Blue,23455.0,5.0,"$25,200"
BMW,Silver,69730.0,4.0,"$25,400"
Nissan,Blue,183699.0,4.0,"$7,400"
Toyota,Green,53483.0,4.0,"$11,900"
Toyota,,133060.0,3.0,"$12,500"
BMW,White,95176.0,5.0,"$26,400"
Toyota,Green,132660.0,4.0,"$10,000"
Toyota,White,49758.0,3.0,"$12,200"
Honda,Blue,162039.0,5.0,"$6,200"
Toyota,Black,104731.0,4.0,"$9,300"
Honda,Red,3000.0,4.0,"$13,600"
Toyota,Black,113693.0,5.0,"$8,700"
BMW,Black,16505.0,3.0,"$21,100"
Honda,Red,128681.0,4.0,"$13,500"
BMW,Black,123062.0,5.0,
Honda,Blue,133022.0,5.0,"$6,200"
Nissan,White,79393.0,4.0,"$7,200"
BMW,Grey,94654.0,4.0,"$30,000"
Honda,Silver,87294.0,5.0,"$10,200"
Nissan,,137998.0,4.0,"$6,900"
Nissan,Silver,177868.0,4.0,"$2,500"
BMW,Silver,65841.0,4.0,"$18,300"
BMW,White,62860.0,3.0,"$23,000"
Nissan,Blue,109382.0,4.0,"$4,800"
Nissan,Black,28711.0,5.0,"$6,200"
Toyota,Red,91178.0,4.0,"$9,000"
Toyota,White,62851.0,3.0,"$15,200"
Nissan,Blue,63871.0,4.0,"$12,700"
Honda,White,169944.0,4.0,"$2,500"
Toyota,Red,102803.0,4.0,"$8,500"
Nissan,White,3000.0,4.0,"$8,200"
Toyota,Black,138296.0,5.0,"$15,700"
Nissan,White,162549.0,5.0,"$6,000"
Honda,Red,90976.0,4.0,"$14,400"
Toyota,Green,209708.0,4.0,"$2,500"
Honda,Blue,3000.0,4.0,"$7,300"
Toyota,Blue,166737.0,4.0,"$6,800"
Nissan,Red,122261.0,5.0,"$2,500"
Nissan,Black,69821.0,5.0,"$9,000"
Honda,Blue,101976.0,5.0,"$8,500"
Toyota,Green,44059.0,4.0,"$9,500"
Nissan,Black,179666.0,4.0,"$4,500"
Toyota,Green,129832.0,5.0,"$5,800"
Toyota,White,3000.0,4.0,"$13,000"
BMW,Blue,28604.0,5.0,"$29,900"
Toyota,White,260000.0,3.0,"$3,900"
Nissan,Red,260000.0,4.0,"$2,500"
Honda,Silver,61765.0,5.0,"$12,700"
Toyota,Black,190593.0,3.0,"$11,000"
BMW,Grey,40835.0,5.0,"$28,700"
Toyota,White,23678.0,4.0,"$16,300"
Honda,Silver,166561.0,4.0,"$6,100"
Nissan,White,74626.0,4.0,"$9,500"
Toyota,White,119707.0,4.0,"$9,400"
Honda,Blue,100578.0,4.0,"$8,500"
Honda,Silver,139805.0,4.0,"$9,500"
Toyota,Blue,46878.0,4.0,"$9,300"
Nissan,White,97755.0,5.0,"$10,100"
Honda,Blue,99106.0,4.0,"$7,200"
Honda,Blue,104552.0,4.0,"$7,800"
Honda,Red,134263.0,4.0,"$8,300"
Toyota,Green,81605.0,4.0,"$11,000"
Toyota,Black,166382.0,4.0,"$5,400"
BMW,White,81911.0,3.0,"$23,100"
Nissan,Black,135911.0,4.0,"$4,200"
Toyota,Blue,103737.0,,"$13,400"
BMW,Silver,25645.0,4.0,"$18,500"
Nissan,Red,39678.0,4.0,"$7,000"
Honda,Black,120575.0,4.0,"$4,100"
Toyota,Green,82509.0,4.0,
Nissan,Red,135332.0,4.0,"$4,600"
Toyota,Blue,107928.0,4.0,"$10,000"
Honda,Silver,81236.0,4.0,"$9,400"
Toyota,Blue,214242.0,3.0,"$6,400"
Honda,Black,,4.0,"$2,600"
Nissan,Black,107241.0,4.0,"$3,800"
Toyota,,55902.0,4.0,"$18,300"
BMW,Black,43074.0,5.0,"$39,700"
BMW,White,12778.0,4.0,"$20,900"
Toyota,Blue,80255.0,3.0,"$9,900"
Honda,Silver,136308.0,4.0,"$8,800"
Nissan,Blue,88686.0,4.0,"$7,500"
Honda,Blue,76684.0,5.0,"$8,100"
Honda,Silver,49377.0,5.0,"$15,300"
Nissan,White,9622.0,4.0,"$15,900"
Nissan,Black,92792.0,4.0,"$5,900"
Nissan,Red,153426.0,4.0,"$8,600"
Toyota,Blue,156116.0,3.0,"$8,100"
Toyota,Red,154516.0,4.0,"$2,500"
Nissan,Blue,82777.0,4.0,"$5,800"
Honda,Blue,150782.0,4.0,"$5,500"
Honda,Black,132579.0,5.0,"$10,100"
Honda,Silver,50609.0,4.0,"$9,700"
Honda,Black,154103.0,4.0,"$4,400"
Toyota,Black,104493.0,4.0,"$7,600"
Honda,Silver,76930.0,4.0,"$10,100"
Honda,Red,54422.0,4.0,"$8,200"
Toyota,White,112886.0,3.0,"$5,900"
Toyota,Black,55845.0,4.0,"$9,400"
Nissan,White,107637.0,4.0,"$9,500"
Toyota,Red,176339.0,4.0,"$4,000"
BMW,Grey,155313.0,3.0,"$13,500"
Toyota,White,154344.0,4.0,"$5,200"
Toyota,Blue,52711.0,5.0,"$10,600"
BMW,Silver,62797.0,5.0,"$29,900"
BMW,Grey,93134.0,3.0,"$16,800"
Toyota,White,46537.0,4.0,"$9,700"
Honda,Black,86654.0,4.0,"$9,300"
Toyota,Green,48590.0,3.0,"$11,800"
Toyota,Green,215653.0,5.0,"$3,000"
Toyota,Black,75457.0,4.0,"$13,200"
BMW,Silver,41529.0,3.0,"$29,800"
Honda,Red,57509.0,4.0,"$16,400"
Honda,Blue,108549.0,5.0,"$7,500"
Toyota,Blue,67388.0,3.0,"$9,000"
Honda,Red,157891.0,5.0,"$3,100"
Nissan,Red,74595.0,5.0,"$7,700"
Toyota,Black,97184.0,5.0,"$10,300"
Toyota,White,20456.0,4.0,"$12,600"
BMW,Silver,60818.0,3.0,"$20,500"
Nissan,Silver,150459.0,4.0,"$7,500"
Toyota,Green,93923.0,4.0,"$10,400"
Honda,Black,3000.0,4.0,"$12,600"
Honda,Black,140231.0,4.0,"$6,100"
BMW,Black,34035.0,4.0,"$41,700"
Honda,Red,179315.0,4.0,"$6,600"
Honda,Silver,146667.0,4.0,"$2,500"
Toyota,White,57047.0,4.0,"$10,600"
BMW,Grey,55088.0,5.0,"$23,200"
Toyota,White,3000.0,4.0,"$15,900"
BMW,White,87833.0,,"$34,600"
Toyota,Black,57007.0,4.0,
Toyota,Green,3000.0,4.0,"$13,000"
Honda,Red,135253.0,4.0,"$5,500"
Nissan,Black,232032.0,5.0,"$2,500"
Toyota,Blue,105643.0,5.0,"$6,100"
Nissan,Black,128084.0,5.0,"$2,500"
Nissan,White,150847.0,4.0,"$6,900"
Honda,Red,,4.0,"$3,200"
Toyota,Blue,106349.0,5.0,"$12,300"
Honda,Red,113229.0,4.0,"$5,700"
Honda,Silver,3000.0,4.0,"$14,700"
BMW,Silver,58595.0,4.0,"$21,900"
,Red,154780.0,4.0,"$4,600"
Toyota,Blue,29401.0,3.0,"$6,300"
Toyota,Red,39293.0,3.0,"$19,600"
Toyota,White,135584.0,5.0,
Nissan,Silver,101826.0,5.0,"$7,400"
BMW,Black,114022.0,5.0,"$20,700"
Toyota,White,127999.0,3.0,"$6,800"
Honda,Black,185127.0,5.0,"$8,200"
Honda,Silver,151786.0,5.0,
Toyota,Black,153023.0,3.0,"$5,900"
BMW,Blue,69621.0,5.0,"$36,300"
Honda,Blue,41946.0,4.0,"$12,400"
Toyota,White,120776.0,4.0,"$10,800"
Toyota,Green,74559.0,4.0,"$17,300"
Toyota,Black,30663.0,4.0,"$18,200"
Nissan,Red,180043.0,5.0,"$9,100"
Honda,Blue,15765.0,5.0,"$11,100"
Toyota,Blue,175581.0,4.0,"$2,500"
Honda,Black,14889.0,4.0,"$11,800"
Nissan,White,122751.0,5.0,"$11,200"
Honda,White,83107.0,4.0,"$8,100"
Toyota,Red,114192.0,4.0,"$10,800"
Nissan,Silver,136709.0,4.0,"$5,300"
Honda,Red,3000.0,4.0,"$10,800"
Toyota,Red,171854.0,5.0,"$7,900"
Toyota,Green,81228.0,4.0,"$13,900"
Honda,Silver,37754.0,4.0,"$11,400"
Honda,Blue,98612.0,4.0,"$7,800"
Honda,Red,96836.0,4.0,"$8,500"
Toyota,Black,25234.0,4.0,"$14,400"
Nissan,Blue,37612.0,5.0,"$11,400"
Honda,White,157958.0,4.0,"$5,500"
Toyota,White,37082.0,4.0,"$12,700"
Toyota,Green,54737.0,4.0,"$13,400"
Nissan,Blue,103712.0,4.0,"$11,600"
Honda,Blue,147823.0,4.0,"$6,300"
Nissan,Red,152074.0,4.0,"$3,800"
Honda,Blue,93629.0,4.0,"$8,300"
Toyota,Blue,137855.0,3.0,"$12,000"
Honda,Blue,130335.0,4.0,"$10,400"
Honda,Black,136305.0,4.0,"$9,200"
Toyota,Blue,38757.0,3.0,"$17,500"
Honda,White,178611.0,5.0,"$5,400"
Nissan,Blue,91240.0,5.0,"$10,100"
Honda,Blue,118439.0,4.0,"$7,600"
Honda,Red,31998.0,4.0,"$13,100"
Honda,Silver,118468.0,4.0,"$10,500"
Honda,Red,108766.0,4.0,"$7,700"
Honda,White,,4.0,"$7,400"
Nissan,Blue,,4.0,"$7,500"
Honda,Black,8193.0,4.0,"$13,100"
BMW,White,93914.0,5.0,"$26,800"
BMW,Blue,128867.0,5.0,"$21,200"
Honda,Black,115391.0,4.0,"$11,000"
Honda,White,204457.0,5.0,"$5,300"
Toyota,Red,43702.0,4.0,"$15,300"
BMW,Grey,143360.0,4.0,"$19,400"
Toyota,Blue,141736.0,3.0,"$11,100"
Nissan,White,168955.0,4.0,"$4,500"
BMW,White,35664.0,5.0,"$26,800"
Toyota,Black,121847.0,4.0,"$12,200"
Honda,Blue,108029.0,5.0,"$8,200"
Honda,Red,118658.0,5.0,"$11,400"
Nissan,Blue,133258.0,4.0,"$3,600"
Honda,Blue,83292.0,4.0,"$12,700"
Nissan,Red,34551.0,4.0,"$4,900"
Toyota,Red,176420.0,4.0,"$8,000"
Honda,Black,121123.0,4.0,"$5,100"
Honda,Black,127401.0,5.0,"$9,500"
Honda,Silver,15952.0,4.0,"$17,400"
Toyota,Black,106251.0,5.0,"$9,400"
Honda,Blue,73856.0,5.0,"$4,900"
Toyota,Red,128853.0,3.0,"$8,500"
Honda,White,82684.0,4.0,"$13,700"
Toyota,White,26039.0,4.0,"$11,700"
Nissan,Silver,64399.0,4.0,"$8,400"
Honda,Red,95238.0,4.0,"$10,500"
Honda,Silver,75345.0,4.0,"$7,700"
Nissan,Silver,206416.0,4.0,"$8,700"
Nissan,Red,120024.0,4.0,"$4,300"
BMW,Grey,126969.0,3.0,"$12,000"
Toyota,White,80591.0,5.0,"$9,500"
Nissan,Black,47066.0,5.0,"$10,100"
Nissan,White,63606.0,4.0,"$9,100"
Honda,Black,93304.0,4.0,"$7,800"
Honda,White,74215.0,5.0,"$10,300"
Toyota,Blue,140111.0,5.0,"$8,400"
Honda,Black,131585.0,4.0,"$9,600"
Toyota,Green,127719.0,4.0,"$12,500"
Nissan,White,49314.0,4.0,"$8,600"
Toyota,Green,189691.0,5.0,"$5,100"
Toyota,Black,3000.0,4.0,"$14,200"
Toyota,Green,105016.0,4.0,"$2,500"
BMW,White,121025.0,3.0,"$17,100"
Nissan,Black,130399.0,5.0,"$6,300"
Honda,Black,30159.0,4.0,
Honda,White,47116.0,4.0,"$14,800"
Toyota,,90328.0,5.0,"$9,500"
BMW,Silver,25746.0,3.0,"$34,000"
Toyota,Green,174138.0,4.0,
BMW,Grey,85682.0,5.0,"$26,800"
Honda,Black,33634.0,4.0,"$11,700"
Toyota,Green,62439.0,4.0,"$5,300"
Toyota,Black,152966.0,4.0,"$5,600"
Nissan,Blue,178972.0,5.0,"$6,600"
Honda,Red,118722.0,4.0,"$9,900"
Nissan,Black,77542.0,4.0,"$13,500"
Toyota,Red,100242.0,3.0,"$10,000"
Nissan,Black,75651.0,4.0,"$6,300"
Honda,White,114910.0,4.0,"$9,100"
BMW,,31847.0,5.0,"$18,400"
Toyota,Blue,31963.0,4.0,"$17,100"
Toyota,Blue,66110.0,4.0,"$10,600"
Nissan,White,193219.0,4.0,"$2,500"
Toyota,Blue,60196.0,5.0,"$10,200"
Honda,Black,169667.0,4.0,"$12,000"
Toyota,Black,137081.0,4.0,"$11,100"
Honda,White,64142.0,4.0,"$16,600"
Toyota,Blue,111920.0,5.0,"$12,900"
Honda,Silver,86934.0,4.0,"$9,000"
Toyota,Green,184478.0,4.0,"$7,200"
Nissan,Red,193277.0,5.0,"$4,200"
Honda,Silver,51278.0,4.0,"$9,700"
Nissan,Black,117766.0,4.0,"$5,100"
Nissan,Silver,49982.0,4.0,"$12,900"
Nissan,White,81487.0,4.0,"$8,600"
BMW,Black,77437.0,5.0,"$21,700"
BMW,Silver,125933.0,,"$14,300"
Toyota,Blue,111604.0,4.0,"$10,300"
Honda,Silver,89395.0,5.0,"$6,500"
Honda,Silver,133799.0,4.0,"$9,800"
Toyota,Green,62870.0,4.0,"$13,400"
Toyota,Red,117495.0,3.0,"$4,100"
Toyota,Black,53595.0,3.0,"$15,200"
BMW,Silver,77995.0,4.0,"$21,000"
Toyota,Green,53359.0,5.0,"$10,600"
Honda,Black,70664.0,4.0,"$8,100"
Toyota,White,7428.0,4.0,"$18,100"
Toyota,Black,148472.0,4.0,"$3,900"
Toyota,Red,105088.0,4.0,"$6,800"
Toyota,White,84398.0,3.0,"$8,800"
Honda,White,71463.0,5.0,"$17,200"
Honda,Blue,70864.0,4.0,"$8,000"
Toyota,Red,58345.0,5.0,"$15,900"
BMW,Black,3000.0,5.0,"$24,100"
Toyota,Red,173234.0,4.0,"$7,300"
Toyota,White,107979.0,4.0,"$16,500"
Nissan,Blue,125795.0,4.0,"$4,300"
,Silver,96203.0,4.0,"$4,700"
Toyota,Green,163308.0,5.0,"$9,000"
Honda,Red,145971.0,4.0,"$10,400"
BMW,Black,47603.0,4.0,"$20,100"
Honda,Silver,89517.0,4.0,"$7,000"
Toyota,White,106577.0,4.0,"$13,400"
Toyota,Red,89256.0,4.0,"$10,900"
Nissan,Black,106744.0,5.0,"$10,100"
Toyota,Blue,63275.0,5.0,"$5,400"
Toyota,Black,122485.0,3.0,"$11,500"
BMW,Silver,83747.0,3.0,"$19,400"
Nissan,Silver,48439.0,4.0,"$11,200"
Toyota,Red,105356.0,4.0,"$9,300"
Nissan,Red,214057.0,4.0,
Nissan,Black,211402.0,4.0,"$2,500"
Honda,Blue,3892.0,5.0,"$13,700"
Honda,Red,138055.0,4.0,"$6,100"
Honda,White,21210.0,4.0,
Toyota,White,53427.0,4.0,"$13,900"
Nissan,Blue,155310.0,4.0,"$2,500"
Honda,Red,58121.0,4.0,"$13,200"
Honda,Red,50775.0,5.0,"$8,700"
Toyota,Blue,36708.0,4.0,"$14,200"
Honda,Red,106839.0,4.0,"$6,600"
Honda,White,92244.0,4.0,"$14,000"
Nissan,Blue,57452.0,5.0,"$5,000"
Honda,Blue,113843.0,4.0,"$8,100"
Honda,Silver,57918.0,4.0,"$13,100"
Honda,Red,132282.0,5.0,"$2,500"
Nissan,Silver,75454.0,4.0,"$14,600"
BMW,Black,89503.0,3.0,"$27,800"
Nissan,Blue,177682.0,5.0,"$4,400"
Toyota,Black,139427.0,4.0,"$10,700"
Toyota,Blue,126030.0,5.0,"$8,500"
Toyota,Green,106947.0,4.0,"$7,200"
Toyota,Blue,98666.0,4.0,"$6,400"
Toyota,Green,56887.0,4.0,"$10,500"
Toyota,,48927.0,3.0,"$9,300"
Nissan,Silver,102820.0,5.0,"$9,100"
Honda,Blue,137564.0,5.0,"$6,600"
BMW,White,121074.0,4.0,"$28,700"
Nissan,White,140229.0,4.0,"$5,900"
Nissan,Silver,129870.0,5.0,"$9,800"
Honda,Silver,150731.0,4.0,"$10,800"
Toyota,White,100148.0,4.0,"$11,900"
Toyota,Black,167864.0,3.0,"$4,200"
Honda,Black,76715.0,4.0,"$10,400"
Honda,Black,135180.0,4.0,"$10,400"
Honda,Black,80918.0,,"$6,400"
Honda,Blue,103816.0,4.0,"$6,100"
Toyota,Red,20523.0,4.0,"$9,600"
Honda,Blue,107666.0,4.0,"$12,800"
BMW,Blue,66633.0,4.0,"$26,500"
Honda,Red,148778.0,4.0,"$2,500"
Toyota,White,125049.0,4.0,"$8,900"
Toyota,Red,127434.0,5.0,"$7,800"
Toyota,Black,55467.0,5.0,"$13,500"
Toyota,Black,183757.0,3.0,"$8,200"
BMW,White,43676.0,3.0,"$16,600"
BMW,Grey,3000.0,5.0,"$37,400"
Honda,Red,46156.0,4.0,"$10,500"
Toyota,Green,166702.0,3.0,"$2,500"
Nissan,Blue,195566.0,4.0,"$2,500"
Nissan,Red,47679.0,5.0,"$9,800"
Honda,White,57315.0,5.0,"$13,100"
Honda,Black,60889.0,5.0,"$6,100"
Nissan,Silver,99648.0,5.0,"$4,600"
Honda,Silver,101807.0,4.0,"$5,500"
BMW,White,44503.0,5.0,"$28,100"
Toyota,Red,86952.0,4.0,"$11,400"
BMW,Grey,93572.0,3.0,"$15,400"
Toyota,Black,94651.0,4.0,"$2,500"
BMW,Blue,75387.0,4.0,"$22,800"
Nissan,Red,56926.0,5.0,"$10,800"
Toyota,Green,158980.0,4.0,"$5,100"
Nissan,Black,59090.0,4.0,"$10,000"
Honda,Blue,27890.0,5.0,"$11,200"
Toyota,Green,161564.0,4.0,"$6,700"
Toyota,Black,3000.0,3.0,"$8,200"
Nissan,White,121076.0,4.0,"$8,700"
Toyota,Green,13883.0,4.0,"$14,900"
Toyota,Black,167177.0,3.0,"$12,300"
BMW,White,78911.0,5.0,"$28,600"
Toyota,Green,3000.0,5.0,"$21,400"
BMW,Black,40829.0,4.0,"$20,500"
Honda,Black,79750.0,4.0,"$14,800"
Honda,Silver,197986.0,4.0,"$4,900"
Toyota,Green,149900.0,4.0,"$7,200"
Nissan,Black,53883.0,4.0,"$13,600"
Honda,Silver,62137.0,5.0,"$16,200"
Nissan,White,184718.0,4.0,"$5,000"
Nissan,Red,214422.0,4.0,"$7,700"
,Red,88887.0,4.0,"$7,900"
Toyota,Green,3000.0,4.0,"$21,100"
Toyota,Black,75136.0,4.0,"$15,100"
Toyota,Blue,59454.0,4.0,"$16,900"
Honda,Silver,58394.0,4.0,"$7,500"
Honda,White,81991.0,4.0,"$8,400"
BMW,Black,90044.0,3.0,"$23,000"
Nissan,Red,147151.0,4.0,"$4,300"
Honda,Red,60074.0,4.0,"$9,100"
Toyota,Green,204336.0,4.0,"$5,200"
Toyota,Red,3000.0,4.0,"$12,800"
Nissan,Silver,117424.0,5.0,"$12,100"
Honda,White,141377.0,4.0,"$4,400"
Nissan,Blue,247427.0,,"$2,500"
Toyota,Green,162809.0,4.0,"$2,800"
Honda,Blue,3000.0,4.0,"$9,400"
Honda,Blue,3000.0,4.0,"$19,900"
BMW,Blue,74010.0,3.0,"$17,900"
Honda,Black,113725.0,4.0,"$9,200"
Honda,Red,121804.0,4.0,"$11,600"
Nissan,Red,95764.0,4.0,"$5,200"
Nissan,White,158355.0,5.0,"$7,400"
Nissan,Blue,117641.0,4.0,"$12,200"
Honda,Silver,70984.0,4.0,"$7,800"
Toyota,Blue,119740.0,4.0,"$7,000"
Nissan,Red,139748.0,4.0,"$3,200"
BMW,Grey,48189.0,5.0,"$39,000"
Toyota,Blue,76909.0,4.0,"$8,600"
Honda,Blue,148192.0,5.0,"$4,300"
Nissan,Black,73195.0,4.0,"$10,400"
Honda,White,137043.0,4.0,"$11,000"
Toyota,Green,59144.0,4.0,"$13,200"
Toyota,Blue,73762.0,4.0,"$9,300"
Toyota,Blue,160567.0,4.0,"$5,400"
Honda,Silver,105353.0,4.0,"$9,400"
Nissan,White,52037.0,4.0,"$12,200"
Toyota,Black,127134.0,3.0,"$2,500"
Honda,Blue,105316.0,4.0,"$6,500"
Toyota,Black,155047.0,4.0,"$3,100"
Toyota,Green,79463.0,3.0,"$10,600"
Toyota,Black,100825.0,5.0,"$13,400"
Toyota,Green,19042.0,4.0,"$18,500"
Toyota,Red,125307.0,4.0,"$13,100"
Nissan,,160957.0,4.0,"$4,400"
Honda,White,30358.0,5.0,"$11,400"
Nissan,Silver,201015.0,5.0,"$7,000"
Toyota,Red,65780.0,4.0,"$2,500"
BMW,Black,56067.0,4.0,"$24,000"
Toyota,White,85011.0,4.0,"$12,500"
Honda,Silver,134058.0,5.0,"$11,200"
Honda,White,113394.0,4.0,"$3,100"
Honda,Red,75622.0,4.0,"$17,000"
Toyota,White,117459.0,3.0,
Honda,Red,109255.0,4.0,"$9,800"
Honda,Silver,3000.0,4.0,"$13,000"
Honda,Blue,90181.0,4.0,"$13,400"
Toyota,Red,100478.0,4.0,"$4,700"
BMW,Black,83063.0,5.0,"$20,100"
BMW,White,13895.0,5.0,"$22,900"
Honda,Silver,118040.0,4.0,"$12,100"
Toyota,Blue,123112.0,5.0,"$11,700"
Honda,White,114706.0,5.0,"$9,400"
Toyota,Black,134240.0,4.0,"$2,500"
Honda,Red,97332.0,4.0,"$5,900"
Honda,Red,147819.0,4.0,
Honda,Silver,93485.0,4.0,"$4,900"
Toyota,Black,150875.0,4.0,"$9,900"
Honda,Red,118733.0,5.0,"$6,300"
Nissan,White,68676.0,5.0,"$10,200"
BMW,Silver,35831.0,4.0,"$29,500"
BMW,Black,3000.0,3.0,"$24,300"
Toyota,White,191431.0,5.0,"$7,900"
Toyota,Black,106673.0,4.0,"$16,300"
Honda,White,3000.0,4.0,"$11,200"
Honda,Blue,72743.0,4.0,"$12,900"
Nissan,Red,161036.0,4.0,"$2,500"
Toyota,Green,149893.0,5.0,"$6,500"
Toyota,Black,161005.0,4.0,"$4,100"
Honda,Red,86081.0,4.0,"$8,100"
Toyota,Red,152913.0,4.0,"$5,800"
BMW,Black,63217.0,5.0,"$29,500"
Toyota,Red,126353.0,4.0,"$11,500"
,,102133.0,4.0,"$7,700"
Honda,Silver,75214.0,4.0,"$10,400"
Nissan,Blue,125977.0,5.0,"$6,400"
Honda,Black,92921.0,4.0,"$5,100"
Toyota,Blue,132702.0,4.0,"$9,100"
Honda,White,140089.0,,"$7,900"
BMW,White,3000.0,4.0,"$25,800"
Honda,Red,82403.0,4.0,"$12,000"
Honda,Silver,3000.0,4.0,"$13,800"
Honda,Silver,116656.0,5.0,"$7,100"
Toyota,White,101880.0,4.0,"$8,000"
Toyota,White,60062.0,4.0,"$10,700"
Toyota,White,61044.0,3.0,"$13,200"
Toyota,Blue,59782.0,4.0,"$9,100"
Honda,Silver,176860.0,5.0,"$9,100"
Toyota,Green,3000.0,4.0,"$11,500"
Honda,Silver,103638.0,5.0,"$10,700"
Honda,Blue,20456.0,4.0,"$16,300"
Honda,White,131610.0,4.0,"$9,100"
Honda,Blue,157122.0,4.0,"$7,700"
Toyota,Red,121326.0,4.0,"$13,900"
Nissan,Silver,173668.0,5.0,"$2,500"
Toyota,Red,,4.0,"$6,400"
Honda,Red,116199.0,4.0,"$9,600"
BMW,Silver,6894.0,4.0,"$27,200"
Honda,White,104732.0,4.0,"$7,600"
Nissan,Blue,129623.0,4.0,"$8,100"
Nissan,White,110286.0,4.0,"$7,500"
Honda,Black,158404.0,4.0,"$8,000"
Nissan,Silver,123246.0,4.0,"$3,900"
Toyota,Red,132893.0,5.0,"$10,200"
Toyota,White,164754.0,3.0,"$6,300"
Nissan,Silver,10289.0,4.0,"$7,200"
Toyota,White,136255.0,5.0,"$7,300"
Nissan,Silver,136458.0,4.0,"$6,000"
BMW,Grey,57992.0,5.0,"$25,600"
Nissan,Silver,63538.0,4.0,"$9,100"
Nissan,Black,79268.0,5.0,"$8,300"
BMW,Silver,51406.0,4.0,"$24,500"
Honda,Red,136264.0,4.0,"$6,900"
Toyota,Green,151232.0,5.0,"$12,600"
Toyota,Red,142457.0,4.0,"$9,700"
BMW,White,78726.0,4.0,"$30,200"
,White,117004.0,4.0,"$9,200"
BMW,Silver,90792.0,5.0,"$22,400"
Toyota,Red,144584.0,4.0,"$8,100"
BMW,Black,60542.0,4.0,"$22,600"
Honda,White,99968.0,4.0,"$12,100"
BMW,Silver,102335.0,4.0,"$25,800"
BMW,Grey,90185.0,3.0,"$31,400"
Toyota,Green,,3.0,"$5,400"
BMW,Silver,119647.0,4.0,"$19,300"
Toyota,Black,62102.0,5.0,"$7,000"
Toyota,Red,127706.0,4.0,"$3,500"
Toyota,Green,58986.0,4.0,"$13,200"
Toyota,White,135539.0,4.0,"$6,300"
Toyota,Green,91024.0,4.0,"$7,000"
Toyota,Red,69483.0,3.0,"$11,300"
Toyota,White,71914.0,3.0,"$9,700"
BMW,Grey,3482.0,5.0,"$36,200"
Honda,Silver,116483.0,4.0,"$10,800"
Toyota,Blue,165102.0,4.0,"$4,300"
Honda,Red,74797.0,4.0,"$4,500"
Honda,Blue,242740.0,4.0,"$2,500"
Toyota,Red,152013.0,3.0,"$2,600"
Toyota,Red,149812.0,4.0,"$13,600"
BMW,Grey,62468.0,4.0,"$18,700"
Honda,Black,85337.0,5.0,"$4,000"
Honda,White,90181.0,4.0,"$12,000"
Nissan,Red,109997.0,4.0,"$6,000"
Nissan,White,141543.0,4.0,"$7,000"
Toyota,White,11684.0,4.0,"$14,500"
Nissan,Red,248415.0,4.0,"$2,500"
Toyota,Red,93558.0,4.0,"$16,500"
Honda,Silver,145000.0,4.0,"$5,500"
Nissan,White,123543.0,5.0,"$7,000"
Toyota,White,59100.0,3.0,"$10,900"
Toyota,Blue,83441.0,5.0,"$11,900"
Honda,Red,56077.0,4.0,"$7,200"
Nissan,Red,109688.0,4.0,"$11,300"
Nissan,Silver,116603.0,4.0,"$5,800"
Nissan,Silver,154228.0,4.0,"$4,500"
Nissan,White,216609.0,4.0,"$2,500"
Honda,Silver,125623.0,4.0,"$5,700"
Nissan,White,140172.0,5.0,"$6,900"
Honda,Silver,89287.0,4.0,"$8,100"
BMW,Blue,38202.0,5.0,"$29,000"
Nissan,Red,147220.0,4.0,"$4,700"
Toyota,Black,112937.0,5.0,"$10,300"
Nissan,Black,117517.0,4.0,"$6,300"
Honda,Black,92862.0,5.0,"$18,400"
Toyota,Blue,114204.0,4.0,"$11,400"
Nissan,Silver,136529.0,4.0,"$5,000"
BMW,Grey,119347.0,4.0,"$20,700"
Honda,Blue,142642.0,4.0,"$6,000"
BMW,Grey,24681.0,5.0,"$30,200"
Nissan,Red,50138.0,4.0,"$11,000"
BMW,White,14845.0,5.0,"$26,200"
Honda,White,23276.0,4.0,"$21,200"
Honda,Blue,12609.0,4.0,"$13,200"
Honda,,146878.0,5.0,"$10,800"
Toyota,White,,5.0,"$7,800"
Honda,Silver,156852.0,4.0,"$9,200"
Honda,Silver,102190.0,4.0,"$9,800"
Honda,Blue,77411.0,5.0,"$8,100"
Honda,White,151383.0,4.0,"$10,600"
,Silver,49562.0,5.0,"$11,800"
Toyota,Blue,90541.0,4.0,"$10,400"
Toyota,Black,101343.0,4.0,"$13,300"
Nissan,White,70155.0,4.0,"$6,600"
Toyota,White,162304.0,5.0,"$6,400"
Toyota,Red,32322.0,4.0,"$11,600"
Toyota,White,80837.0,4.0,"$16,000"
BMW,Blue,103842.0,3.0,"$29,900"
BMW,Blue,99438.0,3.0,"$28,800"
BMW,White,36100.0,5.0,"$26,000"
Toyota,Green,46524.0,4.0,"$11,200"
Honda,Blue,124837.0,5.0,"$9,000"
BMW,Silver,120082.0,4.0,"$15,300"
Nissan,White,140013.0,4.0,"$2,500"
Toyota,Green,102897.0,4.0,"$11,600"
Honda,Blue,81703.0,5.0,"$12,300"
Toyota,Green,48093.0,4.0,"$6,500"
Toyota,Blue,126965.0,5.0,"$15,100"
Nissan,Black,56221.0,4.0,"$12,800"
Toyota,Red,100258.0,3.0,"$4,800"
Honda,Black,37687.0,4.0,"$12,300"
Toyota,Red,76967.0,4.0,"$6,800"
Toyota,Blue,9909.0,4.0,"$11,600"
Nissan,Blue,122853.0,5.0,
Toyota,Black,71935.0,4.0,"$12,300"
Toyota,Red,152081.0,3.0,"$7,900"
Nissan,Red,105206.0,5.0,"$10,100"
Toyota,Black,48087.0,5.0,"$12,700"
Nissan,Red,100739.0,5.0,"$4,700"
Toyota,White,76166.0,4.0,"$4,600"
Toyota,Black,197433.0,5.0,"$3,400"
Toyota,Red,180477.0,3.0,"$5,400"
Honda,White,119113.0,4.0,"$6,700"
Nissan,Red,123644.0,4.0,"$7,800"
Toyota,Red,132556.0,4.0,"$10,900"
Toyota,,78846.0,3.0,"$8,500"
Toyota,White,15102.0,4.0,"$15,800"
Toyota,Red,154283.0,3.0,"$11,700"
Honda,Blue,106648.0,5.0,"$7,100"
Toyota,White,9751.0,5.0,"$18,400"
BMW,White,3000.0,4.0,"$25,900"
Toyota,Black,86336.0,4.0,"$10,700"
Toyota,Red,99861.0,4.0,"$10,400"
Toyota,Red,3000.0,5.0,"$15,300"
BMW,Black,3000.0,3.0,"$32,200"
Honda,White,65353.0,,"$4,300"
Toyota,Blue,55661.0,4.0,"$10,300"
BMW,Grey,115009.0,5.0,"$24,800"
Nissan,Silver,131288.0,4.0,"$9,100"
Honda,Blue,87385.0,5.0,"$12,600"
Honda,Red,124825.0,4.0,"$3,900"
Honda,White,162703.0,4.0,"$2,500"
BMW,White,103529.0,4.0,"$13,600"
Honda,Blue,120859.0,5.0,"$14,400"
Toyota,Green,86925.0,4.0,"$9,200"
Toyota,Black,129742.0,4.0,"$7,800"
Honda,White,179277.0,4.0,"$6,000"
Toyota,Blue,81351.0,3.0,"$8,300"
Nissan,Black,59754.0,4.0,"$7,900"
Toyota,Green,79764.0,5.0,"$9,500"
BMW,,37356.0,3.0,"$39,200"
Nissan,Silver,54314.0,4.0,"$10,000"
Honda,Blue,120441.0,5.0,"$10,700"
Nissan,Blue,108718.0,5.0,"$7,000"
Nissan,Blue,137286.0,4.0,"$6,300"
BMW,White,54123.0,3.0,"$14,700"
Toyota,Black,73667.0,5.0,"$8,600"
Honda,Red,59976.0,4.0,"$10,900"
Honda,Silver,109219.0,4.0,"$14,100"
Honda,Blue,66204.0,4.0,"$13,000"
Honda,Silver,106686.0,4.0,"$12,700"
BMW,Grey,89201.0,4.0,"$17,500"
Toyota,White,8401.0,5.0,"$16,100"
Honda,Red,66634.0,4.0,"$7,600"
Nissan,Silver,41015.0,5.0,"$11,300"
Honda,Red,164369.0,4.0,"$4,700"
Toyota,Blue,128694.0,3.0,"$7,500"
Toyota,Black,30952.0,4.0,"$15,900"
Toyota,White,41076.0,4.0,"$12,900"
Nissan,Black,92874.0,4.0,"$10,300"
Honda,Blue,41208.0,4.0,"$13,000"
BMW,White,29728.0,4.0,"$23,600"
Honda,White,3000.0,4.0,"$19,900"
Honda,Black,118426.0,4.0,"$6,100"
Honda,Blue,38016.0,5.0,"$11,200"
Honda,Blue,126410.0,4.0,"$2,500"
Nissan,Blue,104071.0,4.0,"$11,800"
Honda,White,37570.0,4.0,"$12,300"
Nissan,White,235385.0,5.0,"$3,400"
Honda,Black,98044.0,4.0,"$10,900"
Nissan,Silver,89551.0,4.0,"$11,300"
Honda,White,72832.0,4.0,"$4,500"
BMW,Blue,48565.0,5.0,"$20,400"
Honda,Blue,78502.0,4.0,"$9,300"
Toyota,Red,160266.0,4.0,"$9,300"
Toyota,White,111689.0,3.0,"$8,600"
Nissan,Black,52703.0,4.0,"$4,200"
Toyota,Red,103884.0,3.0,"$11,400"
Honda,,86799.0,4.0,"$8,300"
Honda,White,114296.0,4.0,"$8,200"
Honda,White,172915.0,4.0,"$9,400"
Toyota,Blue,147894.0,5.0,"$10,900"
BMW,Black,,5.0,"$33,000"
Nissan,Blue,133074.0,5.0,"$8,100"
Nissan,,139586.0,5.0,"$7,500"
Honda,Red,221641.0,4.0,"$3,000"
Toyota,Red,146689.0,3.0,"$5,300"
Nissan,White,156275.0,4.0,"$7,200"
Honda,White,109492.0,4.0,"$13,700"
Toyota,White,52017.0,3.0,"$9,900"
Toyota,Blue,109043.0,4.0,"$12,400"
Nissan,Black,122048.0,4.0,"$9,900"
Nissan,,74945.0,4.0,"$5,600"
Nissan,Red,129255.0,4.0,"$5,700"
Nissan,White,142400.0,4.0,"$5,300"
BMW,White,50719.0,4.0,"$25,400"
Toyota,Red,99500.0,4.0,"$9,000"
Toyota,Black,87437.0,4.0,"$9,600"
Honda,Blue,133119.0,4.0,"$8,100"
Nissan,Silver,238378.0,5.0,"$2,500"
BMW,Grey,41863.0,4.0,"$43,600"
Honda,Blue,111854.0,4.0,"$11,500"
Toyota,Blue,128789.0,5.0,"$11,400"
,Silver,117711.0,4.0,"$5,000"
Honda,Red,109641.0,4.0,"$4,500"
Honda,Red,83630.0,5.0,"$8,200"
Honda,White,109158.0,4.0,"$9,700"
Toyota,White,123019.0,5.0,"$10,600"
Toyota,,66445.0,4.0,"$10,800"
Toyota,Red,145860.0,4.0,"$11,200"
BMW,Black,16835.0,3.0,"$16,900"
Honda,Blue,57109.0,5.0,"$14,900"
Toyota,Red,,,"$3,200"
Honda,Silver,106750.0,5.0,"$15,000"
Honda,Blue,111934.0,4.0,"$12,800"
Nissan,White,167928.0,4.0,"$2,500"
BMW,White,57020.0,5.0,"$26,500"
BMW,Black,69373.0,5.0,"$31,900"
Nissan,Red,134886.0,4.0,"$2,500"
Toyota,Black,29732.0,4.0,"$6,600"
Toyota,White,107118.0,3.0,"$9,600"
Honda,Silver,105594.0,4.0,"$6,000"
Toyota,Green,133055.0,4.0,"$10,100"
Nissan,Black,41711.0,4.0,"$6,500"
Nissan,Black,111992.0,5.0,"$12,400"
Toyota,Green,186386.0,4.0,"$7,100"
Toyota,Black,60040.0,4.0,"$15,000"
BMW,Silver,45998.0,5.0,"$21,900"
Honda,Red,3000.0,4.0,"$13,800"
Toyota,,65246.0,4.0,"$11,900"
BMW,Grey,3000.0,3.0,"$28,300"
Toyota,Black,3000.0,4.0,"$18,300"
Toyota,White,125138.0,3.0,"$7,100"
Honda,Red,119010.0,4.0,"$5,100"
Nissan,Red,116053.0,4.0,"$8,600"
Honda,Red,3000.0,4.0,
BMW,Silver,64048.0,4.0,"$24,100"
Nissan,White,193597.0,4.0,"$2,500"
Honda,White,62184.0,4.0,"$5,100"
Honda,White,164493.0,5.0,"$6,000"
BMW,Grey,46586.0,4.0,"$25,700"
BMW,Silver,91721.0,5.0,"$27,000"
BMW,Black,176211.0,4.0,"$23,200"
Honda,Red,69668.0,5.0,"$9,400"
Toyota,Green,77576.0,4.0,"$5,600"
Honda,Black,93913.0,4.0,"$11,900"
Honda,White,62558.0,4.0,"$8,400"
Toyota,Blue,176829.0,4.0,"$2,500"
Honda,White,3000.0,4.0,"$10,200"
Nissan,Red,25735.0,5.0,"$12,400"
Nissan,Blue,91800.0,4.0,"$7,200"
Toyota,Red,157952.0,4.0,"$5,000"
BMW,Black,97553.0,3.0,"$32,800"
Toyota,Blue,74305.0,5.0,"$14,300"
Toyota,Red,85425.0,4.0,"$13,600"
BMW,Silver,3000.0,4.0,"$17,500"
Toyota,Green,77654.0,4.0,"$7,600"
Toyota,Blue,71131.0,4.0,"$10,700"
Toyota,Green,135440.0,4.0,"$6,400"
BMW,Grey,30397.0,3.0,"$23,600"
Nissan,Black,68927.0,4.0,"$6,600"
Toyota,Black,14123.0,5.0,"$15,300"
Honda,Red,64702.0,4.0,"$13,500"
Toyota,White,22735.0,5.0,"$12,700"
BMW,Blue,141142.0,4.0,"$15,500"
Toyota,White,85700.0,4.0,"$6,900"
Toyota,Green,27881.0,4.0,"$17,700"
Toyota,Blue,106894.0,4.0,"$10,200"
Nissan,Black,17006.0,5.0,"$13,100"
Toyota,Red,158185.0,4.0,"$10,900"
Toyota,Black,132753.0,5.0,"$5,800"
Toyota,White,114282.0,5.0,"$12,300"
Nissan,Silver,,5.0,"$9,400"
Toyota,Black,144184.0,3.0,"$10,100"
Toyota,Red,17473.0,5.0,"$17,100"
Honda,Red,96574.0,5.0,"$12,200"
Honda,Silver,61542.0,4.0,"$12,900"
Toyota,Black,141879.0,5.0,"$7,900"
Nissan,Silver,112994.0,4.0,"$5,200"
BMW,Blue,134368.0,5.0,"$21,900"
Honda,White,47742.0,4.0,"$9,400"
Honda,Silver,98084.0,4.0,"$11,500"
Honda,White,27880.0,4.0,"$18,000"
BMW,Blue,77964.0,5.0,"$28,300"
BMW,White,60918.0,5.0,"$26,300"
Honda,Silver,84882.0,5.0,"$13,600"
Honda,Red,91619.0,4.0,"$11,600"
Honda,Black,71175.0,4.0,"$11,200"
,Silver,66980.0,5.0,"$12,900"
BMW,Grey,29982.0,4.0,"$24,700"
Toyota,Black,81622.0,4.0,"$10,000"
Toyota,Red,135569.0,4.0,"$7,300"
Toyota,,170484.0,5.0,"$4,200"
BMW,White,72113.0,5.0,"$20,600"
Honda,Black,112206.0,5.0,"$9,400"
Nissan,White,103316.0,4.0,"$10,300"
Toyota,Red,63974.0,4.0,"$13,500"
Nissan,Silver,68938.0,5.0,"$9,900"
Toyota,Blue,35830.0,3.0,"$10,000"
Toyota,Blue,93728.0,3.0,"$15,300"
Nissan,Red,117645.0,5.0,"$11,400"
Nissan,Blue,124338.0,4.0,"$5,200"
Honda,Black,165889.0,4.0,"$7,500"
Honda,Black,61149.0,4.0,"$12,500"
Toyota,Red,82785.0,4.0,"$4,400"
Honda,Blue,136926.0,5.0,"$11,300"
Honda,White,180221.0,5.0,"$7,300"
Nissan,Red,98071.0,4.0,"$9,500"
Toyota,Green,142190.0,5.0,"$13,400"
Honda,Blue,89857.0,4.0,"$9,000"
Toyota,Blue,60791.0,4.0,"$13,600"
Toyota,White,17490.0,4.0,"$16,500"
Toyota,Red,128567.0,4.0,"$10,500"
Toyota,Black,105187.0,3.0,"$14,100"
Toyota,White,143343.0,4.0,"$6,100"
Honda,Silver,63719.0,4.0,"$8,200"
BMW,Silver,88153.0,4.0,"$17,700"
Nissan,Blue,172669.0,5.0,"$8,100"
Honda,White,49807.0,5.0,"$11,600"
Honda,Silver,92797.0,4.0,"$12,100"
Nissan,Black,202123.0,4.0,"$2,500"
Toyota,Green,81454.0,4.0,"$9,400"
BMW,White,6171.0,5.0,"$25,600"
Honda,Silver,112532.0,4.0,"$7,700"
Honda,Red,17858.0,4.0,"$21,400"
Toyota,Red,111841.0,4.0,"$9,800"
Nissan,Blue,50516.0,4.0,"$10,400"
Toyota,Blue,89460.0,5.0,"$5,200"
Honda,Black,40627.0,4.0,"$14,500"
Nissan,,220864.0,4.0,"$2,700"
Honda,,144947.0,4.0,"$6,600"
Toyota,Blue,93499.0,4.0,"$13,800"
Toyota,Green,184464.0,5.0,"$10,300"
Nissan,Silver,52283.0,4.0,"$9,500"
Nissan,White,127541.0,4.0,"$5,400"
Toyota,Black,118168.0,,"$12,100"
Nissan,Black,168157.0,,"$8,800"
Honda,White,76186.0,4.0,"$6,100"
Toyota,Blue,116628.0,5.0,"$16,000"
Toyota,White,73197.0,4.0,"$13,600"
BMW,Grey,94221.0,5.0,"$25,800"
Nissan,Silver,112387.0,4.0,"$4,500"
Honda,,3000.0,4.0,"$10,300"
Nissan,Blue,90142.0,4.0,"$10,700"
Nissan,Silver,106224.0,4.0,"$5,800"
Honda,White,49232.0,5.0,"$14,200"
Nissan,White,188068.0,4.0,"$6,000"
Honda,White,121095.0,4.0,"$3,700"
Nissan,Silver,92306.0,4.0,"$12,900"
Honda,White,145853.0,4.0,"$2,500"
Nissan,Silver,108886.0,4.0,"$8,000"
Nissan,Red,69319.0,5.0,"$3,400"
Honda,White,96743.0,4.0,"$6,900"
Toyota,Blue,57240.0,4.0,"$10,900"
Nissan,Red,104514.0,5.0,"$7,700"
Honda,Black,49568.0,5.0,"$11,700"
BMW,White,3000.0,5.0,"$30,900"
Toyota,Green,3000.0,5.0,"$13,700"
Nissan,Blue,163474.0,4.0,"$2,500"
Toyota,Black,135254.0,5.0,"$13,000"
Toyota,Green,3000.0,4.0,"$13,500"
Toyota,Black,3000.0,5.0,"$15,200"
Toyota,Red,97627.0,4.0,"$2,500"
Toyota,White,198091.0,4.0,"$6,400"
Toyota,Red,,3.0,"$15,900"
Toyota,Red,4628.0,3.0,"$9,600"
Toyota,Blue,3000.0,5.0,"$21,100"
BMW,Blue,78958.0,3.0,"$27,900"
Toyota,Red,113652.0,5.0,"$11,800"
BMW,Grey,68279.0,4.0,"$26,800"
Honda,Blue,97164.0,4.0,"$7,400"
BMW,,63041.0,4.0,"$27,100"
Toyota,Black,103748.0,4.0,"$5,400"
Honda,Silver,,4.0,"$15,800"
Nissan,Blue,94808.0,4.0,"$9,100"
Toyota,Blue,41209.0,4.0,"$8,100"
BMW,Blue,29568.0,,"$25,400"
Toyota,Blue,63412.0,4.0,"$15,900"
Toyota,Red,107335.0,4.0,"$15,500"
Nissan,Black,134646.0,4.0,"$2,500"
Nissan,Black,171138.0,4.0,"$2,500"
Toyota,Green,109987.0,4.0,"$6,500"
Honda,Blue,194850.0,5.0,"$9,600"
Honda,Black,56392.0,5.0,"$11,700"
Honda,Black,103740.0,4.0,"$11,700"
Toyota,Red,99515.0,3.0,"$5,800"
Honda,Red,57557.0,4.0,"$10,900"
Toyota,Green,162191.0,5.0,"$8,500"
Nissan,Red,68688.0,4.0,"$10,400"
Nissan,Red,90328.0,4.0,"$10,000"
Honda,Silver,213296.0,4.0,"$2,700"
Nissan,Red,156889.0,5.0,"$3,300"
Nissan,Blue,105713.0,4.0,"$7,200"
Toyota,Black,87928.0,4.0,"$18,700"
Honda,Blue,77283.0,4.0,"$11,900"
Honda,Black,3000.0,4.0,"$15,200"
BMW,Silver,112966.0,4.0,"$19,600"
Honda,White,3000.0,4.0,"$13,500"
Toyota,Black,98893.0,4.0,"$12,700"
BMW,Silver,149457.0,4.0,"$18,900"
Honda,White,50898.0,4.0,"$7,900"
Honda,White,101507.0,5.0,"$11,200"
Honda,Black,65808.0,4.0,"$13,200"
Nissan,White,138061.0,4.0,"$5,700"
BMW,Grey,27098.0,3.0,"$22,900"
BMW,Grey,3000.0,4.0,"$29,600"
BMW,Black,66106.0,4.0,"$26,600"
BMW,Black,86181.0,5.0,"$27,700"
BMW,Black,,5.0,
Nissan,Black,33358.0,4.0,"$9,200"
Nissan,Red,114826.0,4.0,"$4,600"
Honda,Silver,133287.0,4.0,"$5,600"
Toyota,Red,109247.0,4.0,"$9,900"
Nissan,Black,153791.0,4.0,"$7,400"
Toyota,Red,134089.0,4.0,"$2,500"
Nissan,Black,178872.0,4.0,"$7,900"
Toyota,Green,72929.0,5.0,"$12,100"
BMW,Grey,27585.0,4.0,"$14,300"
Toyota,White,59586.0,4.0,"$10,300"
Nissan,Blue,92128.0,4.0,"$5,200"
Toyota,Red,,3.0,"$10,900"
Honda,White,55029.0,4.0,"$12,800"
Nissan,Silver,150172.0,5.0,"$12,000"
BMW,White,112278.0,5.0,"$25,300"
Toyota,Black,65746.0,3.0,"$11,900"
Toyota,Black,114982.0,4.0,"$8,000"
Nissan,Red,155888.0,5.0,
Nissan,White,98313.0,4.0,"$8,900"
Honda,Black,78195.0,4.0,"$9,700"
Toyota,Red,90835.0,4.0,"$7,700"
Nissan,Red,177738.0,4.0,"$2,500"
Toyota,White,114544.0,3.0,"$9,800"
Nissan,Blue,58877.0,5.0,"$10,200"
Nissan,Red,61060.0,5.0,"$13,400"
Toyota,Blue,38783.0,4.0,"$10,800"
BMW,Silver,13582.0,4.0,"$18,900"
Honda,Blue,168378.0,4.0,"$7,500"
Toyota,Blue,105295.0,5.0,"$8,400"
Toyota,Black,145195.0,4.0,"$5,500"
Nissan,Silver,156443.0,4.0,"$2,500"
Nissan,White,75907.0,4.0,"$10,500"
Toyota,Black,142919.0,5.0,"$10,900"
Toyota,White,43416.0,4.0,"$11,300"
BMW,Blue,71589.0,3.0,"$18,500"
Toyota,Black,169290.0,4.0,"$2,500"
Nissan,White,68390.0,5.0,"$8,300"
Nissan,Silver,3000.0,4.0,"$8,400"
Honda,Red,122013.0,,"$8,000"
Toyota,Blue,179803.0,4.0,"$11,200"
BMW,Silver,83187.0,3.0,"$25,600"
Toyota,White,101428.0,3.0,"$2,500"
Nissan,Red,33904.0,4.0,"$10,600"
Nissan,Black,146497.0,4.0,"$6,200"
Nissan,Black,62021.0,5.0,"$12,500"
BMW,Silver,127262.0,5.0,"$29,200"
Toyota,Black,149459.0,3.0,"$5,300"
BMW,Blue,110189.0,5.0,"$24,700"
Toyota,Green,124600.0,4.0,"$9,400"
Toyota,Blue,91682.0,3.0,"$6,800"
Nissan,Silver,107400.0,4.0,"$9,700"
Toyota,Red,75043.0,4.0,"$14,000"
Nissan,White,153275.0,5.0,"$4,800"
BMW,Black,123329.0,3.0,"$19,500"
Nissan,Black,196534.0,4.0,"$4,200"
Honda,Black,91238.0,5.0,"$7,700"
Honda,Red,87763.0,4.0,"$8,900"
BMW,White,12151.0,4.0,"$26,300"
Honda,Red,53417.0,4.0,"$12,900"
Honda,Blue,154701.0,4.0,"$2,800"
Honda,Black,174190.0,4.0,"$5,400"
Toyota,Red,47298.0,4.0,"$14,900"
BMW,White,46248.0,5.0,"$26,300"
Toyota,White,76977.0,5.0,"$9,300"
Toyota,Black,135647.0,4.0,"$7,700"
Toyota,Red,23294.0,3.0,"$14,400"
Honda,Blue,34132.0,5.0,"$9,400"
Honda,White,149245.0,4.0,"$3,200"
Honda,White,3000.0,4.0,"$15,500"
Nissan,Silver,94983.0,4.0,"$7,100"
BMW,Silver,51790.0,4.0,"$27,400"
Toyota,Red,58858.0,4.0,"$16,600"
Nissan,Red,29331.0,5.0,"$12,400"
Nissan,Silver,147958.0,4.0,"$3,200"
Nissan,Silver,54670.0,4.0,"$12,200"
Toyota,Black,46475.0,4.0,"$10,900"
Toyota,Black,144140.0,3.0,"$7,400"
Nissan,White,11359.0,4.0,"$16,100"
Nissan,Red,82319.0,4.0,"$7,000"
Nissan,Blue,126323.0,5.0,"$8,400"
BMW,Blue,147366.0,4.0,"$10,500"
Toyota,Blue,140949.0,3.0,"$9,600"
,Red,90867.0,3.0,"$12,000"
BMW,White,104239.0,3.0,"$13,500"
BMW,White,138490.0,4.0,"$11,700"
Toyota,Black,38963.0,5.0,
Toyota,Green,198096.0,5.0,"$4,500"
Honda,Black,90467.0,4.0,"$14,000"
Nissan,Blue,95182.0,4.0,"$4,500"
Nissan,Blue,88634.0,4.0,"$11,400"
Nissan,Silver,115968.0,4.0,"$11,700"
Honda,White,127420.0,4.0,"$5,900"
Toyota,Red,100655.0,4.0,"$7,200"
Honda,Black,59915.0,4.0,"$24,600"
Toyota,White,150968.0,4.0,"$10,500"
Honda,Red,,4.0,"$15,400"
Nissan,Red,173567.0,4.0,"$8,700"
Honda,Blue,179989.0,5.0,"$2,500"
Toyota,Black,40288.0,3.0,"$9,000"
BMW,Blue,25354.0,5.0,"$29,900"
Toyota,Red,68526.0,5.0,"$18,800"
BMW,Grey,144996.0,3.0,"$20,500"
Honda,Red,185855.0,4.0,"$9,400"
Honda,Blue,70366.0,5.0,"$5,100"
Toyota,Black,86665.0,5.0,"$9,600"
Honda,Red,101912.0,4.0,"$9,100"
Honda,Silver,95024.0,4.0,"$11,000"
Toyota,White,34948.0,3.0,"$13,600"
Honda,White,70898.0,4.0,"$11,100"
Toyota,Black,147785.0,5.0,"$4,800"
Nissan,White,96247.0,4.0,"$7,300"
Toyota,Blue,71258.0,5.0,"$15,000"
BMW,Black,34743.0,3.0,"$22,400"
Nissan,Silver,72244.0,5.0,"$12,300"
Honda,Blue,68362.0,4.0,"$11,900"
Honda,White,186833.0,5.0,"$5,500"
Toyota,Black,155827.0,4.0,"$13,000"
Nissan,Black,169522.0,4.0,"$4,300"
Nissan,White,147958.0,4.0,"$2,500"
Nissan,Silver,68317.0,4.0,"$7,400"
Nissan,Silver,237474.0,4.0,"$2,500"
Toyota,Black,54971.0,4.0,"$9,100"
Toyota,Black,127110.0,4.0,
Nissan,Blue,172858.0,4.0,"$5,700"
BMW,White,7023.0,5.0,"$23,400"
BMW,Black,122343.0,5.0,"$22,100"
Nissan,Black,178505.0,4.0,"$3,500"
Honda,Red,45552.0,4.0,"$10,600"
Honda,White,45533.0,5.0,"$10,700"
BMW,Black,73438.0,4.0,"$28,400"
Toyota,White,15310.0,4.0,"$14,000"
BMW,White,40362.0,4.0,"$22,200"
Toyota,Black,104899.0,5.0,"$9,000"
Honda,White,158342.0,4.0,"$9,900"
BMW,Silver,114636.0,4.0,"$19,700"
Toyota,Blue,47950.0,4.0,"$12,800"
Honda,Blue,84783.0,4.0,"$7,900"
Nissan,,46158.0,4.0,"$9,800"
BMW,Grey,48029.0,5.0,"$31,200"
Nissan,Red,149245.0,4.0,"$7,800"
Honda,White,31553.0,5.0,"$14,200"
BMW,Silver,34446.0,5.0,"$19,500"
Nissan,White,87998.0,4.0,"$10,700"
Honda,Silver,74128.0,4.0,"$15,100"
BMW,Grey,88052.0,,"$21,500"
Toyota,Red,158322.0,3.0,"$7,700"
Toyota,Red,49506.0,4.0,"$18,300"
Toyota,Blue,111492.0,5.0,"$10,300"
Toyota,Blue,53512.0,4.0,"$16,000"
BMW,White,86725.0,3.0,"$27,400"
Honda,Blue,67638.0,4.0,"$13,100"
Honda,White,135767.0,4.0,"$5,400"
Honda,Silver,23984.0,5.0,"$15,200"
Nissan,Silver,23892.0,4.0,"$11,400"
Honda,Red,70532.0,,"$14,000"
Toyota,Red,77572.0,4.0,"$14,500"
Toyota,White,71261.0,3.0,"$13,800"
Honda,Blue,190896.0,5.0,
BMW,Grey,77265.0,5.0,"$43,200"
Toyota,Green,101462.0,4.0,"$9,500"
Nissan,Red,156155.0,4.0,"$4,700"
Toyota,Black,9224.0,3.0,"$17,300"
Toyota,White,3000.0,4.0,"$13,300"
Nissan,White,179615.0,4.0,"$2,700"
Nissan,White,73152.0,4.0,"$10,900"
Toyota,White,53742.0,4.0,"$8,400"
Nissan,Black,127372.0,4.0,"$5,800"
Honda,Black,32303.0,4.0,"$14,400"
BMW,White,84508.0,4.0,"$22,000"
BMW,Grey,52764.0,4.0,"$28,800"
BMW,White,,5.0,"$21,800"
Toyota,Green,132043.0,5.0,"$10,400"
Toyota,Blue,143723.0,3.0,"$7,200"
Toyota,Black,50559.0,4.0,"$11,100"
Honda,Blue,108456.0,4.0,"$14,100"
Honda,Black,68767.0,4.0,"$13,200"
Toyota,Red,80941.0,4.0,"$11,200"
Nissan,Silver,196862.0,4.0,"$4,900"
Nissan,,42487.0,4.0,"$8,600"
Honda,,152298.0,4.0,"$7,100"
Honda,Red,36855.0,4.0,"$9,500"
Toyota,Black,134581.0,3.0,"$11,000"
Honda,Blue,92857.0,4.0,"$16,800"
Toyota,Black,140855.0,5.0,"$8,300"
Toyota,Green,55583.0,4.0,"$8,400"
Toyota,White,115441.0,3.0,"$6,900"
Honda,Silver,172339.0,4.0,"$10,100"
Toyota,Green,130919.0,4.0,"$4,200"
Toyota,White,63044.0,4.0,"$15,900"
Toyota,Red,68720.0,3.0,"$14,100"
BMW,Black,84933.0,3.0,"$23,900"
Nissan,White,72641.0,4.0,"$8,400"
Toyota,White,107861.0,3.0,"$12,100"
Toyota,Blue,51941.0,4.0,"$11,500"
Honda,Black,94151.0,4.0,"$11,600"
Toyota,White,50759.0,5.0,"$8,900"
Honda,Black,124350.0,4.0,"$3,600"
BMW,Black,118969.0,4.0,"$21,900"
Nissan,Red,25338.0,4.0,"$9,500"
Toyota,Green,117714.0,4.0,"$6,900"
Toyota,Red,99041.0,3.0,"$11,500"
Honda,White,82294.0,4.0,"$7,100"
Honda,Black,77648.0,5.0,"$15,300"
Honda,Silver,172883.0,4.0,"$2,500"
Honda,White,144369.0,4.0,"$7,800"
,Black,146047.0,5.0,"$7,100"
Honda,Black,7123.0,4.0,"$15,400"
Honda,Black,46833.0,4.0,"$7,600"
Toyota,White,29443.0,3.0,"$14,400"
Toyota,Black,105251.0,4.0,"$12,600"
BMW,Black,93101.0,4.0,"$21,400"
Toyota,White,94335.0,4.0,"$8,700"
Toyota,Black,87062.0,3.0,"$6,900"
Toyota,Blue,118305.0,4.0,"$12,600"
Toyota,White,55536.0,4.0,"$16,300"
Nissan,Red,118357.0,4.0,"$7,000"
Nissan,Red,16831.0,5.0,"$7,200"
Honda,Blue,98917.0,4.0,"$11,500"
Toyota,Red,63088.0,4.0,"$17,000"
Toyota,Blue,136216.0,3.0,"$4,500"
Honda,Red,93480.0,4.0,"$16,700"
Honda,White,32356.0,4.0,"$13,900"
Nissan,Blue,93926.0,4.0,"$9,500"
Honda,Red,152829.0,4.0,"$5,300"
Honda,Red,145707.0,4.0,"$13,500"
Honda,Red,95181.0,4.0,"$11,500"
Toyota,Red,67297.0,4.0,"$11,500"
Honda,Blue,83519.0,4.0,"$12,200"
Nissan,Red,179461.0,5.0,"$3,900"
Toyota,Black,177748.0,4.0,"$11,500"
Toyota,Green,142036.0,4.0,"$5,800"
Nissan,White,77737.0,4.0,"$6,300"
Nissan,Blue,165153.0,4.0,"$2,500"
Nissan,Red,149902.0,4.0,"$2,500"
Nissan,Blue,158118.0,4.0,"$4,700"
BMW,White,121012.0,5.0,"$30,700"
Toyota,Blue,172623.0,3.0,"$10,400"
Nissan,,120043.0,5.0,"$4,200"
Nissan,Silver,53058.0,5.0,"$4,900"
BMW,Grey,19486.0,5.0,"$28,500"
Toyota,White,68897.0,4.0,"$11,000"
Toyota,Black,123621.0,4.0,"$8,200"
Toyota,Black,39664.0,3.0,"$12,100"
Toyota,White,51278.0,3.0,"$10,600"
Honda,Silver,156453.0,4.0,"$5,700"
Toyota,White,190089.0,4.0,"$10,400"
Toyota,Green,67876.0,4.0,"$7,400"
Honda,Silver,89477.0,,"$13,100"
Toyota,,72510.0,3.0,"$13,300"
Nissan,Blue,179672.0,4.0,"$2,500"
Nissan,Red,74141.0,4.0,"$10,300"
Honda,White,99288.0,4.0,"$7,100"
Toyota,Green,,4.0,"$10,100"
Toyota,Black,16627.0,5.0,"$17,400"
Nissan,White,85193.0,4.0,"$2,500"
Nissan,Silver,110663.0,5.0,"$5,700"
Nissan,White,206574.0,5.0,"$2,500"
Nissan,Blue,50531.0,4.0,"$11,000"
Nissan,Red,75014.0,4.0,"$6,400"
Toyota,Green,124494.0,4.0,"$4,900"
Toyota,Blue,22221.0,3.0,"$18,300"
BMW,Blue,89338.0,3.0,"$21,400"
Toyota,,97819.0,4.0,"$12,000"
Honda,Black,138720.0,4.0,"$5,200"
Nissan,Black,132504.0,4.0,"$4,800"
Toyota,Blue,,5.0,"$11,800"
Honda,Blue,91679.0,4.0,"$11,600"
Nissan,Red,139276.0,5.0,"$2,500"
Toyota,Blue,27393.0,4.0,"$12,300"
Toyota,White,193088.0,4.0,"$3,000"
Nissan,Black,100339.0,4.0,"$6,200"
Toyota,White,69189.0,5.0,"$12,800"
Toyota,Black,170840.0,4.0,"$8,400"
Honda,Blue,53430.0,5.0,"$20,200"
Honda,White,95771.0,5.0,"$8,300"
Toyota,Green,171429.0,3.0,"$3,600"
Honda,Black,171819.0,4.0,"$3,300"
Honda,Blue,160641.0,5.0,"$7,500"
BMW,Grey,119224.0,5.0,"$35,700"
Nissan,Silver,48573.0,4.0,"$13,200"
BMW,White,5826.0,3.0,"$20,300"
BMW,Silver,31256.0,4.0,"$30,200"
BMW,Silver,66386.0,5.0,"$24,800"
Nissan,Blue,120189.0,4.0,"$7,900"
Honda,White,124075.0,4.0,"$11,300"
Toyota,Black,192641.0,4.0,"$5,900"
Honda,Blue,66987.0,5.0,"$13,100"
Toyota,Black,38498.0,4.0,"$11,000"
Toyota,Black,149967.0,4.0,"$7,600"
Toyota,Green,35173.0,4.0,"$7,700"
Toyota,White,100533.0,4.0,"$13,700"
,White,146170.0,4.0,"$7,300"
Honda,Red,188427.0,5.0,"$5,200"
BMW,Blue,59180.0,5.0,"$9,500"
Toyota,Green,74737.0,4.0,"$13,300"
Toyota,Green,179325.0,3.0,"$2,500"
Honda,Black,114188.0,4.0,"$11,800"
Nissan,White,112627.0,4.0,"$2,500"
Nissan,Black,125848.0,4.0,"$8,400"
BMW,Silver,25208.0,5.0,"$26,200"
Nissan,Silver,47292.0,4.0,"$3,200"
Honda,Black,141296.0,5.0,"$8,000"
Nissan,White,201469.0,5.0,"$5,600"
Toyota,Red,79581.0,4.0,"$10,600"
Toyota,Red,127441.0,4.0,"$11,800"
Toyota,Red,114778.0,4.0,"$12,800"
Honda,Black,77759.0,4.0,"$7,400"
Toyota,Black,94629.0,4.0,"$11,200"
Toyota,White,35520.0,3.0,"$8,000"
BMW,Grey,83790.0,4.0,"$21,700"
Nissan,White,102712.0,4.0,"$6,300"
Honda,Black,,5.0,"$10,700"
Nissan,White,42708.0,5.0,"$9,400"
BMW,Blue,100700.0,5.0,"$28,100"
Nissan,White,109678.0,4.0,"$4,000"
Toyota,Black,62507.0,4.0,"$10,400"
Honda,Silver,105295.0,4.0,"$14,000"
Honda,Red,59029.0,4.0,"$7,800"
Nissan,Silver,105919.0,4.0,"$9,900"
Toyota,Red,22762.0,5.0,"$18,900"
Honda,Blue,83742.0,5.0,"$8,300"
Toyota,Red,14790.0,3.0,"$15,300"
BMW,White,57810.0,5.0,"$27,400"
BMW,White,27165.0,5.0,"$25,600"
Nissan,Red,84751.0,5.0,"$8,400"
Toyota,Black,63183.0,5.0,"$7,800"
Nissan,Blue,260000.0,4.0,"$2,500"
Toyota,Blue,107435.0,5.0,"$4,700"
Nissan,Blue,3000.0,5.0,"$12,900"
Honda,White,100369.0,4.0,"$12,900"
Toyota,White,118776.0,5.0,"$9,400"
BMW,Silver,25116.0,3.0,"$36,000"
Toyota,White,,3.0,"$3,000"
Toyota,Green,99974.0,4.0,"$9,900"
Honda,White,75408.0,5.0,"$13,300"
Honda,Red,131923.0,4.0,"$6,900"
BMW,Black,53203.0,5.0,"$36,400"
Honda,Red,136776.0,4.0,"$7,400"
Toyota,Green,13281.0,4.0,"$14,600"
Nissan,Blue,151092.0,4.0,"$2,500"
Nissan,Red,126104.0,4.0,"$4,900"
Honda,White,81398.0,5.0,"$8,000"
Toyota,White,90294.0,5.0,"$15,700"
Nissan,Black,87001.0,4.0,"$10,700"
BMW,Silver,31134.0,5.0,"$32,500"
Toyota,Green,98086.0,3.0,"$9,700"
Nissan,Blue,112400.0,5.0,"$9,100"
Honda,Blue,3000.0,4.0,"$9,300"
Nissan,White,135356.0,4.0,"$2,500"
Toyota,Red,70409.0,5.0,
BMW,Grey,30218.0,5.0,"$23,000"
Toyota,Red,112122.0,4.0,"$12,600"
BMW,White,24745.0,3.0,"$22,500"
BMW,Grey,34287.0,4.0,"$10,900"
Toyota,Green,105369.0,4.0,"$12,100"
BMW,Black,107699.0,3.0,
Nissan,Black,41904.0,5.0,"$11,100"
Toyota,Red,141122.0,3.0,"$7,600"
Toyota,White,113043.0,4.0,"$13,100"
Honda,Blue,56521.0,5.0,"$11,100"
BMW,Blue,133653.0,5.0,"$21,400"
Honda,Red,31167.0,5.0,"$10,900"
Honda,Black,46967.0,4.0,"$12,900"
Nissan,Blue,61826.0,4.0,"$9,800"
Toyota,White,59724.0,5.0,"$5,900"
Nissan,Red,129170.0,4.0,"$6,300"
Toyota,Blue,124923.0,5.0,"$7,400"
Nissan,Red,68345.0,4.0,"$9,800"
Toyota,Blue,176989.0,5.0,
Nissan,Black,135776.0,4.0,"$5,100"
Honda,Silver,17905.0,4.0,"$15,900"
Toyota,Green,145237.0,4.0,"$9,500"
Honda,White,83266.0,5.0,"$12,400"
Honda,White,134900.0,4.0,"$12,300"
Honda,Blue,139449.0,4.0,"$7,400"
Nissan,Black,38737.0,4.0,"$10,900"
Toyota,Green,111342.0,3.0,"$10,200"
Toyota,Blue,168402.0,5.0,"$7,200"
Toyota,Blue,207251.0,4.0,"$2,500"
BMW,Silver,82612.0,4.0,"$19,300"
Nissan,White,5195.0,4.0,"$11,300"
BMW,Black,3798.0,3.0,"$26,400"
Honda,White,93668.0,4.0,"$12,800"
Nissan,Blue,27575.0,5.0,"$13,800"
Nissan,Black,117492.0,4.0,"$9,500"
Toyota,Black,75548.0,3.0,"$6,300"
Toyota,Blue,34690.0,3.0,"$8,100"
Toyota,Green,122846.0,5.0,"$13,800"
Toyota,Green,68622.0,3.0,"$12,000"
Nissan,Silver,26687.0,5.0,"$12,100"
BMW,White,93079.0,4.0,"$14,500"
Honda,Black,82213.0,4.0,"$12,300"
Honda,Red,3000.0,4.0,"$17,500"
,Silver,131806.0,4.0,"$7,800"
Toyota,White,76538.0,4.0,
Toyota,Black,125771.0,5.0,"$9,500"
BMW,White,66348.0,4.0,"$32,300"
Toyota,Black,137627.0,5.0,"$15,400"
Honda,Red,99385.0,4.0,"$6,900"
Toyota,White,88202.0,5.0,"$12,700"
Honda,Red,140761.0,4.0,"$2,600"
Honda,Black,92409.0,4.0,"$14,500"
Toyota,Green,85509.0,3.0,"$12,200"
Nissan,Black,139614.0,4.0,"$8,200"
Nissan,Blue,66653.0,5.0,"$7,500"
Honda,Red,92973.0,5.0,"$5,400"
Honda,White,79052.0,4.0,"$10,800"
,Blue,139954.0,4.0,"$24,300"
Honda,White,122010.0,4.0,"$11,600"
Toyota,Blue,47837.0,3.0,"$11,100"
Toyota,Red,224121.0,4.0,"$3,900"
Honda,Black,145588.0,4.0,"$10,000"
Nissan,Silver,29225.0,4.0,"$11,600"
Nissan,Black,120217.0,4.0,"$7,500"
BMW,Black,33327.0,4.0,"$19,700"
Honda,Black,69151.0,4.0,"$10,500"
BMW,Black,114769.0,4.0,"$34,900"
Nissan,Silver,190209.0,4.0,"$5,400"
Toyota,White,45774.0,4.0,"$11,300"
Toyota,Green,108916.0,4.0,"$7,000"
Toyota,Green,128014.0,3.0,"$9,500"
Toyota,White,125887.0,3.0,"$11,300"
Toyota,Black,50961.0,3.0,"$14,700"
Honda,White,58609.0,4.0,"$8,200"
Honda,White,117541.0,4.0,"$11,900"
Toyota,Green,123376.0,4.0,"$8,400"
Toyota,Black,114127.0,4.0,"$10,100"
Toyota,Red,39450.0,3.0,"$7,900"
Toyota,Blue,93901.0,4.0,"$10,600"
Toyota,Blue,98589.0,4.0,"$12,300"
Toyota,Black,86795.0,4.0,"$12,700"
Honda,Blue,85059.0,4.0,"$15,200"
Toyota,Red,102197.0,4.0,"$17,300"
Nissan,Blue,131712.0,5.0,"$6,000"
BMW,Blue,27223.0,4.0,"$17,600"
BMW,Black,23359.0,3.0,"$20,800"
Toyota,White,118530.0,5.0,"$8,200"
Nissan,Black,122467.0,4.0,"$9,900"
Toyota,Black,93433.0,3.0,"$16,400"
Toyota,Black,36857.0,4.0,"$12,800"
BMW,Silver,42348.0,4.0,"$32,400"
Honda,White,3000.0,4.0,"$9,300"
Nissan,Blue,105988.0,4.0,"$11,100"
Nissan,Black,124647.0,4.0,"$2,900"
Honda,White,34536.0,4.0,
Honda,Silver,,4.0,"$8,100"
Honda,Black,162913.0,4.0,"$9,400"
Toyota,Red,164251.0,4.0,"$3,900"
Toyota,Green,18694.0,5.0,"$14,300"
Nissan,White,130767.0,4.0,"$6,900"
Honda,White,162952.0,4.0,"$2,500"
Honda,Blue,133265.0,4.0,"$4,200"
Honda,White,133075.0,4.0,"$6,100"
Honda,Silver,52929.0,5.0,"$10,200"
Toyota,White,22828.0,5.0,"$14,600"
Toyota,Black,57820.0,5.0,"$15,500"
Toyota,Red,131282.0,3.0,"$13,000"
Honda,White,109583.0,4.0,"$10,200"
Toyota,Black,170805.0,4.0,"$5,000"
Toyota,Green,20610.0,4.0,"$13,800"
Toyota,Black,24023.0,4.0,"$21,700"
BMW,Blue,126130.0,5.0,"$37,100"
Nissan,Red,115497.0,4.0,"$8,000"
Toyota,White,74107.0,3.0,"$13,200"
Honda,Black,33653.0,4.0,"$4,800"
Toyota,Black,56883.0,4.0,"$7,700"
Toyota,Red,174852.0,4.0,"$12,200"
Toyota,White,25047.0,4.0,"$17,800"
Toyota,Green,147472.0,5.0,"$2,800"
Nissan,Silver,90145.0,4.0,"$6,400"
Honda,Silver,127903.0,5.0,"$4,900"
Honda,Red,87254.0,5.0,"$8,200"
Honda,Red,114720.0,4.0,"$7,600"
BMW,Black,42519.0,5.0,"$25,800"
Honda,White,189730.0,4.0,"$3,600"
Toyota,Green,43867.0,4.0,"$13,900"
BMW,White,58971.0,5.0,"$17,000"
Toyota,Green,214037.0,5.0,"$3,600"
Honda,Blue,73862.0,4.0,"$10,800"
BMW,Black,137664.0,3.0,"$10,200"
Toyota,Blue,112351.0,4.0,"$16,100"
BMW,Silver,70406.0,4.0,"$17,000"
Nissan,Blue,77369.0,4.0,"$9,000"
Honda,Red,155878.0,4.0,"$5,300"
Honda,Blue,131679.0,4.0,"$3,300"
BMW,White,4363.0,4.0,"$25,000"
Honda,Black,161025.0,4.0,"$6,600"
BMW,Silver,77172.0,5.0,"$27,200"
Toyota,Black,155678.0,4.0,"$5,700"
Nissan,White,150543.0,4.0,"$2,900"
Honda,Silver,187197.0,4.0,"$2,700"
Nissan,White,62586.0,4.0,"$10,600"
Toyota,Blue,102148.0,4.0,"$11,000"
BMW,Silver,74547.0,4.0,"$17,800"
Nissan,White,202348.0,4.0,"$4,900"
Toyota,Green,168665.0,,"$4,500"
Honda,,111993.0,5.0,"$9,900"
Toyota,Black,156656.0,4.0,"$11,300"
Toyota,Blue,108038.0,5.0,"$5,500"
Toyota,Black,190542.0,4.0,"$7,800"
Honda,Red,62795.0,4.0,"$11,900"
Toyota,Red,19423.0,3.0,"$16,200"
Honda,Black,21381.0,4.0,"$12,300"
Honda,Black,103733.0,5.0,"$12,900"
Toyota,Blue,103540.0,4.0,"$11,900"
Honda,Blue,90647.0,4.0,"$9,400"
Toyota,Black,102444.0,4.0,"$9,600"
BMW,White,3000.0,3.0,"$22,300"
Nissan,Black,125707.0,4.0,"$5,700"
Toyota,Green,89897.0,3.0,"$7,900"
Honda,Red,50547.0,4.0,"$9,800"
Toyota,Black,82044.0,4.0,"$11,200"
Toyota,Green,118455.0,4.0,"$8,000"
Toyota,Green,44457.0,3.0,"$6,600"
Honda,Blue,216676.0,5.0,"$2,500"
Honda,White,67105.0,4.0,"$12,200"
Nissan,Black,132208.0,4.0,"$7,400"
Honda,White,70749.0,4.0,"$11,200"
Toyota,Blue,101189.0,4.0,"$9,000"
Nissan,White,125742.0,4.0,"$8,900"
Toyota,White,96845.0,4.0,"$10,200"
Nissan,Silver,171817.0,4.0,"$6,600"
Toyota,Green,180364.0,4.0,"$2,500"
Nissan,White,162686.0,5.0,"$6,700"
Toyota,Green,,4.0,"$12,500"
Nissan,Red,170862.0,4.0,"$2,500"
Honda,Black,113242.0,4.0,"$11,300"
Nissan,Silver,52022.0,5.0,"$10,000"
Nissan,White,128854.0,4.0,"$4,000"
Nissan,Red,62767.0,4.0,"$8,600"
Honda,Red,130478.0,4.0,"$9,400"
BMW,Grey,28820.0,5.0,"$31,800"
BMW,Blue,29890.0,4.0,"$16,400"
BMW,Black,49579.0,5.0,"$34,200"
Toyota,Red,132109.0,5.0,"$9,100"
Nissan,Silver,88664.0,4.0,"$7,000"
Toyota,Blue,103656.0,4.0,"$6,500"
Honda,Red,75290.0,4.0,"$9,500"
Toyota,Green,27744.0,5.0,"$10,800"
Nissan,White,134988.0,5.0,"$6,500"
Nissan,Red,94709.0,5.0,"$5,800"
Toyota,White,179996.0,4.0,"$3,700"
Toyota,Green,111082.0,4.0,"$7,300"
Honda,Blue,93741.0,4.0,"$10,700"
Nissan,White,35265.0,5.0,"$11,100"
Toyota,Blue,159917.0,3.0,"$12,000"
Toyota,Red,91239.0,4.0,"$10,500"
Toyota,White,212989.0,3.0,"$7,500"
BMW,Blue,,4.0,"$22,400"
Toyota,Blue,147740.0,4.0,"$4,600"
Toyota,Green,154561.0,4.0,"$7,900"
Nissan,Blue,140992.0,4.0,"$4,800"
Nissan,Silver,76729.0,4.0,"$12,300"
Toyota,Blue,85169.0,4.0,"$9,400"
Nissan,Red,107512.0,,"$7,400"
Honda,Blue,42520.0,4.0,"$10,100"
Nissan,White,77390.0,4.0,"$10,700"
Toyota,White,51929.0,3.0,"$5,800"
Honda,Red,3000.0,5.0,"$9,800"
Nissan,White,188246.0,5.0,"$4,000"
Toyota,Red,124064.0,3.0,"$9,600"
Toyota,Green,100921.0,4.0,"$9,100"
Toyota,Red,152315.0,3.0,"$7,100"
BMW,Grey,123762.0,3.0,"$25,600"
Honda,Red,62345.0,4.0,"$9,200"
Toyota,White,60171.0,4.0,"$15,900"
Honda,Silver,72557.0,5.0,"$8,700"
Toyota,Blue,114628.0,4.0,"$9,100"
Nissan,Black,128495.0,5.0,"$11,900"
Honda,Blue,135827.0,4.0,"$7,400"
Toyota,Blue,24761.0,4.0,"$12,000"
Honda,Blue,126130.0,4.0,"$4,300"
Honda,Black,194766.0,4.0,"$4,900"
Nissan,Red,114735.0,4.0,"$4,800"
BMW,Blue,85862.0,4.0,"$16,700"
BMW,Blue,155925.0,5.0,"$30,200"
Honda,Red,139246.0,4.0,"$2,900"
Toyota,Green,108681.0,3.0,"$12,000"
Nissan,Red,145213.0,4.0,"$2,500"
Nissan,White,75594.0,5.0,"$8,100"
Nissan,Blue,78207.0,5.0,"$13,000"
Honda,,3000.0,5.0,"$16,500"
BMW,Blue,10723.0,5.0,"$22,200"
BMW,Silver,3000.0,4.0,"$24,600"
Toyota,Red,176558.0,3.0,"$6,300"
Toyota,Green,35685.0,4.0,"$15,700"
Honda,White,151102.0,5.0,"$7,700"
Nissan,Red,225945.0,4.0,"$3,500"
Toyota,Black,133497.0,4.0,"$6,200"
Toyota,White,130624.0,5.0,"$10,100"
Nissan,Red,141110.0,4.0,"$3,500"
Toyota,Black,104661.0,4.0,"$7,500"
Honda,Silver,3000.0,5.0,"$17,400"
Toyota,White,19875.0,5.0,"$14,900"
BMW,Black,78986.0,3.0,"$26,000"
Honda,Silver,78412.0,4.0,"$11,000"
Toyota,Black,122490.0,3.0,"$10,700"
BMW,White,137804.0,3.0,"$22,400"
Nissan,White,115586.0,4.0,"$4,300"
Toyota,Green,120669.0,4.0,"$10,600"
Toyota,Blue,88000.0,3.0,"$11,500"
Toyota,White,82789.0,4.0,"$13,100"
Toyota,Red,145455.0,3.0,"$9,800"
BMW,Grey,69949.0,5.0,"$18,900"
Toyota,Green,66180.0,3.0,"$12,000"
Honda,Silver,209542.0,5.0,"$3,700"
Toyota,Black,121703.0,4.0,"$7,500"
Nissan,Blue,57457.0,4.0,"$7,600"
Toyota,White,3000.0,4.0,"$19,000"
Toyota,Green,,3.0,"$12,200"
Nissan,Red,46024.0,5.0,"$8,200"
BMW,Blue,122813.0,4.0,"$23,800"
Toyota,White,,4.0,"$10,700"
Toyota,Blue,58194.0,4.0,"$11,900"
BMW,White,72261.0,4.0,"$37,200"
Honda,Blue,3000.0,5.0,"$14,200"
Toyota,Green,81590.0,4.0,"$13,300"
Toyota,Blue,116450.0,3.0,"$10,300"
Nissan,Blue,131324.0,5.0,"$4,200"
Honda,Black,150140.0,4.0,"$9,300"
Honda,White,135945.0,4.0,"$11,200"
Honda,Silver,112048.0,4.0,"$13,000"
BMW,Blue,80860.0,4.0,"$23,000"
Toyota,Black,97656.0,5.0,"$11,000"
Honda,Silver,67069.0,4.0,"$15,600"
Honda,Blue,,4.0,"$9,000"
Nissan,Blue,133743.0,4.0,"$13,500"
BMW,Silver,17467.0,5.0,"$22,700"
Toyota,White,26210.0,4.0,"$12,800"
Nissan,White,125749.0,4.0,"$5,000"
Toyota,Black,69934.0,4.0,"$12,200"
Toyota,Black,71890.0,4.0,"$12,600"
BMW,White,111797.0,4.0,"$27,400"
Nissan,Blue,161336.0,4.0,"$7,300"
Toyota,Blue,112707.0,4.0,"$8,900"
Toyota,Green,57842.0,4.0,"$10,100"
Toyota,White,70768.0,3.0,"$12,900"
Toyota,Green,116032.0,4.0,
Toyota,White,37662.0,4.0,"$17,600"
Honda,White,71504.0,4.0,"$7,100"
BMW,Grey,,3.0,"$41,300"
BMW,Grey,48715.0,5.0,"$24,500"
Honda,Silver,82778.0,5.0,"$10,200"
Honda,Silver,54489.0,4.0,"$11,700"
Toyota,Blue,153930.0,5.0,"$9,200"
Nissan,Silver,49774.0,4.0,"$8,900"
Nissan,Silver,81114.0,4.0,"$8,500"
Toyota,White,167183.0,3.0,"$5,600"
Toyota,Green,93415.0,4.0,"$15,400"
Toyota,Blue,143562.0,4.0,"$9,800"
Nissan,Blue,221655.0,4.0,"$2,900"
Toyota,Green,3000.0,4.0,"$16,600"
Nissan,Silver,22847.0,4.0,"$12,300"
Nissan,Black,16030.0,5.0,"$11,000"
Honda,Blue,74538.0,5.0,"$8,600"
Nissan,Black,92464.0,4.0,"$10,600"
Nissan,Blue,72018.0,5.0,"$10,800"
Toyota,White,47786.0,5.0,"$12,600"
Nissan,White,130134.0,5.0,"$4,100"
Toyota,White,29790.0,4.0,"$15,000"
Honda,Blue,145907.0,5.0,"$7,400"
Nissan,Blue,86390.0,4.0,"$8,400"
Honda,Red,94663.0,4.0,"$9,900"
Honda,Blue,3000.0,4.0,"$10,400"
Toyota,White,54048.0,4.0,"$12,700"
Toyota,Black,107665.0,4.0,"$12,000"
BMW,Black,75818.0,4.0,"$16,500"
Toyota,Blue,173244.0,4.0,"$10,700"
Nissan,Black,41540.0,4.0,"$11,200"
Nissan,Silver,78656.0,4.0,"$8,800"
Toyota,Red,152772.0,3.0,"$13,400"
Toyota,Red,137066.0,5.0,"$9,900"
Nissan,Silver,92970.0,4.0,"$8,300"
Toyota,White,168708.0,4.0,"$6,700"
Toyota,Black,51922.0,4.0,"$7,400"
Toyota,Green,124678.0,3.0,"$8,100"
Nissan,Black,75829.0,4.0,"$11,400"
Nissan,Blue,88380.0,5.0,"$8,200"
Toyota,Blue,97133.0,4.0,"$9,100"
BMW,Silver,74906.0,4.0,"$32,300"
Honda,Black,37160.0,5.0,"$14,400"
Toyota,Black,,3.0,"$9,600"
Honda,Black,133848.0,5.0,"$8,600"
Toyota,White,122971.0,3.0,"$10,400"
BMW,Black,43816.0,5.0,"$29,100"
Honda,Blue,79962.0,5.0,"$10,300"
Toyota,Red,81252.0,3.0,"$11,400"
Toyota,White,102245.0,4.0,"$11,300"
BMW,White,64264.0,5.0,"$15,600"
Nissan,Black,113756.0,4.0,"$7,100"
Nissan,White,125585.0,5.0,"$5,400"
Toyota,Red,35835.0,3.0,"$14,100"
Nissan,Black,,4.0,"$8,200"
Toyota,Blue,83364.0,4.0,"$10,800"
Honda,White,70434.0,5.0,"$8,300"
Toyota,White,122634.0,4.0,"$7,100"
Toyota,White,106525.0,3.0,"$10,200"
Toyota,Red,67485.0,4.0,"$7,600"
Honda,Blue,208452.0,5.0,"$3,100"
,Black,91183.0,5.0,"$37,500"
BMW,Silver,98176.0,4.0,"$21,800"
Toyota,White,94509.0,4.0,"$7,700"
Toyota,White,143848.0,,"$9,000"
Toyota,Blue,71249.0,4.0,"$8,100"
Toyota,Red,29295.0,3.0,"$15,500"
Nissan,White,118740.0,5.0,"$7,800"
Honda,Black,52498.0,4.0,"$7,100"
Nissan,Blue,165906.0,4.0,"$4,400"
Toyota,Red,145176.0,3.0,"$5,700"
Honda,Blue,80632.0,4.0,"$12,100"
Honda,Red,127152.0,5.0,"$10,800"
Toyota,Black,82649.0,5.0,"$13,800"
Nissan,Silver,174109.0,5.0,"$4,400"
Nissan,Red,83244.0,5.0,"$12,200"
Honda,White,60586.0,4.0,"$12,800"
Nissan,,108728.0,4.0,"$2,500"
Toyota,Black,156686.0,4.0,"$2,500"
Toyota,Blue,3000.0,3.0,"$15,400"
Nissan,Black,141515.0,5.0,"$4,700"
Nissan,Silver,120278.0,4.0,"$2,500"
BMW,Grey,94692.0,4.0,"$25,400"
Nissan,Blue,109444.0,4.0,"$7,000"
Nissan,White,139622.0,4.0,"$5,500"
Toyota,Blue,3000.0,3.0,"$20,700"
Nissan,White,179244.0,4.0,"$2,500"
BMW,Black,50504.0,3.0,"$23,700"
Toyota,Blue,154100.0,3.0,"$2,500"
BMW,Silver,44041.0,4.0,"$14,800"
Honda,Blue,78315.0,4.0,"$8,700"
Toyota,Blue,102144.0,4.0,"$8,000"
Honda,Silver,55950.0,4.0,"$13,100"
Toyota,Blue,121642.0,5.0,"$11,500"
Toyota,Black,88801.0,3.0,"$8,100"
Nissan,Red,105344.0,5.0,"$9,000"
Toyota,Blue,3000.0,4.0,"$15,900"
Toyota,White,114075.0,4.0,"$9,600"
Toyota,White,90235.0,4.0,"$2,500"
BMW,White,46526.0,5.0,"$38,400"
BMW,Black,65541.0,3.0,"$22,500"
Honda,White,92811.0,4.0,"$10,500"
BMW,Grey,92670.0,3.0,"$21,500"
Honda,White,112396.0,5.0,"$14,200"
Honda,Black,140300.0,5.0,"$15,100"
Nissan,Black,75220.0,4.0,"$13,100"
Honda,Silver,54047.0,5.0,"$13,100"
Toyota,Black,136088.0,4.0,"$7,000"
BMW,Grey,68694.0,5.0,"$31,600"
Honda,Red,57906.0,4.0,"$15,900"
Honda,White,25539.0,5.0,"$19,100"
Honda,Blue,140063.0,4.0,"$6,900"
Toyota,White,77061.0,4.0,"$9,600"
Toyota,White,90938.0,4.0,"$10,400"
Honda,Black,152250.0,4.0,"$12,800"
Toyota,Blue,108367.0,4.0,"$7,000"
Nissan,White,81439.0,4.0,"$7,800"
Nissan,Red,54313.0,4.0,"$6,300"
Honda,Black,192662.0,4.0,"$5,900"
Honda,Blue,52009.0,4.0,"$13,800"
Honda,Red,35439.0,5.0,"$9,400"
Toyota,Blue,56241.0,4.0,"$17,400"
Honda,Blue,79861.0,4.0,"$2,700"
Toyota,White,160923.0,4.0,"$6,300"
Toyota,Blue,3000.0,3.0,"$12,700"
Toyota,Green,125092.0,3.0,"$8,600"
Toyota,White,191517.0,3.0,"$2,500"
BMW,Grey,66962.0,3.0,"$19,700"
Honda,Black,17974.0,5.0,"$16,500"
Toyota,Black,122090.0,4.0,"$10,200"
BMW,Blue,82925.0,3.0,"$19,000"
Toyota,White,45703.0,4.0,"$12,800"
BMW,Silver,113770.0,5.0,"$34,200"
Honda,Blue,130180.0,4.0,"$7,700"
Honda,Black,104949.0,4.0,"$9,100"
BMW,Silver,21910.0,5.0,"$28,200"
Honda,Red,27928.0,4.0,"$12,000"
Nissan,Red,203621.0,4.0,"$4,500"
Nissan,Blue,60305.0,4.0,"$9,000"
BMW,Silver,29956.0,4.0,"$26,500"
Nissan,Red,170302.0,4.0,"$5,600"
Toyota,Green,227175.0,4.0,"$7,200"
Nissan,Blue,123424.0,4.0,"$8,000"
Toyota,Black,87472.0,5.0,"$8,000"
Nissan,Black,185123.0,4.0,"$6,200"
Toyota,White,85465.0,4.0,"$11,700"
Toyota,Green,162528.0,4.0,"$9,200"
Honda,Blue,21771.0,5.0,"$14,200"
Honda,Black,83953.0,4.0,"$13,400"
Nissan,Black,169738.0,4.0,"$7,800"
BMW,Silver,18048.0,5.0,"$23,100"
Nissan,Silver,174388.0,4.0,"$2,500"
Toyota,White,18885.0,5.0,"$16,300"
Toyota,Blue,69544.0,3.0,"$16,300"
BMW,White,77439.0,5.0,"$26,400"
Toyota,Green,78799.0,4.0,"$15,500"
Toyota,Green,116644.0,4.0,"$7,300"
Toyota,Black,56707.0,4.0,"$12,100"
Honda,White,45072.0,4.0,"$14,800"
BMW,Grey,3000.0,3.0,"$26,300"
Honda,Blue,121286.0,4.0,"$9,100"
Toyota,Black,60701.0,3.0,"$13,400"
Toyota,Black,51925.0,5.0,
Honda,Silver,123288.0,5.0,"$10,100"
Nissan,Silver,74197.0,4.0,"$11,800"
Toyota,Blue,102508.0,5.0,"$13,000"
Honda,Blue,165396.0,5.0,"$10,000"
Honda,Blue,145766.0,4.0,"$7,500"
Toyota,White,139284.0,4.0,"$8,900"
Honda,Red,33952.0,5.0,"$13,700"
BMW,Blue,75767.0,5.0,"$29,200"
Honda,Red,85856.0,4.0,"$7,300"
BMW,Black,92573.0,4.0,"$15,600"
Nissan,White,193693.0,4.0,"$2,500"
Honda,Silver,103785.0,4.0,"$10,600"
Toyota,Red,128715.0,5.0,"$4,800"
Honda,Blue,131556.0,4.0,"$8,500"
Nissan,Black,76425.0,4.0,"$6,800"
Toyota,Green,80629.0,4.0,"$6,200"
Toyota,White,187557.0,3.0,"$9,800"
Toyota,Black,121488.0,4.0,"$8,600"
Honda,Blue,82538.0,4.0,"$12,100"
Nissan,Black,210438.0,4.0,"$2,500"
Toyota,White,39885.0,4.0,"$17,900"
Honda,Black,6217.0,5.0,"$11,400"
Honda,Red,80150.0,4.0,"$5,200"
Toyota,,155831.0,4.0,"$10,400"
Nissan,White,79811.0,4.0,"$11,700"
BMW,Grey,125870.0,4.0,"$21,600"
Nissan,Silver,86762.0,4.0,"$13,900"
Honda,Red,126615.0,4.0,"$8,500"
Nissan,Red,188358.0,4.0,"$3,900"
Honda,Silver,67730.0,4.0,"$10,900"
Honda,Blue,141855.0,4.0,"$2,500"
Toyota,Green,83022.0,4.0,"$14,600"
Honda,Black,,5.0,"$16,200"
Nissan,Red,191225.0,5.0,"$3,500"
Nissan,Blue,80161.0,4.0,"$7,500"
BMW,Black,176913.0,3.0,"$31,500"
Nissan,Red,119021.0,5.0,"$5,500"
BMW,Grey,69915.0,3.0,"$25,600"
Toyota,Red,33345.0,4.0,"$13,300"
BMW,Silver,120540.0,4.0,"$11,000"
Toyota,White,140982.0,3.0,"$11,700"
,Black,68851.0,4.0,"$17,200"
Nissan,Black,73341.0,4.0,"$10,000"
Toyota,White,82047.0,5.0,"$10,700"
Nissan,Black,77431.0,4.0,"$10,500"
Nissan,Red,159533.0,4.0,"$4,300"
Honda,Blue,26721.0,5.0,"$14,400"
Honda,Black,112256.0,5.0,"$8,800"
Toyota,Green,195096.0,4.0,"$2,500"
BMW,Silver,3000.0,5.0,"$24,200"
Honda,Silver,126100.0,4.0,"$4,800"
Nissan,Silver,57065.0,5.0,"$12,600"
Toyota,Green,122052.0,4.0,"$9,600"
Honda,Blue,129508.0,5.0,"$7,100"
Honda,Black,73808.0,4.0,"$13,000"
Toyota,Green,28065.0,4.0,"$5,900"
Toyota,White,75469.0,5.0,"$14,900"
Toyota,Blue,111289.0,4.0,"$12,300"
Honda,Red,3000.0,4.0,"$14,500"
Nissan,White,148616.0,4.0,"$2,500"
Nissan,Blue,160275.0,5.0,"$4,900"
Toyota,White,257709.0,4.0,"$2,500"
Honda,Silver,157717.0,5.0,"$6,000"
Toyota,White,13908.0,3.0,"$11,600"
Nissan,White,127538.0,5.0,"$9,500"
Toyota,Blue,187542.0,5.0,"$11,200"
Nissan,Red,57938.0,4.0,"$12,200"
Toyota,Green,118346.0,4.0,"$6,400"
Honda,Blue,81828.0,4.0,"$7,800"
Toyota,Green,99928.0,5.0,"$7,800"
Honda,Silver,42656.0,5.0,"$14,000"
Toyota,Red,130693.0,4.0,"$7,900"
Toyota,Red,169117.0,4.0,"$5,900"
Nissan,White,95044.0,5.0,"$10,100"
Honda,Blue,85643.0,4.0,"$10,000"
Nissan,Silver,3000.0,4.0,"$12,100"
BMW,Silver,3000.0,3.0,"$19,400"
Toyota,Black,28563.0,3.0,"$9,400"
Honda,White,65655.0,4.0,"$9,300"
Toyota,Red,132542.0,4.0,"$9,100"
Honda,White,,5.0,"$14,600"
Toyota,Red,114549.0,4.0,"$8,200"
BMW,Black,62442.0,4.0,"$26,800"
Toyota,Red,137759.0,4.0,"$3,100"
Nissan,,98318.0,4.0,"$11,400"
Toyota,White,171666.0,4.0,"$9,500"
Nissan,White,142062.0,4.0,"$9,700"
BMW,White,145549.0,5.0,"$21,300"
Honda,Silver,45467.0,4.0,"$10,900"
Toyota,Blue,259028.0,4.0,"$2,500"
Honda,Blue,69414.0,5.0,"$6,900"
Toyota,Green,104487.0,4.0,"$5,300"
Toyota,Blue,92344.0,4.0,"$4,200"
Honda,Black,121645.0,4.0,"$11,900"
Nissan,Blue,90499.0,4.0,"$7,400"
Honda,White,84156.0,4.0,"$10,400"
Toyota,Green,96015.0,4.0,"$12,000"
Toyota,Green,,4.0,"$3,900"
Honda,Red,77152.0,4.0,"$12,700"
Honda,Red,23759.0,5.0,"$7,300"
Toyota,Green,109768.0,4.0,"$10,500"
Honda,Red,57329.0,4.0,"$9,200"
Toyota,Blue,58469.0,4.0,"$9,200"
Honda,Black,125287.0,4.0,"$4,600"
Nissan,Black,97130.0,4.0,
Nissan,Red,30503.0,4.0,"$12,800"
Toyota,White,70969.0,4.0,"$12,100"
Toyota,Red,19580.0,5.0,"$12,100"
BMW,Silver,96755.0,4.0,"$40,600"
Toyota,Green,3000.0,3.0,"$12,400"
Toyota,Blue,119438.0,4.0,"$7,200"
Nissan,Blue,159573.0,4.0,"$2,500"
Honda,Blue,99384.0,4.0,"$7,500"
,Blue,150532.0,4.0,"$4,600"
Honda,Black,75110.0,4.0,"$13,300"
Nissan,White,54429.0,4.0,"$9,700"
Nissan,Red,9938.0,4.0,"$8,700"
Nissan,,133399.0,4.0,"$3,200"
Honda,Silver,65860.0,4.0,
Nissan,White,79565.0,5.0,"$11,200"
Honda,Blue,102351.0,5.0,"$10,900"
Honda,Red,151566.0,5.0,"$8,200"
Toyota,Red,178020.0,4.0,"$9,200"
BMW,White,43014.0,4.0,"$34,700"
Honda,Black,104665.0,4.0,"$7,900"
Honda,White,,5.0,"$12,900"
Honda,Blue,113842.0,5.0,"$14,600"
Toyota,Green,154499.0,4.0,"$8,500"
Nissan,Silver,54540.0,5.0,"$9,800"
Honda,White,95439.0,4.0,"$11,400"
Toyota,White,131141.0,4.0,"$9,200"
BMW,Silver,70054.0,3.0,"$28,800"
Toyota,Black,53353.0,4.0,"$17,900"
Toyota,Black,3000.0,3.0,"$18,600"
Nissan,Silver,109469.0,5.0,"$10,300"
Honda,Black,109464.0,4.0,"$9,900"
Toyota,Black,126821.0,4.0,"$11,600"
Honda,Black,76216.0,4.0,"$13,500"
Toyota,Green,41607.0,5.0,"$12,800"
Honda,White,132126.0,5.0,"$11,300"
Nissan,Blue,137804.0,4.0,"$4,600"
Honda,Red,135041.0,4.0,"$5,300"
Toyota,Blue,189073.0,4.0,"$5,600"
Nissan,Silver,25780.0,4.0,"$7,800"
Nissan,Red,114444.0,4.0,"$6,900"
Nissan,Silver,222300.0,4.0,"$2,500"
Toyota,Red,100052.0,5.0,"$7,300"
Honda,Blue,68352.0,4.0,"$15,600"
Toyota,Green,38910.0,4.0,"$14,100"
Honda,Black,110859.0,4.0,"$8,700"
BMW,Silver,86816.0,3.0,"$15,800"
Nissan,Black,204754.0,4.0,
Toyota,Blue,100449.0,3.0,"$16,900"
BMW,White,48240.0,4.0,"$28,600"
Toyota,White,172458.0,5.0,"$5,900"
Honda,Blue,25685.0,4.0,"$7,700"
Honda,Silver,190919.0,5.0,
,Black,101598.0,5.0,"$5,300"
Honda,Black,137520.0,4.0,"$5,200"
Honda,White,68419.0,4.0,"$11,500"
Toyota,White,42669.0,4.0,"$12,200"
Toyota,Red,170914.0,4.0,"$8,000"
Honda,Silver,98266.0,4.0,"$9,900"
Nissan,Blue,90208.0,5.0,"$13,700"
Toyota,Green,55767.0,3.0,"$11,300"
Nissan,Red,118441.0,5.0,
Honda,Blue,144952.0,5.0,"$7,500"
Honda,White,105951.0,4.0,"$9,800"
Nissan,Silver,3000.0,4.0,"$7,900"
Toyota,Blue,66536.0,3.0,"$8,900"
Honda,Silver,34434.0,4.0,"$14,500"
Honda,White,92101.0,4.0,"$8,800"
,White,41655.0,4.0,"$10,000"
Honda,White,3000.0,5.0,"$13,900"
Toyota,Blue,101285.0,4.0,"$10,800"
Toyota,Green,16666.0,5.0,"$14,700"
Honda,Black,42011.0,4.0,"$9,600"
BMW,Grey,95153.0,5.0,"$37,600"
BMW,Grey,67157.0,5.0,"$20,500"
Toyota,Blue,107810.0,4.0,"$12,700"
Toyota,Black,130291.0,4.0,"$17,700"
Honda,Silver,57663.0,5.0,"$12,600"
Honda,Black,166348.0,5.0,"$11,300"
Toyota,White,3000.0,5.0,"$15,300"
BMW,Silver,127349.0,4.0,"$41,200"
Toyota,Red,134597.0,5.0,"$7,800"
Nissan,White,55484.0,5.0,"$16,000"
Toyota,Black,135894.0,4.0,"$5,900"
Honda,White,82248.0,,"$10,900"
Nissan,Blue,142453.0,4.0,"$3,000"
Nissan,Red,77605.0,4.0,"$4,000"
BMW,Blue,108670.0,5.0,"$21,600"
Nissan,Blue,138114.0,4.0,"$9,300"
Honda,Red,102553.0,4.0,"$8,500"
Honda,Black,101308.0,4.0,"$9,400"
Nissan,White,181785.0,4.0,"$4,400"
Honda,White,65868.0,4.0,"$13,800"
Honda,Red,151063.0,4.0,"$2,500"
Toyota,Green,177704.0,5.0,"$7,600"
Nissan,Silver,127863.0,4.0,"$8,800"
Toyota,White,68517.0,4.0,"$14,600"
Nissan,Red,90900.0,5.0,"$4,500"
Honda,Blue,,4.0,"$13,400"
Honda,Silver,46617.0,4.0,"$16,500"
Honda,Red,149085.0,4.0,"$10,600"
Nissan,Blue,118987.0,4.0,"$7,100"
Nissan,Red,45152.0,4.0,"$12,400"
Nissan,Black,133270.0,4.0,"$7,500"
Nissan,Silver,206545.0,4.0,"$2,500"
Nissan,Black,104936.0,5.0,"$8,900"
Honda,Red,47099.0,5.0,"$11,600"
Toyota,White,123633.0,5.0,"$8,600"
Honda,Blue,154831.0,4.0,"$2,500"
Nissan,White,174875.0,4.0,"$5,600"
Nissan,Blue,80145.0,4.0,"$5,900"
Toyota,Green,3000.0,5.0,"$12,100"
BMW,White,108981.0,5.0,"$23,500"
Toyota,White,158475.0,4.0,"$5,400"
Toyota,Blue,134769.0,4.0,"$6,100"
Nissan,White,57927.0,4.0,"$9,100"
Nissan,Red,74761.0,5.0,"$5,100"
Nissan,White,101790.0,4.0,"$7,600"
Nissan,Silver,183028.0,4.0,"$6,000"
Honda,White,150557.0,4.0,"$8,900"
Honda,White,107965.0,4.0,"$5,000"
Nissan,Silver,120392.0,4.0,"$8,000"
Nissan,Blue,193616.0,,"$4,700"
Toyota,Red,162499.0,4.0,"$3,700"
Toyota,Red,81026.0,4.0,"$12,200"
Toyota,White,158369.0,4.0,"$6,900"
Honda,White,88042.0,4.0,"$11,700"
Toyota,Blue,39454.0,4.0,"$18,000"
Honda,Black,49801.0,4.0,"$5,900"
Honda,Blue,92483.0,4.0,"$14,500"
Toyota,Black,128495.0,4.0,"$11,400"
Toyota,Green,100152.0,4.0,"$8,900"
BMW,White,3000.0,,"$12,600"
Nissan,Blue,122991.0,4.0,"$9,700"
Honda,Black,108518.0,4.0,"$10,800"
Honda,Black,168018.0,4.0,"$7,100"
Toyota,Green,91621.0,4.0,"$7,200"
Toyota,Green,203155.0,4.0,"$6,200"
Toyota,Red,48932.0,5.0,"$9,300"
Toyota,Blue,163159.0,4.0,"$3,800"
BMW,Black,142861.0,3.0,"$3,000"
Nissan,Silver,191665.0,4.0,"$4,400"
Toyota,Red,104166.0,3.0,"$8,300"
Honda,Red,182755.0,4.0,"$7,200"
Toyota,Green,51033.0,4.0,"$6,200"
Nissan,Silver,121928.0,4.0,"$6,400"
BMW,Black,3000.0,4.0,"$28,000"
Toyota,Blue,68155.0,4.0,"$11,600"
Toyota,White,135748.0,4.0,"$13,200"
Nissan,Blue,162897.0,4.0,"$2,500"
Honda,Blue,109707.0,4.0,
Toyota,Red,28729.0,4.0,"$14,600"
Toyota,Black,194546.0,4.0,"$6,000"
Nissan,White,22725.0,5.0,"$11,800"
Nissan,Black,44032.0,4.0,"$12,500"
BMW,Black,87044.0,4.0,"$23,300"
Honda,Silver,76104.0,,"$9,600"
Nissan,Red,112463.0,4.0,"$4,700"
BMW,White,6714.0,3.0,"$34,500"
Nissan,White,90417.0,4.0,"$8,300"
Honda,Silver,105693.0,4.0,"$9,800"
Honda,Silver,35656.0,4.0,"$7,100"
Nissan,Black,79033.0,4.0,"$9,600"
Toyota,Green,60146.0,4.0,"$10,100"
Toyota,,208619.0,4.0,"$2,500"
Toyota,Red,58738.0,4.0,"$18,000"
Honda,Red,89859.0,4.0,"$7,300"
Toyota,Red,158775.0,4.0,"$7,400"
Toyota,Black,79887.0,4.0,"$11,900"
Honda,Black,60410.0,4.0,"$8,100"
Toyota,Blue,92092.0,5.0,"$7,900"
Toyota,Green,98556.0,4.0,"$10,600"
BMW,Silver,100828.0,4.0,"$30,900"
Toyota,Blue,76901.0,4.0,"$12,700"
Honda,White,115641.0,4.0,"$9,300"
Nissan,Red,85150.0,4.0,"$5,300"
Toyota,Green,124104.0,3.0,"$2,500"
Honda,White,79143.0,4.0,"$2,500"
Nissan,Black,37161.0,4.0,"$8,300"
Toyota,Black,155029.0,4.0,"$9,900"
Toyota,White,69195.0,4.0,"$13,900"
Honda,Black,134605.0,4.0,"$7,200"
Toyota,Green,26012.0,4.0,"$12,200"
Toyota,White,92909.0,3.0,"$5,600"
Honda,White,109618.0,5.0,"$10,200"
Nissan,Black,136922.0,4.0,"$6,600"
Nissan,Silver,152871.0,4.0,"$4,500"
BMW,Grey,73474.0,3.0,"$21,300"
BMW,Blue,40451.0,4.0,"$35,000"
BMW,Silver,3000.0,5.0,"$34,600"
Honda,Silver,62214.0,4.0,"$8,700"
Honda,Silver,104555.0,4.0,"$4,500"
Nissan,Black,66302.0,5.0,"$7,700"
BMW,Grey,55701.0,5.0,"$21,100"
Toyota,Blue,,5.0,"$12,700"
Toyota,Blue,3000.0,3.0,"$15,500"
Honda,Silver,,4.0,"$9,200"
Nissan,Black,75145.0,4.0,"$8,100"
Toyota,Green,59089.0,4.0,"$10,000"
Toyota,Green,35081.0,4.0,"$12,100"
Toyota,Blue,19854.0,5.0,"$13,900"
Toyota,Blue,33073.0,4.0,"$13,900"
Nissan,Silver,73952.0,5.0,"$10,100"
Toyota,Red,154242.0,5.0,"$13,200"
Toyota,Green,3000.0,4.0,"$11,300"
Honda,,77451.0,4.0,"$11,400"
Honda,Black,12782.0,4.0,"$10,500"
Honda,Black,98257.0,5.0,"$10,300"
Honda,Red,110125.0,4.0,"$9,800"
Honda,Black,108252.0,4.0,"$9,500"
Toyota,White,100898.0,4.0,"$12,200"
Honda,Silver,3000.0,4.0,"$18,300"
Honda,Red,3000.0,4.0,"$10,300"
Nissan,White,99301.0,4.0,"$9,200"
Toyota,Black,3000.0,4.0,"$14,800"
Nissan,Red,156374.0,4.0,"$7,200"
Honda,Silver,58528.0,4.0,"$10,200"
Honda,Black,62424.0,4.0,"$9,900"
Toyota,Blue,44345.0,3.0,"$8,900"
Nissan,White,136325.0,4.0,"$6,000"
Honda,Silver,115596.0,4.0,"$9,100"
Toyota,Green,134625.0,4.0,
Nissan,Black,14463.0,4.0,"$9,400"
BMW,Silver,55282.0,5.0,"$26,300"
BMW,Silver,36856.0,3.0,"$31,600"
Toyota,Red,200957.0,5.0,"$6,500"
Honda,White,96048.0,4.0,"$11,800"
Honda,White,3000.0,5.0,"$14,400"
Nissan,Black,166826.0,4.0,"$2,800"
Toyota,Blue,34218.0,4.0,"$12,500"
Toyota,Black,94844.0,3.0,"$6,700"
Honda,Blue,192615.0,4.0,"$3,300"
BMW,Black,16546.0,4.0,"$27,100"
Toyota,Blue,145208.0,4.0,"$8,000"
Nissan,Blue,139193.0,4.0,"$3,200"
Honda,White,163409.0,,"$7,800"
Nissan,Silver,170671.0,5.0,"$5,800"
Nissan,Red,158193.0,4.0,"$2,500"
Toyota,Green,72446.0,4.0,"$15,000"
,Silver,166867.0,4.0,"$2,600"
Toyota,Blue,110986.0,5.0,"$8,900"
Toyota,White,61754.0,4.0,"$12,800"
Toyota,Red,157330.0,4.0,"$8,700"
Honda,Blue,76663.0,5.0,"$12,400"
Toyota,White,79281.0,4.0,"$12,400"
Honda,Silver,159030.0,4.0,"$2,500"
BMW,Grey,98484.0,3.0,"$12,700"
Nissan,Red,180786.0,4.0,"$2,500"
BMW,White,13857.0,5.0,"$32,900"
BMW,Silver,80295.0,4.0,"$18,100"
Toyota,Green,32844.0,4.0,"$12,000"
Toyota,Black,35387.0,3.0,"$9,000"
Toyota,Green,104012.0,5.0,"$6,800"
Honda,Blue,112473.0,4.0,"$12,900"
Nissan,Black,103680.0,4.0,"$7,800"
Honda,White,188868.0,4.0,"$2,500"
Honda,Silver,149179.0,4.0,"$10,100"
Toyota,Blue,142424.0,4.0,"$12,200"
Toyota,White,112589.0,4.0,"$7,600"
Toyota,,154917.0,4.0,"$11,100"
Nissan,Red,173897.0,4.0,"$3,900"
Toyota,Black,60757.0,5.0,"$13,500"
Toyota,Red,146995.0,5.0,
Toyota,Red,,4.0,"$12,100"
Honda,Red,29178.0,4.0,"$15,200"
Nissan,Red,68134.0,5.0,"$11,500"
Toyota,Blue,38236.0,5.0,"$17,000"
Honda,Blue,107448.0,4.0,"$6,400"
Honda,Blue,125185.0,5.0,"$6,800"
Toyota,White,136976.0,3.0,"$6,600"
Nissan,Blue,15621.0,4.0,"$8,800"
Toyota,White,75618.0,4.0,"$15,600"
Toyota,Red,144859.0,3.0,"$12,100"
Nissan,Red,204603.0,4.0,"$2,500"
Toyota,Red,,4.0,"$9,200"
Honda,,59767.0,4.0,"$5,400"
Honda,Red,91292.0,4.0,"$5,500"
Nissan,White,110086.0,5.0,"$13,100"
Toyota,Green,71514.0,3.0,"$10,500"
Toyota,Black,,4.0,"$9,100"
BMW,Blue,77284.0,3.0,"$21,400"
Nissan,White,99014.0,5.0,"$5,700"
Nissan,White,159378.0,4.0,"$2,500"
Toyota,White,148496.0,4.0,"$3,300"
Toyota,Green,148055.0,4.0,"$6,000"
Nissan,White,43015.0,5.0,"$12,300"
Honda,Black,136580.0,5.0,"$7,000"
Honda,Blue,126589.0,4.0,"$2,500"
Toyota,Green,29328.0,4.0,"$16,900"
Toyota,White,86369.0,4.0,"$4,800"
Toyota,Red,61658.0,3.0,"$7,900"
Nissan,Blue,102706.0,4.0,"$6,300"
Nissan,Black,122020.0,5.0,"$7,100"
Nissan,Blue,188145.0,4.0,"$4,300"
Honda,Blue,113968.0,4.0,"$11,900"
Honda,Red,73339.0,4.0,"$6,400"
Toyota,White,160762.0,5.0,"$8,400"
Toyota,Black,105246.0,4.0,"$8,000"
Nissan,Blue,77456.0,5.0,"$11,300"
Nissan,Silver,167140.0,4.0,"$6,300"
Toyota,Black,139234.0,4.0,"$10,300"
,Black,119365.0,4.0,"$6,200"
Honda,Black,150095.0,4.0,"$5,800"
Nissan,Black,132718.0,5.0,"$4,700"
BMW,White,37309.0,5.0,"$25,700"
Honda,White,53410.0,4.0,"$13,700"
Nissan,,36510.0,4.0,"$10,600"
BMW,White,70565.0,4.0,"$13,200"
Toyota,Red,75066.0,3.0,"$11,000"
Toyota,Blue,120293.0,4.0,"$8,400"
Nissan,Black,149905.0,4.0,"$5,000"
Nissan,White,112764.0,4.0,"$7,500"
Toyota,Green,146203.0,4.0,"$5,100"
Toyota,Green,72685.0,4.0,"$8,500"
Toyota,Red,80725.0,5.0,"$16,100"
Honda,Blue,119490.0,4.0,"$4,700"
Nissan,White,78374.0,5.0,"$10,100"
Toyota,White,50861.0,4.0,"$10,100"
Honda,White,156558.0,5.0,"$5,300"
Nissan,Red,165461.0,4.0,"$7,400"
Honda,Silver,56793.0,4.0,"$8,500"
Toyota,White,83641.0,4.0,
Nissan,Black,118777.0,4.0,"$6,200"
Honda,Silver,109307.0,4.0,"$12,900"
Nissan,Silver,157779.0,4.0,"$6,000"
Honda,Black,3000.0,4.0,"$15,200"
Toyota,Red,187576.0,4.0,"$2,500"
Toyota,Blue,133847.0,5.0,"$8,600"
Honda,Blue,51209.0,5.0,"$14,400"
Toyota,Green,186904.0,4.0,"$7,800"
Honda,Black,74182.0,4.0,"$7,700"
Toyota,Blue,105520.0,4.0,"$12,600"
BMW,Black,48743.0,4.0,"$24,300"
Honda,Silver,227456.0,4.0,"$6,400"
BMW,Black,113305.0,3.0,"$12,800"
Honda,Red,58054.0,4.0,"$11,100"
Toyota,Red,45940.0,4.0,"$17,600"
Toyota,Red,171336.0,4.0,"$4,900"
Toyota,Red,190763.0,,"$6,400"
Nissan,Silver,257005.0,4.0,"$2,500"
Toyota,White,127962.0,3.0,"$12,400"
Honda,Red,153326.0,4.0,"$8,000"
Toyota,Green,90660.0,4.0,"$11,500"
BMW,Silver,30720.0,4.0,"$27,900"
Honda,Red,38753.0,4.0,"$6,500"
Honda,White,94420.0,4.0,"$13,100"
Toyota,Red,146141.0,3.0,"$6,600"
Honda,Silver,175855.0,4.0,"$3,900"
Honda,Red,3000.0,4.0,"$7,000"
Toyota,Blue,36578.0,4.0,"$15,600"
Nissan,White,76451.0,5.0,"$10,400"
Honda,White,171021.0,4.0,"$2,500"
BMW,Black,85096.0,4.0,"$28,000"
Nissan,Silver,63798.0,5.0,"$13,400"
Toyota,Green,83039.0,4.0,"$9,000"
BMW,White,153687.0,4.0,"$24,500"
Honda,Red,136413.0,4.0,"$11,300"
BMW,Silver,37680.0,5.0,"$35,400"
Honda,Blue,67909.0,4.0,
Toyota,White,83856.0,5.0,"$9,600"
Honda,Black,131463.0,4.0,"$8,600"
Toyota,Green,72456.0,4.0,"$12,900"
Toyota,Red,83690.0,4.0,"$9,700"
Toyota,Red,100531.0,5.0,"$12,100"
Toyota,White,118272.0,3.0,"$7,200"
Honda,Black,132661.0,5.0,"$7,800"
Toyota,Green,63940.0,4.0,"$6,400"
Toyota,Black,149125.0,4.0,"$8,000"
Nissan,Blue,123808.0,4.0,"$9,000"
Toyota,Black,73174.0,4.0,"$7,200"
Nissan,Red,115907.0,4.0,"$7,300"
Toyota,Red,84331.0,5.0,"$16,100"
Honda,Red,3000.0,5.0,"$17,600"
Honda,Red,129975.0,4.0,"$8,900"
Honda,Black,3000.0,4.0,"$17,700"
Toyota,White,44625.0,,"$10,200"
Nissan,Blue,102446.0,5.0,"$9,000"
Honda,White,122692.0,4.0,"$10,700"
Toyota,Blue,140424.0,5.0,"$9,700"
Honda,Blue,111964.0,5.0,"$5,900"
Honda,Red,55950.0,5.0,"$14,400"
Honda,Black,132186.0,4.0,"$10,000"
Toyota,White,71250.0,3.0,"$13,500"
,Red,36260.0,4.0,"$15,200"
Honda,Black,79478.0,4.0,"$15,300"
Toyota,Green,18885.0,4.0,"$18,900"
Toyota,Blue,79203.0,5.0,"$10,500"
BMW,Black,73183.0,5.0,"$21,200"
Nissan,Black,107949.0,4.0,"$5,300"
BMW,Silver,35555.0,4.0,"$29,800"
Honda,Red,48724.0,4.0,"$9,100"
Honda,White,26106.0,4.0,"$11,100"
Nissan,Blue,185449.0,4.0,"$2,500"
Toyota,Red,59955.0,4.0,"$12,500"
Toyota,Red,,3.0,"$17,200"
Toyota,Black,89548.0,4.0,"$11,900"
Toyota,Red,147075.0,4.0,"$10,700"
Toyota,Black,110130.0,4.0,
BMW,White,150009.0,4.0,
Nissan,White,87265.0,5.0,"$7,000"
Toyota,White,8206.0,3.0,"$16,100"
Nissan,Silver,3000.0,4.0,
Toyota,White,87347.0,4.0,
BMW,Black,3000.0,3.0,"$21,600"
Honda,Red,85467.0,,"$9,000"
Nissan,White,81225.0,5.0,"$8,800"
Nissan,Silver,41464.0,4.0,"$11,100"
Toyota,Blue,3000.0,5.0,"$15,200"
,Silver,63182.0,4.0,"$13,900"
Toyota,Blue,189276.0,4.0,"$4,800"
Honda,Black,158754.0,4.0,"$5,600"
Honda,Red,45625.0,4.0,"$16,700"
Honda,Blue,116997.0,4.0,"$8,300"
Nissan,Red,150481.0,4.0,"$5,600"
Toyota,Green,94400.0,4.0,"$5,400"
Toyota,Green,83932.0,3.0,"$11,200"
Toyota,Green,91615.0,4.0,"$12,700"
Toyota,White,117950.0,3.0,"$5,500"
Toyota,Blue,29403.0,4.0,"$12,900"
Toyota,Black,70740.0,3.0,"$11,900"
BMW,Black,34838.0,4.0,"$22,900"
Toyota,Black,152759.0,4.0,"$8,300"
Nissan,Black,72647.0,5.0,"$9,600"
Honda,Silver,158187.0,5.0,"$8,000"
Nissan,White,,4.0,"$3,300"
Nissan,Silver,169479.0,4.0,"$10,200"
Nissan,Red,,4.0,"$5,700"
Toyota,Black,107128.0,4.0,"$12,800"
Honda,Blue,87613.0,4.0,"$6,500"
Nissan,Blue,105919.0,4.0,"$8,600"
Toyota,Green,76834.0,4.0,"$12,400"
Honda,Red,147906.0,4.0,"$7,400"
Toyota,Green,96546.0,3.0,"$11,300"
Honda,White,50907.0,4.0,"$8,500"
Toyota,Black,84138.0,5.0,
Honda,Blue,53439.0,4.0,"$16,700"
Nissan,Blue,233631.0,4.0,"$2,500"
Honda,White,96402.0,4.0,"$8,700"
Toyota,Blue,155589.0,3.0,"$10,700"
Nissan,Black,12473.0,4.0,"$13,000"
Honda,Red,29272.0,4.0,"$17,500"
Toyota,White,120892.0,4.0,"$6,500"
Toyota,Blue,85451.0,4.0,"$9,800"
Nissan,Silver,141406.0,4.0,"$8,200"
Nissan,Red,47700.0,4.0,"$14,500"
BMW,White,132438.0,5.0,"$17,100"
Toyota,Green,101785.0,5.0,"$15,500"
Nissan,Silver,181043.0,4.0,"$2,800"
BMW,White,99202.0,5.0,"$43,800"
BMW,Silver,69416.0,5.0,"$21,700"
Honda,Black,100276.0,4.0,"$10,000"
Toyota,Red,70724.0,4.0,"$12,700"
Honda,White,,4.0,"$10,300"
Honda,White,128395.0,4.0,"$2,500"
Nissan,Blue,162577.0,5.0,"$2,500"
BMW,White,3000.0,5.0,"$25,600"
Toyota,Red,112916.0,,"$12,700"
Toyota,Red,100996.0,4.0,"$9,100"
Nissan,Blue,144456.0,4.0,"$3,000"
BMW,White,70855.0,5.0,"$17,900"
Toyota,Black,102294.0,4.0,"$9,800"
Honda,Blue,53395.0,4.0,"$11,700"
Toyota,Red,106244.0,4.0,"$13,400"
Honda,White,14929.0,5.0,"$13,600"
Nissan,Red,69425.0,4.0,"$10,900"
Honda,Black,128187.0,4.0,"$9,500"
Nissan,Red,72585.0,5.0,"$11,500"
Nissan,Black,26312.0,4.0,"$6,600"
Nissan,Black,40551.0,5.0,"$11,000"
Honda,Red,124407.0,4.0,"$2,500"
Nissan,Blue,186073.0,4.0,"$3,600"
Toyota,Green,16475.0,4.0,"$13,600"
Nissan,Silver,173181.0,4.0,
Nissan,Silver,173548.0,4.0,"$2,500"
Honda,Black,72127.0,4.0,"$7,800"
Honda,Black,174443.0,4.0,"$7,700"
Toyota,Black,246044.0,4.0,"$2,500"
BMW,Grey,34563.0,3.0,"$24,800"
BMW,White,122891.0,5.0,"$20,800"
Toyota,Red,104470.0,4.0,"$10,000"
Honda,Red,93895.0,5.0,"$8,000"
BMW,Black,59233.0,4.0,"$24,500"
Toyota,Black,97606.0,4.0,"$13,400"
Honda,Red,176510.0,4.0,"$2,800"
Honda,Blue,73184.0,5.0,"$8,500"
Honda,Silver,100980.0,5.0,"$8,200"
BMW,Grey,75071.0,4.0,"$31,900"
Honda,Silver,3000.0,4.0,"$15,200"
Toyota,Black,74070.0,4.0,"$13,000"
Honda,Black,48969.0,5.0,"$16,000"
Nissan,Red,163143.0,4.0,"$5,800"
Honda,White,130074.0,4.0,"$5,400"
Toyota,Black,65779.0,4.0,"$14,300"
Nissan,Black,69007.0,4.0,"$12,800"
Honda,Silver,76467.0,4.0,"$11,800"
Honda,Red,192763.0,5.0,"$3,200"
Nissan,Blue,115850.0,4.0,"$9,300"
Toyota,Blue,147466.0,5.0,"$7,500"
BMW,Black,43297.0,4.0,
,White,193080.0,4.0,"$2,500"
Toyota,Green,102062.0,4.0,"$7,900"
Honda,Black,125866.0,4.0,"$8,600"
Nissan,Silver,55807.0,4.0,"$7,000"
Toyota,Blue,3000.0,4.0,"$11,900"
Honda,Black,130109.0,4.0,"$11,900"
Honda,Black,124906.0,4.0,"$9,800"
,Red,85926.0,4.0,
Toyota,,112886.0,4.0,"$15,500"
Honda,White,87274.0,5.0,"$14,400"
Honda,Red,133957.0,4.0,"$9,600"
Toyota,Green,3000.0,4.0,"$16,900"
Nissan,Blue,,4.0,"$6,000"
Nissan,Red,28956.0,4.0,"$10,600"
Toyota,Blue,99744.0,4.0,"$5,900"
Toyota,Green,21389.0,4.0,"$14,700"
Honda,Black,133841.0,4.0,"$8,300"
Honda,Red,147240.0,5.0,"$7,200"
BMW,Black,62717.0,4.0,"$19,600"
Honda,White,17108.0,4.0,"$18,600"
Toyota,Green,156827.0,4.0,"$2,500"
Toyota,Red,106099.0,5.0,"$10,000"
Toyota,Black,83752.0,5.0,"$10,500"
Honda,Silver,110300.0,4.0,"$11,100"
Toyota,Red,118924.0,4.0,"$8,700"
Honda,Silver,84453.0,4.0,
Honda,Red,114245.0,4.0,"$8,500"
Nissan,,109989.0,5.0,"$8,600"
Honda,Red,69519.0,4.0,"$12,800"
Toyota,Red,42055.0,5.0,"$12,100"
Nissan,Red,146221.0,4.0,"$2,500"
Nissan,Red,23911.0,4.0,"$11,000"
Toyota,White,9784.0,3.0,"$9,300"
BMW,Blue,96776.0,5.0,"$23,100"
Toyota,Black,164845.0,3.0,"$2,500"
Nissan,White,106738.0,4.0,"$8,100"
Toyota,Black,37133.0,3.0,"$15,700"
Nissan,Black,140598.0,4.0,"$2,500"
Honda,White,90188.0,4.0,"$10,700"
BMW,Grey,40217.0,3.0,"$15,800"
Toyota,Green,112479.0,4.0,
Toyota,Blue,77876.0,4.0,"$16,100"
BMW,Silver,33403.0,5.0,"$28,900"
Honda,Silver,129033.0,4.0,"$7,800"
Honda,Red,77708.0,4.0,"$12,200"
Honda,White,182789.0,5.0,"$6,800"
Honda,Blue,67229.0,5.0,"$10,700"
Honda,Black,212945.0,5.0,"$5,100"
Honda,Silver,63468.0,4.0,"$7,400"
Honda,Blue,4356.0,4.0,"$14,600"
Toyota,Black,132041.0,4.0,"$7,500"
Nissan,Red,111161.0,4.0,"$3,700"
Toyota,Blue,,4.0,"$11,400"
Nissan,Red,82030.0,4.0,
Toyota,Green,54470.0,5.0,"$13,100"
Toyota,Red,142112.0,4.0,"$7,700"
Nissan,Silver,101445.0,5.0,"$4,400"
Toyota,Black,168581.0,5.0,"$7,200"
Honda,Red,117793.0,4.0,"$10,100"
Nissan,White,,5.0,"$8,700"
Toyota,Blue,167393.0,4.0,"$3,300"
Nissan,Silver,231163.0,4.0,"$2,500"
Toyota,White,36665.0,,"$14,200"
Toyota,White,212834.0,4.0,"$2,500"
Honda,Silver,85231.0,4.0,"$11,300"
Honda,Red,93615.0,4.0,"$10,400"
Toyota,White,60662.0,5.0,"$10,700"
BMW,Silver,58766.0,4.0,"$18,200"
Honda,Red,89855.0,4.0,"$8,300"
,Blue,85677.0,5.0,"$9,600"
Toyota,Black,3325.0,4.0,"$14,100"
Honda,Blue,203232.0,4.0,"$2,500"
Nissan,White,183988.0,4.0,"$3,600"
Toyota,Black,66646.0,3.0,"$6,700"
Toyota,Black,105263.0,4.0,"$14,700"
Honda,White,73317.0,5.0,"$10,800"
Honda,Red,140497.0,4.0,"$8,100"
BMW,Silver,3000.0,4.0,"$28,900"
Nissan,Silver,196685.0,4.0,"$2,800"
Honda,White,3000.0,4.0,"$14,800"
BMW,Black,56664.0,5.0,"$14,600"
Nissan,Blue,17964.0,4.0,"$13,700"
Toyota,Green,59916.0,3.0,"$7,500"
Honda,White,90289.0,4.0,"$7,600"
Honda,Blue,96802.0,4.0,"$8,600"
,Black,34400.0,,"$10,800"
BMW,Black,83595.0,4.0,"$24,800"
BMW,Silver,61558.0,4.0,"$38,000"
Toyota,Green,136013.0,4.0,"$10,400"
Nissan,Blue,102705.0,4.0,"$7,800"
Toyota,Green,75582.0,4.0,"$13,000"
Nissan,White,105817.0,4.0,"$7,700"
Honda,Blue,99709.0,5.0,"$9,700"
Nissan,White,260000.0,4.0,"$2,500"
Toyota,Blue,62863.0,4.0,"$14,000"
Honda,White,63431.0,5.0,"$10,600"
Honda,Silver,39852.0,5.0,"$14,200"
Nissan,Black,140238.0,4.0,"$4,900"
Toyota,Blue,135170.0,4.0,"$2,500"
Toyota,Red,61243.0,4.0,"$11,200"
Nissan,Black,46352.0,4.0,"$5,600"
Honda,Blue,77220.0,4.0,"$12,200"
Toyota,White,164669.0,5.0,"$6,000"
Honda,Black,127194.0,5.0,"$10,600"
Toyota,Blue,161367.0,5.0,"$6,700"
Toyota,Blue,4477.0,4.0,"$14,800"
Honda,Blue,43337.0,5.0,"$10,200"
Toyota,Red,82336.0,3.0,"$8,800"
Toyota,Green,105361.0,5.0,"$12,100"
Honda,Red,74348.0,4.0,"$11,300"
Toyota,Blue,98770.0,3.0,"$12,200"
Toyota,White,88193.0,4.0,"$10,400"
Honda,Silver,74028.0,5.0,"$10,600"
Nissan,Blue,68124.0,4.0,"$6,600"
Honda,Blue,129236.0,4.0,"$4,400"
Toyota,Blue,81405.0,3.0,"$13,300"
Honda,Black,75070.0,4.0,"$13,000"
Toyota,Red,67265.0,5.0,"$8,800"
Honda,Red,15448.0,5.0,"$17,600"
Nissan,Black,48335.0,4.0,"$12,000"
Toyota,Green,46002.0,3.0,"$15,300"
Nissan,Blue,,5.0,"$2,500"
Toyota,Blue,41592.0,5.0,"$16,000"
Nissan,Black,140730.0,5.0,"$8,400"
Nissan,Red,79869.0,5.0,"$14,100"
Honda,White,97666.0,5.0,"$6,300"
BMW,White,54367.0,4.0,"$17,900"
Nissan,White,201092.0,4.0,"$2,500"
Toyota,Blue,123609.0,4.0,"$7,400"
Toyota,White,65999.0,3.0,"$4,700"
Toyota,Green,129105.0,5.0,"$12,900"
Honda,White,48033.0,4.0,"$6,900"
BMW,Black,98739.0,5.0,"$13,900"
Honda,White,150537.0,4.0,"$4,000"
Toyota,Red,40628.0,4.0,"$13,500"
Nissan,Red,,5.0,
Honda,White,108991.0,4.0,"$2,500"
Nissan,White,203975.0,4.0,"$2,600"
Honda,Blue,29937.0,5.0,"$10,000"
BMW,Grey,106649.0,4.0,"$27,100"
BMW,White,123244.0,5.0,"$18,800"
Toyota,White,113422.0,5.0,"$11,500"
BMW,Silver,94201.0,5.0,"$31,900"
Nissan,Silver,71833.0,5.0,"$9,200"
BMW,Blue,39373.0,5.0,"$26,800"
Toyota,Green,134318.0,4.0,"$2,500"
Honda,Red,145249.0,4.0,"$3,400"
Nissan,Black,94787.0,4.0,"$11,100"
Toyota,Red,115056.0,5.0,"$11,000"
BMW,Black,15413.0,3.0,"$20,100"
Toyota,White,146945.0,5.0,"$6,700"
Nissan,Blue,84284.0,4.0,"$10,600"
Toyota,White,43404.0,4.0,"$13,600"
Toyota,Black,100231.0,5.0,"$11,000"
Honda,Blue,67115.0,5.0,"$9,600"
Toyota,White,41925.0,4.0,"$14,400"
Toyota,Green,63256.0,4.0,"$14,200"
Toyota,Red,86323.0,5.0,"$7,900"
Toyota,Blue,85633.0,5.0,"$10,100"
Toyota,Red,150473.0,4.0,"$6,400"
Nissan,Black,96532.0,4.0,"$11,400"
BMW,White,86347.0,3.0,"$34,100"
Toyota,Blue,163470.0,3.0,"$3,300"
Toyota,,149477.0,4.0,"$12,500"
BMW,Black,129378.0,5.0,"$29,500"
BMW,Grey,105635.0,5.0,"$22,000"
Honda,Red,51805.0,4.0,"$10,200"
BMW,Silver,3000.0,5.0,"$37,600"
Honda,Silver,78401.0,5.0,"$14,700"
Toyota,White,33962.0,4.0,"$16,700"
Honda,Black,68245.0,4.0,"$6,900"
Honda,White,170101.0,4.0,"$9,100"
Nissan,Silver,123860.0,4.0,"$6,400"
Toyota,Blue,120854.0,3.0,"$8,800"
Toyota,White,56801.0,4.0,"$10,800"
BMW,Grey,,5.0,"$39,400"
Nissan,White,199509.0,4.0,"$4,000"
Toyota,White,80437.0,4.0,"$8,500"
Toyota,Red,59921.0,4.0,"$10,100"
Nissan,Black,232465.0,4.0,"$6,100"
Honda,Blue,127821.0,5.0,"$5,600"
BMW,White,102508.0,5.0,"$22,600"
Toyota,Red,3000.0,5.0,"$16,100"
Toyota,Blue,54220.0,4.0,"$9,600"
Honda,Blue,79980.0,4.0,"$8,500"
Nissan,White,110081.0,4.0,"$6,700"
Honda,,3000.0,4.0,"$18,200"
Honda,Red,44797.0,4.0,"$8,700"
Nissan,Black,93601.0,4.0,"$7,600"
Nissan,Red,193702.0,4.0,"$3,500"
Nissan,Blue,143722.0,4.0,"$6,000"
Toyota,Red,110036.0,4.0,"$10,500"
Nissan,Silver,3766.0,4.0,"$11,300"
Nissan,Blue,177086.0,4.0,"$14,000"
Nissan,Blue,44558.0,4.0,"$11,100"
Nissan,Red,80021.0,4.0,"$13,500"
Honda,White,27018.0,5.0,"$15,100"
Nissan,White,33196.0,4.0,"$9,700"
Toyota,Green,96215.0,3.0,"$12,100"
Toyota,Green,41987.0,3.0,"$13,300"
Honda,Silver,92901.0,4.0,"$10,300"
Toyota,Green,147833.0,4.0,"$3,000"
Toyota,White,140150.0,4.0,"$6,400"
Toyota,Red,154985.0,4.0,"$8,400"
Honda,Blue,81942.0,4.0,"$8,100"
Honda,Black,131518.0,4.0,"$11,600"
Toyota,,70291.0,3.0,"$7,200"
Nissan,,150875.0,4.0,"$2,500"
Toyota,Blue,30113.0,4.0,"$9,900"
Nissan,Red,88734.0,4.0,"$4,300"
Nissan,White,3427.0,4.0,"$9,000"
Toyota,Black,131408.0,3.0,"$3,900"
Toyota,Black,80305.0,4.0,"$17,500"
Toyota,,95442.0,3.0,"$9,800"
Honda,Silver,46590.0,4.0,"$18,200"
BMW,Black,42265.0,4.0,"$25,000"
Honda,White,155218.0,4.0,"$6,000"
Honda,White,94298.0,5.0,"$9,200"
Honda,Red,78808.0,4.0,"$11,100"
Toyota,Red,126753.0,4.0,"$6,600"
Toyota,Black,58163.0,3.0,"$9,400"
Nissan,White,33529.0,4.0,"$6,400"
Toyota,Red,113452.0,4.0,"$12,300"
Honda,White,133810.0,5.0,"$2,500"
Toyota,,85256.0,4.0,"$6,600"
Toyota,Black,105474.0,4.0,"$8,700"
Nissan,Silver,145147.0,4.0,
BMW,White,3000.0,4.0,
Toyota,Green,98300.0,3.0,"$8,900"
Toyota,Blue,24904.0,4.0,"$8,700"
Toyota,Black,100924.0,4.0,"$5,800"
Honda,White,11905.0,4.0,"$11,900"
Honda,Silver,68554.0,4.0,"$8,000"
Honda,Red,58220.0,5.0,"$11,700"
Honda,Blue,57432.0,4.0,"$11,300"
Honda,Red,,4.0,"$10,700"
Honda,Red,134153.0,4.0,"$9,900"
Nissan,White,184139.0,4.0,"$5,600"
Toyota,Black,110404.0,3.0,"$7,500"
Honda,Red,73387.0,4.0,"$7,600"
Toyota,Red,98235.0,4.0,"$12,300"
Toyota,Red,60265.0,4.0,"$11,700"
BMW,Grey,36550.0,5.0,"$28,600"
Toyota,Blue,69432.0,3.0,"$8,200"
Toyota,Blue,62641.0,4.0,"$13,400"
Nissan,Black,106582.0,4.0,"$6,200"
Nissan,White,126638.0,5.0,"$5,800"
Honda,Blue,146072.0,4.0,"$4,000"
Nissan,White,101529.0,4.0,"$3,700"
Honda,Blue,75350.0,4.0,"$5,200"
Honda,Silver,127823.0,4.0,"$10,100"
Toyota,Black,138776.0,4.0,"$8,600"
Honda,Black,49766.0,4.0,"$9,300"
Nissan,Silver,197689.0,5.0,"$7,300"
Honda,,97882.0,4.0,"$7,700"
Honda,Blue,157693.0,4.0,"$4,300"
Honda,Silver,102984.0,4.0,"$13,100"
Nissan,Silver,65165.0,4.0,"$11,200"
Honda,Black,116986.0,4.0,"$8,400"
Nissan,Black,56367.0,4.0,"$7,800"
Toyota,White,113051.0,5.0,"$5,600"
Nissan,White,119321.0,5.0,
Honda,Red,139290.0,5.0,"$3,600"
Nissan,Silver,185709.0,4.0,"$7,800"
Nissan,Red,134968.0,5.0,"$3,600"
Toyota,Blue,80938.0,4.0,"$10,800"
Honda,Black,104982.0,4.0,"$9,100"
Honda,Silver,105495.0,4.0,"$8,600"
BMW,Grey,76134.0,4.0,"$21,700"
Nissan,Red,93061.0,4.0,"$6,100"
Nissan,Black,219366.0,5.0,"$6,500"
Honda,White,118654.0,4.0,"$12,200"
Honda,White,130326.0,5.0,"$8,900"
Honda,White,19732.0,4.0,"$12,100"
Toyota,White,80578.0,4.0,"$7,400"
Honda,Blue,20664.0,4.0,"$14,300"
Honda,Black,107576.0,5.0,"$6,100"
Honda,Blue,56197.0,4.0,"$14,600"
Honda,Silver,49870.0,4.0,"$12,000"
Honda,Silver,82890.0,4.0,"$11,500"
Honda,Black,50906.0,5.0,"$12,600"
Toyota,Blue,106773.0,4.0,"$10,500"
Honda,Blue,95795.0,4.0,"$10,300"
BMW,Grey,157054.0,4.0,"$37,500"
Honda,Silver,61317.0,4.0,"$4,000"
BMW,Silver,90010.0,4.0,"$25,300"
Toyota,Blue,153174.0,4.0,"$8,500"
Toyota,Blue,101047.0,5.0,"$14,300"
Toyota,Green,163976.0,4.0,"$2,500"
Honda,Blue,52802.0,4.0,"$11,000"
Honda,White,,4.0,"$8,600"
Honda,Silver,112841.0,4.0,"$11,500"
Toyota,Black,187580.0,3.0,"$7,100"
BMW,White,29201.0,5.0,"$26,700"
Toyota,White,94081.0,4.0,"$12,000"
Toyota,Blue,118184.0,4.0,
Toyota,Blue,74001.0,4.0,"$12,500"
BMW,Grey,163897.0,5.0,"$17,400"
Toyota,Green,105547.0,4.0,"$6,100"
Toyota,Black,102268.0,4.0,"$7,700"
Honda,Silver,142246.0,4.0,"$7,600"
Toyota,Red,49359.0,4.0,"$15,000"
Nissan,Blue,122061.0,4.0,"$8,800"
Nissan,,47730.0,4.0,"$10,800"
BMW,Grey,97480.0,4.0,"$20,900"
Honda,Black,31567.0,4.0,"$12,400"
Nissan,Red,180774.0,4.0,"$6,400"
Toyota,White,75721.0,3.0,"$6,200"
Honda,Silver,71303.0,4.0,"$9,100"
Honda,White,113429.0,4.0,"$8,200"
,Green,58830.0,4.0,"$14,900"
Toyota,White,105302.0,3.0,"$10,300"
Toyota,White,8300.0,4.0,"$6,700"
Toyota,White,23247.0,4.0,"$12,200"
Toyota,Red,127970.0,5.0,"$2,500"
Toyota,Red,180828.0,3.0,"$5,800"
Toyota,Red,168735.0,4.0,"$3,900"
Honda,Silver,116185.0,4.0,"$8,600"
Toyota,Black,140519.0,4.0,"$7,600"
Toyota,White,122607.0,3.0,
Toyota,Red,64138.0,4.0,"$12,400"
Nissan,White,6279.0,4.0,"$13,600"
Toyota,Black,199642.0,5.0,"$2,500"
Toyota,Blue,93248.0,5.0,"$13,900"
Toyota,Green,99633.0,5.0,"$10,600"
Honda,White,73232.0,4.0,"$9,100"
Nissan,White,107145.0,4.0,"$7,200"
Toyota,Green,36565.0,4.0,"$12,200"
Honda,Blue,167289.0,5.0,"$5,300"
Honda,Blue,32611.0,4.0,"$11,800"
Honda,Red,57698.0,4.0,"$6,900"
Honda,Red,98680.0,4.0,"$6,900"
Honda,Silver,62013.0,4.0,"$11,400"
Honda,Black,18407.0,4.0,
Toyota,Blue,132885.0,3.0,"$2,500"
Nissan,Black,57306.0,4.0,"$4,900"
Honda,Black,,4.0,"$12,100"
Toyota,White,103841.0,4.0,"$17,600"
Honda,Blue,144171.0,4.0,"$4,200"
Honda,Red,34541.0,4.0,"$20,100"
Honda,Black,143003.0,4.0,"$9,000"
Toyota,Blue,101892.0,4.0,"$10,800"
Honda,Silver,20860.0,4.0,"$13,300"
Honda,Red,95419.0,4.0,"$6,500"
Toyota,White,69996.0,4.0,"$16,400"
Toyota,White,91490.0,4.0,"$17,100"
Honda,Silver,8447.0,5.0,"$12,600"
Honda,Red,17730.0,4.0,"$9,200"
Toyota,White,54933.0,4.0,"$13,200"
Honda,White,104807.0,4.0,"$6,800"
Toyota,Green,3000.0,5.0,"$19,400"
Toyota,Black,83140.0,4.0,"$7,500"
BMW,Black,76547.0,4.0,
Nissan,Red,93930.0,5.0,"$8,600"
Honda,Blue,36558.0,4.0,"$14,300"
Honda,Black,44150.0,4.0,"$10,100"
Toyota,White,131737.0,4.0,"$12,500"
Nissan,,200803.0,4.0,"$5,600"
BMW,Black,51388.0,4.0,"$16,100"
Toyota,Green,171062.0,3.0,"$9,500"
Nissan,Black,74369.0,4.0,"$11,200"
Toyota,Red,,5.0,"$16,400"
Honda,Silver,67286.0,4.0,"$16,600"
Toyota,Blue,138878.0,5.0,"$14,700"
Nissan,Red,86027.0,4.0,"$9,000"
Nissan,Black,57720.0,5.0,"$12,500"
Honda,White,135153.0,5.0,"$15,300"
BMW,Silver,85245.0,3.0,"$28,200"
Toyota,Green,73516.0,5.0,"$13,100"
Honda,Red,73765.0,5.0,"$11,200"
Toyota,Red,107074.0,4.0,"$8,500"
Toyota,Red,101273.0,4.0,"$8,700"
Toyota,Black,78253.0,5.0,"$15,500"
Honda,Black,100419.0,4.0,"$10,300"
Nissan,White,30390.0,4.0,"$11,800"
Nissan,Red,141703.0,,"$5,000"
Toyota,Red,206421.0,4.0,"$2,500"
BMW,Silver,97943.0,3.0,"$27,500"
Honda,Silver,117995.0,4.0,"$8,800"
Toyota,Blue,126635.0,4.0,"$11,600"
Honda,Blue,57157.0,4.0,"$12,000"
Honda,Blue,83200.0,4.0,"$6,600"
Nissan,Black,152161.0,4.0,"$3,700"
Honda,Black,20102.0,5.0,"$12,100"
Toyota,Red,56457.0,3.0,"$14,400"
Honda,White,99353.0,4.0,"$13,300"
Toyota,Green,63339.0,5.0,"$14,600"
Nissan,White,260000.0,4.0,"$2,500"
Nissan,Silver,160252.0,4.0,"$6,400"
Toyota,Black,24052.0,4.0,"$15,700"
Toyota,Green,113935.0,4.0,"$7,900"
Toyota,Blue,52030.0,4.0,"$14,500"
Honda,Red,45324.0,5.0,"$18,600"
Honda,Red,97480.0,4.0,"$5,400"
Honda,Red,67328.0,4.0,"$9,700"
Honda,Black,207794.0,4.0,"$2,500"
Toyota,Green,91956.0,3.0,"$7,200"
BMW,Silver,85968.0,5.0,"$21,600"
,Blue,38769.0,4.0,"$12,300"
Honda,Black,77629.0,4.0,"$8,600"
Toyota,White,69981.0,4.0,"$15,300"
Nissan,White,94094.0,4.0,"$4,700"
BMW,Silver,45591.0,5.0,"$27,300"
Toyota,White,28513.0,4.0,"$18,700"
Nissan,Blue,160584.0,4.0,"$8,200"
Honda,Black,110822.0,4.0,"$2,500"
Toyota,Green,177837.0,5.0,"$3,700"
Honda,Silver,54455.0,4.0,"$11,800"
Honda,Blue,158155.0,4.0,"$9,500"
Nissan,Black,162751.0,5.0,"$4,500"
Toyota,Blue,80964.0,3.0,"$11,200"
Toyota,Blue,91236.0,5.0,"$14,000"
Honda,Silver,131845.0,4.0,"$9,400"
Toyota,Black,3000.0,5.0,"$16,000"
Nissan,Red,105904.0,4.0,"$7,400"
BMW,Grey,33318.0,5.0,"$18,800"
Toyota,,122083.0,3.0,"$7,000"
Honda,Blue,,4.0,"$6,100"
Nissan,White,191290.0,4.0,"$5,700"
Honda,White,106247.0,4.0,"$8,200"
Toyota,Blue,142325.0,4.0,"$9,300"
Toyota,White,110406.0,4.0,"$12,900"
Nissan,White,191886.0,4.0,"$2,500"
Honda,Red,41581.0,5.0,"$10,100"
Honda,White,19883.0,4.0,"$12,700"
Honda,White,120805.0,4.0,"$8,100"
Nissan,Black,82089.0,5.0,"$12,100"
Toyota,White,105308.0,4.0,"$10,900"
Nissan,White,176637.0,4.0,"$3,500"
Nissan,Black,227371.0,4.0,"$2,500"
Nissan,Red,223885.0,4.0,"$2,500"
Honda,Blue,116839.0,4.0,"$6,300"
Honda,,145739.0,4.0,"$5,500"
Toyota,Red,,5.0,"$8,000"
Toyota,Blue,146735.0,4.0,"$5,800"
Honda,Black,172803.0,4.0,"$2,900"
Toyota,Black,28027.0,4.0,"$16,700"
Honda,Blue,63601.0,4.0,"$10,700"
Nissan,Black,93954.0,4.0,"$4,500"
BMW,Grey,61766.0,,"$33,600"
Nissan,Black,168175.0,4.0,"$5,000"
Honda,White,145388.0,4.0,"$3,800"
Nissan,Red,93774.0,4.0,"$8,600"
Honda,Black,85740.0,4.0,"$9,200"
Toyota,Blue,35566.0,4.0,"$6,400"
Nissan,Red,157800.0,5.0,"$5,900"
Honda,Red,135295.0,4.0,"$6,000"
Toyota,Green,60935.0,4.0,"$11,300"
Toyota,White,142418.0,4.0,"$7,400"
Nissan,Silver,156899.0,5.0,"$2,900"
Nissan,Silver,102958.0,4.0,"$7,100"
Nissan,Black,180677.0,4.0,"$4,300"
Honda,,175811.0,4.0,"$2,500"
Honda,Blue,98236.0,4.0,"$9,700"
Nissan,Black,146725.0,4.0,"$3,300"
Honda,White,172853.0,4.0,"$5,700"
Toyota,Green,41472.0,4.0,"$12,100"
BMW,White,51847.0,5.0,"$44,700"
Nissan,Black,170796.0,4.0,"$4,400"
Honda,Silver,86627.0,4.0,"$12,600"
Honda,White,139945.0,4.0,"$2,500"
BMW,Silver,92005.0,4.0,"$24,200"
Toyota,Black,29820.0,4.0,"$16,400"
Nissan,Blue,237786.0,4.0,"$2,500"
Honda,Blue,144820.0,4.0,"$12,400"
Toyota,Blue,54826.0,3.0,"$5,300"
Nissan,Silver,148784.0,4.0,"$4,500"
Honda,Red,26039.0,4.0,"$12,200"
Toyota,Red,135832.0,4.0,"$7,800"
Nissan,White,67937.0,4.0,"$8,300"
Toyota,White,96987.0,4.0,"$4,100"
BMW,Grey,59003.0,,"$16,700"
Toyota,Black,132269.0,4.0,"$3,800"
Toyota,White,150659.0,3.0,"$5,500"
BMW,White,42195.0,4.0,"$28,200"
Toyota,Blue,52966.0,3.0,"$12,300"
Toyota,Black,59930.0,4.0,"$10,400"
Toyota,Blue,119078.0,4.0,"$5,500"
Honda,Silver,31311.0,4.0,"$13,100"
Honda,Silver,90708.0,5.0,"$10,800"
Toyota,White,115037.0,3.0,"$8,700"
Honda,Blue,121188.0,4.0,"$8,300"
Nissan,Black,3000.0,4.0,"$7,600"
Honda,Blue,184541.0,5.0,"$5,800"
Toyota,Red,147412.0,4.0,"$6,600"
Nissan,White,108751.0,4.0,"$5,800"
Nissan,White,250091.0,4.0,
Honda,Red,66326.0,4.0,
Nissan,Red,222529.0,4.0,"$2,500"
Toyota,Green,136699.0,4.0,"$10,400"
Honda,Silver,69784.0,4.0,"$12,600"
Nissan,White,78168.0,4.0,"$5,900"
Toyota,Green,158552.0,5.0,"$6,800"
Toyota,White,124962.0,3.0,"$9,300"
Toyota,White,131172.0,4.0,"$3,700"
Honda,White,63906.0,5.0,"$10,500"
Nissan,Silver,65437.0,,
Honda,Blue,148970.0,4.0,"$10,800"
Honda,White,75718.0,5.0,"$11,800"
Honda,Blue,113390.0,4.0,"$10,300"
Nissan,White,62824.0,5.0,"$14,600"
Toyota,Red,146179.0,3.0,"$9,900"
Honda,Black,149766.0,4.0,"$8,600"
Honda,White,42688.0,4.0,"$11,400"
Toyota,Blue,12145.0,4.0,"$15,500"
Honda,White,83877.0,4.0,"$9,700"
Toyota,Black,160608.0,3.0,"$5,100"
Toyota,Red,84889.0,4.0,"$10,700"
Toyota,Green,3000.0,3.0,"$12,200"
Honda,Silver,3000.0,5.0,"$12,700"
Toyota,White,142469.0,4.0,"$9,500"
Nissan,Blue,78690.0,5.0,"$9,200"
Toyota,Blue,42100.0,4.0,"$12,800"
Toyota,Blue,250376.0,5.0,"$9,600"
Nissan,White,114946.0,4.0,"$7,100"
BMW,Grey,23858.0,4.0,"$21,900"
,Black,116833.0,3.0,"$6,900"
Toyota,Black,145015.0,5.0,"$13,900"
Toyota,Green,115296.0,4.0,"$9,000"
Toyota,Black,10599.0,4.0,"$16,900"
Nissan,Red,47954.0,5.0,"$9,300"
Toyota,Blue,147897.0,3.0,"$10,200"
,Red,73741.0,3.0,"$9,000"
Toyota,Blue,61635.0,4.0,"$8,000"
Toyota,White,64990.0,4.0,"$6,600"
Toyota,White,133519.0,4.0,"$9,800"
Honda,Black,118905.0,5.0,"$6,200"
Toyota,Red,35856.0,4.0,"$13,100"
Honda,Blue,95076.0,5.0,"$9,500"
Honda,Red,78104.0,4.0,"$15,100"
Toyota,Black,120153.0,4.0,"$15,700"
BMW,Grey,,3.0,"$32,900"
Toyota,Green,42127.0,5.0,"$14,700"
Nissan,White,87821.0,5.0,"$4,300"
Nissan,Black,195776.0,4.0,"$2,500"
Toyota,Red,43134.0,3.0,"$10,400"
Nissan,White,67411.0,4.0,"$7,100"
Honda,Silver,,4.0,"$15,200"
Honda,Blue,60016.0,4.0,"$15,900"
Honda,Red,132744.0,4.0,"$8,600"
Toyota,Blue,136902.0,4.0,"$8,400"
Toyota,Blue,164874.0,3.0,"$7,900"
Honda,Black,12096.0,4.0,"$14,300"
Toyota,Green,138766.0,5.0,"$7,400"
Toyota,Red,104565.0,5.0,"$8,500"
Honda,Red,25873.0,4.0,"$7,800"
Nissan,Red,25924.0,4.0,"$12,500"
Nissan,Blue,3000.0,5.0,"$10,900"
Toyota,Green,58186.0,3.0,"$9,600"
Toyota,Blue,3000.0,4.0,"$15,900"
Nissan,White,40702.0,5.0,"$13,800"
Nissan,Red,77181.0,5.0,"$8,800"
Toyota,Green,98196.0,4.0,"$10,300"
Nissan,Silver,114072.0,4.0,"$5,700"
Honda,Blue,108466.0,4.0,"$10,100"
Toyota,Blue,58212.0,5.0,"$14,100"
Toyota,Black,159969.0,5.0,"$10,400"
Toyota,Black,146483.0,4.0,"$8,700"
Toyota,Blue,49320.0,5.0,
Toyota,White,114634.0,3.0,"$11,500"
Nissan,Silver,260000.0,4.0,"$2,500"
Honda,Blue,35819.0,5.0,"$10,500"
Honda,White,201368.0,5.0,"$4,400"
Nissan,White,114660.0,4.0,"$4,200"
Honda,Red,167124.0,5.0,"$8,000"
Nissan,Blue,68622.0,4.0,"$6,200"
Toyota,Red,113974.0,4.0,"$9,400"
Nissan,Black,158598.0,,"$6,300"
Toyota,Black,84247.0,4.0,"$9,300"
Toyota,Green,89683.0,5.0,"$8,800"
Nissan,White,104709.0,4.0,"$7,200"
Toyota,Green,51307.0,4.0,
BMW,Grey,49442.0,3.0,"$19,600"
Toyota,White,79716.0,5.0,"$12,500"
BMW,Blue,68487.0,4.0,"$27,800"
Honda,Blue,135120.0,5.0,"$12,000"
Nissan,Blue,127987.0,4.0,"$3,300"
BMW,Black,53697.0,4.0,"$19,400"
Toyota,Green,186236.0,4.0,"$11,700"
Nissan,White,148417.0,4.0,"$7,400"
Nissan,Red,126052.0,4.0,"$7,000"
,White,14932.0,4.0,"$13,900"
Honda,White,49704.0,4.0,"$12,300"
Toyota,Green,94900.0,3.0,"$15,000"
Honda,Silver,135998.0,4.0,"$8,300"
Nissan,Blue,97051.0,4.0,"$11,800"
Honda,Black,90562.0,5.0,"$11,400"
Nissan,Black,114365.0,4.0,"$5,900"
Toyota,Red,99898.0,3.0,"$2,800"
Toyota,Black,17519.0,4.0,"$15,300"
Honda,Blue,167273.0,5.0,"$7,600"
Nissan,Silver,71659.0,5.0,"$5,700"
Honda,Blue,129657.0,4.0,"$6,000"
Toyota,Blue,131448.0,4.0,"$9,800"
Nissan,Red,138784.0,4.0,"$5,500"
Toyota,Red,117949.0,4.0,
BMW,Grey,38317.0,4.0,"$20,200"
Nissan,Blue,3000.0,4.0,"$11,400"
Toyota,Green,177007.0,4.0,"$8,100"
Honda,Blue,102930.0,5.0,"$7,400"
Honda,White,139872.0,4.0,"$6,900"
Nissan,Red,200196.0,4.0,"$2,500"
Toyota,White,59001.0,5.0,"$10,000"
Nissan,Black,29001.0,4.0,"$8,500"
Toyota,White,103367.0,3.0,
Honda,Blue,3000.0,5.0,"$17,500"
Toyota,Green,10427.0,5.0,"$16,200"
Toyota,White,99623.0,5.0,"$17,600"
Toyota,Green,149841.0,4.0,"$5,400"
Toyota,White,61492.0,4.0,"$16,700"
Nissan,Black,29351.0,4.0,"$11,400"
Honda,Black,85706.0,4.0,"$8,900"
Honda,Red,,5.0,"$9,800"
Toyota,Green,121784.0,4.0,"$8,800"
Honda,Silver,112048.0,4.0,"$8,900"
Honda,White,60347.0,4.0,"$11,000"
Honda,Black,57709.0,4.0,"$8,900"
Nissan,Silver,93175.0,4.0,"$7,500"
Honda,Blue,93690.0,4.0,"$12,100"
Toyota,Red,72079.0,4.0,"$11,900"
Nissan,Black,118609.0,4.0,"$5,100"
Toyota,White,101834.0,4.0,"$13,200"
Toyota,White,107698.0,5.0,"$11,200"
Toyota,Black,61322.0,5.0,"$19,100"
Toyota,Green,64285.0,3.0,"$4,800"
Toyota,Black,,4.0,"$7,900"
BMW,White,52272.0,4.0,"$22,300"
Toyota,Blue,195329.0,4.0,"$6,700"
Toyota,Red,126587.0,4.0,"$9,200"
Toyota,Green,112042.0,4.0,"$13,300"
Honda,White,79958.0,4.0,"$5,700"
Honda,Black,133666.0,5.0,"$9,900"
Toyota,White,103614.0,5.0,"$12,100"
Honda,Black,74204.0,4.0,"$10,600"
Toyota,Green,91151.0,3.0,"$7,000"
Nissan,White,178593.0,5.0,"$2,500"
Honda,Red,205322.0,5.0,"$7,300"
Toyota,Red,5545.0,5.0,"$14,400"
Toyota,Red,89235.0,4.0,"$11,700"
,Black,23446.0,4.0,"$27,600"
,Blue,86186.0,4.0,"$7,500"
Honda,Silver,49915.0,5.0,"$15,000"
BMW,White,3000.0,3.0,"$30,400"
Honda,White,130280.0,4.0,"$7,000"
Honda,Silver,94513.0,5.0,"$13,600"
Toyota,Blue,61347.0,5.0,"$10,600"
BMW,Blue,44189.0,4.0,"$33,700"
Toyota,Black,165199.0,4.0,"$2,800"
Toyota,Red,150324.0,4.0,"$10,200"
BMW,White,130250.0,4.0,"$24,700"
Honda,Silver,89875.0,4.0,"$13,100"
Nissan,Black,151138.0,4.0,"$11,000"
Honda,Red,138017.0,4.0,"$7,600"
Honda,White,35642.0,5.0,
Toyota,Red,23330.0,5.0,"$13,600"
Honda,Silver,136451.0,5.0,"$8,100"
Honda,Black,141042.0,4.0,"$8,400"
Honda,Blue,72651.0,4.0,"$10,600"
Toyota,Blue,122549.0,4.0,"$9,400"
Honda,Black,99232.0,5.0,"$7,700"
Toyota,Blue,75485.0,4.0,"$18,400"
Nissan,Red,180794.0,5.0,"$2,500"
Toyota,Blue,3000.0,4.0,"$14,900"
Honda,Red,134886.0,4.0,"$5,800"
Honda,Red,141039.0,4.0,"$7,200"
Honda,Black,84173.0,5.0,"$13,000"
Honda,Silver,66469.0,4.0,"$9,900"
Nissan,,149529.0,4.0,"$4,800"
Toyota,Black,197256.0,4.0,"$7,900"
Honda,White,122183.0,5.0,"$8,600"
Toyota,Black,143487.0,4.0,"$7,200"
Honda,White,105554.0,5.0,"$6,800"
Nissan,Silver,170208.0,5.0,
Honda,Silver,187160.0,4.0,"$12,200"
Nissan,Silver,154745.0,4.0,"$5,100"
Nissan,Silver,59020.0,4.0,"$11,700"
Honda,Silver,102093.0,4.0,"$10,700"
Toyota,Red,187948.0,4.0,"$3,200"
BMW,White,26179.0,5.0,"$26,200"
Toyota,Blue,140702.0,4.0,"$9,900"
Honda,Silver,49006.0,4.0,"$13,800"
Nissan,Blue,44732.0,4.0,"$7,800"
Toyota,Blue,91996.0,4.0,"$8,700"
Honda,Black,134713.0,4.0,"$8,500"
Toyota,Green,189809.0,4.0,"$4,400"
Toyota,Black,91645.0,5.0,"$15,300"
Nissan,Blue,106908.0,4.0,"$10,900"
Toyota,Red,126123.0,5.0,"$2,500"
Toyota,Green,159233.0,5.0,"$10,200"
Nissan,White,165274.0,4.0,"$2,500"
Toyota,White,63524.0,4.0,"$9,900"
Toyota,Red,54261.0,4.0,"$17,700"
Honda,Red,91435.0,4.0,"$9,200"
Nissan,Black,142912.0,4.0,"$7,100"
Nissan,White,3000.0,4.0,"$10,300"
Honda,Red,24186.0,4.0,"$13,700"
BMW,Silver,52866.0,4.0,"$26,000"
Toyota,Red,3000.0,4.0,"$13,500"
Toyota,Green,155986.0,3.0,"$10,400"
Nissan,Black,152256.0,5.0,"$2,500"
Nissan,Blue,182526.0,5.0,"$6,100"
Honda,Silver,86374.0,4.0,"$3,700"
Toyota,Red,147586.0,4.0,"$5,800"
Honda,Silver,108615.0,4.0,"$9,000"
Toyota,Red,177996.0,4.0,"$5,900"
BMW,White,64365.0,5.0,"$36,200"
Honda,Blue,60405.0,4.0,"$13,400"
Toyota,White,87671.0,4.0,"$7,500"
Honda,Red,,4.0,"$11,400"
Nissan,Blue,187807.0,4.0,"$7,100"
Toyota,Blue,82672.0,4.0,"$7,700"
Nissan,Silver,94150.0,4.0,"$4,700"
Nissan,Black,99826.0,4.0,"$6,700"
Honda,Black,126919.0,4.0,"$2,500"
Toyota,White,59852.0,4.0,"$9,700"
Toyota,White,159730.0,4.0,"$3,700"
Nissan,Red,124692.0,4.0,"$5,800"
Nissan,Blue,170410.0,5.0,"$6,300"
Toyota,Green,104304.0,4.0,"$7,400"
Toyota,Black,3000.0,5.0,"$16,300"
Toyota,White,125585.0,3.0,"$3,000"
Toyota,White,33847.0,3.0,"$13,100"
BMW,Black,79243.0,5.0,"$19,000"
Toyota,Blue,68148.0,4.0,"$5,700"
Nissan,Black,189126.0,4.0,"$2,500"
Toyota,Blue,126197.0,5.0,"$9,400"
Honda,Black,153900.0,5.0,"$5,100"
BMW,White,67572.0,5.0,"$14,800"
Toyota,Green,3000.0,5.0,"$16,600"
Toyota,Green,5178.0,5.0,"$13,800"
BMW,White,107474.0,4.0,"$28,100"
BMW,White,37087.0,5.0,"$16,900"
Honda,Silver,116455.0,4.0,"$12,400"
Toyota,Red,63563.0,5.0,"$9,800"
Nissan,Red,82605.0,5.0,"$10,300"
Toyota,Blue,161882.0,4.0,"$3,200"
Honda,White,20082.0,4.0,"$19,900"
Nissan,Blue,102069.0,4.0,"$7,900"
Honda,Blue,58787.0,4.0,"$12,500"
Toyota,White,147923.0,5.0,"$9,500"
BMW,Black,138116.0,5.0,"$20,600"
Toyota,White,84330.0,5.0,"$12,300"
Toyota,Black,122178.0,3.0,"$9,100"
Toyota,Green,31210.0,4.0,"$13,600"
Toyota,Blue,78542.0,5.0,"$9,900"
Nissan,Red,113818.0,4.0,"$4,100"
Honda,Blue,37501.0,4.0,"$4,100"
BMW,White,138383.0,5.0,"$26,100"
Honda,White,86395.0,4.0,"$7,700"
Toyota,Black,3000.0,4.0,"$12,500"
BMW,Blue,,4.0,"$29,900"
Toyota,Red,131399.0,4.0,"$9,000"
Honda,Red,154585.0,4.0,"$5,400"
Honda,Red,144089.0,4.0,"$5,700"
Nissan,White,62656.0,4.0,"$6,500"
Honda,Blue,40904.0,4.0,"$13,800"
Toyota,White,59377.0,5.0,"$9,400"
BMW,Black,94976.0,4.0,"$26,200"
Toyota,Green,148054.0,4.0,"$8,800"
Toyota,Blue,58838.0,4.0,"$12,200"
Honda,Black,98006.0,4.0,"$6,600"
Nissan,Black,50141.0,4.0,"$8,200"
Honda,White,189755.0,5.0,"$4,300"
Toyota,Red,162109.0,4.0,"$5,500"
Toyota,Red,144219.0,4.0,"$10,800"
Toyota,Black,147534.0,4.0,"$9,300"
Toyota,White,169623.0,3.0,"$7,100"
Nissan,Silver,,4.0,"$2,500"
